"Year","Group","Type","Stdev","SE","Value","Scale","CV","Species","Loc","n","Source"
1990,"arrowtooth_flounder_adult",NA,214507.867818859,NA,1577606.44098605,234769.252,0.135970456411667,"","","","race_wgoa"
1990,"arrowtooth_flounder_juvenile",NA,76.1995721263659,NA,564.803991964918,234769.252,0.134913303040356,"","","","race_wgoa"
1990,"atka_mackerel",NA,29770.1230609922,NA,30255.6385024149,234769.252,0.983952893891697,"","","","race_wgoa"
1990,"big_skate",NA,3284.06775942143,NA,10815.2983507195,234769.252,0.303650223315657,"","","","race_wgoa"
1990,"deep_water_flatfish",NA,12077.5849607823,NA,72757.8146320493,234769.252,0.165997082538296,"","","","race_wgoa"
1990,"demersal_shelf_rockfish",NA,320.663113767957,NA,758.937375420729,234769.252,0.422515907310787,"","","","race_wgoa"
1990,"flathead_sole_adult",NA,26386.4752523804,NA,200085.33181794,234769.252,0.131876110120804,"","","","race_wgoa"
1990,"flathead_sole_juvenile",NA,199.47366392506,NA,874.1297715954,234769.252,0.228196854067783,"","","","race_wgoa"
1990,"gelatinous_carnivores",NA,5851.226388429,NA,49177.7236027152,234769.252,0.118981237027123,"","","","race_wgoa"
1990,"infauna",NA,204.959929286229,NA,604.736957717165,234769.252,0.338924100256642,"","","","race_wgoa"
1990,"king_crab",NA,507.885819052969,NA,686.797069563571,234769.252,0.739499106156217,"","","","race_wgoa"
1990,"large_sculpins",NA,4745.24682053293,NA,25470.0919642395,234769.252,0.18630662296765,"","","","race_wgoa"
1990,"lingcod",NA,379.140442137377,NA,843.486657385587,234769.252,0.44949192594526,"","","","race_wgoa"
1990,"longnose_skate",NA,2615.46793681121,NA,9752.92321519591,234769.252,0.268172718999375,"","","","race_wgoa"
1990,"miscellaneous_deep_sea_fish",NA,77.0421136520601,NA,126.465946994109,234769.252,0.609192557231624,"","","","race_wgoa"
1990,"motile_epifauna",NA,4519.70238126139,NA,15149.4386465675,234769.252,0.29834124462991,"","","","race_wgoa"
1990,"nonpandalid_shrimp",NA,117.06738546635,NA,246.869347341956,234769.252,0.474207862283492,"","","","race_wgoa"
1990,"octopus",NA,392.11246722295,NA,976.780220464715,234769.252,0.401433668503646,"","","","race_wgoa"
1990,"other_gelatinous_zooplankton",NA,511.100513504072,NA,541.549235780745,234769.252,0.943774784885856,"","","","race_wgoa"
1990,"other_skates",NA,3406.57165796907,NA,13311.8592715181,234769.252,0.25590502336948,"","","","race_wgoa"
1990,"pacific_capelin",NA,50.6687682289292,NA,136.127265585259,234769.252,0.372216161186271,"","","","race_wgoa"
1990,"pacific_cod_adult",NA,67600.3775761179,NA,348045.893123543,234769.252,0.194228344341136,"","","","race_wgoa"
1990,"pacific_cod_juvenile",NA,694.466045539793,NA,2426.48818398108,234769.252,0.286202113047343,"","","","race_wgoa"
1990,"pacific_dogfish",NA,7132.49271260428,NA,15696.2471651609,234769.252,0.454407517768668,"","","","race_wgoa"
1990,"pacific_halibut_adult",NA,27380.9907583974,NA,301271.747693356,234769.252,0.090884694525909,"","","","race_wgoa"
1990,"pacific_halibut_juvenile",NA,199.409234725478,NA,550.900565324503,234769.252,0.361969559076452,"","","","race_wgoa"
1990,"pacific_herring_adult",NA,6804.7832777497,NA,9529.910415876,234769.252,0.714044831566677,"","","","race_wgoa"
1990,"pacific_ocean_perch_adult",NA,15045.1822330654,NA,50397.5889293464,234769.252,0.298529801775985,"","","","race_wgoa"
1990,"pacific_ocean_perch_juvenile",NA,99.0993673694533,NA,302.285172807035,234769.252,0.327834033172093,"","","","race_wgoa"
1990,"pacific_sandlance",NA,43.8430581368268,NA,62.4722467838818,234769.252,0.701800565753601,"","","","race_wgoa"
1990,"pacific_sleeper_shark",NA,1075.33502921372,NA,1478.47595817656,234769.252,0.727326692914206,"","","","race_wgoa"
1990,"pandalid_shrimp",NA,1156.12235290822,NA,7657.53435584661,234769.252,0.150978408869365,"","","","race_wgoa"
1990,"pelagic_shelf_rockfish",NA,7878.48357730362,NA,20195.9932249412,234769.252,0.39010131809581,"","","","race_wgoa"
1990,"rex_sole_adult",NA,9544.51762782512,NA,71865.3914612628,234769.252,0.132811043448777,"","","","race_wgoa"
1990,"rex_sole_juvenile",NA,3.09628810613097,NA,10.9154297160614,234769.252,0.283661586091748,"","","","race_wgoa"
1990,"sablefish_adult",NA,33865.6223444069,NA,164712.139650616,234769.252,0.205604896009741,"","","","race_wgoa"
1990,"sablefish_juvenile",NA,4.21221828430908,NA,4.21221828430908,234769.252,1,"","","","race_wgoa"
1990,"salmon_returning",NA,413.994778960133,NA,1400.50131257153,234769.252,0.295604706146242,"","","","race_wgoa"
1990,"salmon_shark",NA,3394.21911892382,NA,9811.93731780798,234769.252,0.345927517572248,"","","","race_wgoa"
1990,"sessile_epifauna",NA,27984.7095723362,NA,50040.0036560006,234769.252,0.559246753152073,"","","","race_wgoa"
1990,"shallow_water_flatfish",NA,35472.6561190283,NA,240893.0496884,234769.252,0.147254792800842,"","","","race_wgoa"
1990,"shelf_demersal_fish",NA,1334.1271017732,NA,13288.3171328223,234769.252,0.10039849955702,"","","","race_wgoa"
1990,"shelf_forage_fish",NA,3539.31827736834,NA,20022.5491942389,234769.252,0.17676661662975,"","","","race_wgoa"
1990,"slope_demersal_fish",NA,12538.7421438923,NA,21005.5206912531,234769.252,0.59692603331245,"","","","race_wgoa"
1990,"slope_forage_fish",NA,7.41347103488832,NA,17.2943474197662,234769.252,0.428664398543032,"","","","race_wgoa"
1990,"slope_rockfish",NA,50877.9193705024,NA,166165.809541489,234769.252,0.306187653831392,"","","","race_wgoa"
1990,"squid",NA,667.923789834334,NA,3084.12396295681,234769.252,0.216568399278601,"","","","race_wgoa"
1990,"tanner_crab",NA,249.364125721794,NA,1486.74598478889,234769.252,0.167724768234166,"","","","race_wgoa"
1990,"thornyheads",NA,1629.97397508991,NA,7619.87798722405,234769.252,0.213910770989093,"","","","race_wgoa"
1990,"walleye_pollock_adult",NA,81566.2275898238,NA,682587.945747538,234769.252,0.119495558188471,"","","","race_wgoa"
1990,"walleye_pollock_juvenile",NA,13014.3008107881,NA,25502.2098574456,234769.252,0.510320512753071,"","","","race_wgoa"
1993,"arrowtooth_flounder_adult",NA,97146.9153541356,NA,1312300.14402057,234769.252,0.0740279697421206,"","","","race_wgoa"
1993,"arrowtooth_flounder_juvenile",NA,168.277923637358,NA,1308.43204918133,234769.252,0.128610365163897,"","","","race_wgoa"
1993,"atka_mackerel",NA,13332.6121829679,NA,21751.8689491406,234769.252,0.612940994364286,"","","","race_wgoa"
1993,"big_skate",NA,4070.52153018304,NA,23896.9862564368,234769.252,0.170336187438138,"","","","race_wgoa"
1993,"deep_water_flatfish",NA,3556.79035051799,NA,45893.7924775414,234769.252,0.0775004670241305,"","","","race_wgoa"
1993,"demersal_shelf_rockfish",NA,803.680663614094,NA,1750.72265763021,234769.252,0.459056527378221,"","","","race_wgoa"
1993,"flathead_sole_adult",NA,23144.5129607685,NA,165510.918146586,234769.252,0.139836774636645,"","","","race_wgoa"
1993,"flathead_sole_juvenile",NA,200.086974003083,NA,1301.61633022398,234769.252,0.15372192969387,"","","","race_wgoa"
1993,"gelatinous_carnivores",NA,728.081505378481,NA,6464.08448070395,234769.252,0.112634899428046,"","","","race_wgoa"
1993,"infauna",NA,1921.98404649819,NA,2875.55661810737,234769.252,0.668386786194876,"","","","race_wgoa"
1993,"king_crab",NA,350.222200012617,NA,505.451986529539,234769.252,0.692889155342454,"","","","race_wgoa"
1993,"large_sculpins",NA,3239.62066619127,NA,23477.86681059,234769.252,0.137986159148411,"","","","race_wgoa"
1993,"lingcod",NA,810.621879275112,NA,2763.01555140091,234769.252,0.29338303176184,"","","","race_wgoa"
1993,"longnose_skate",NA,2071.3795642208,NA,14263.5745131689,234769.252,0.145221631668022,"","","","race_wgoa"
1993,"miscellaneous_deep_sea_fish",NA,13.3456216537735,NA,14.5832371886008,234769.252,0.915134375254163,"","","","race_wgoa"
1993,"motile_epifauna",NA,2397.94694030774,NA,16748.1330330908,234769.252,0.143176969968527,"","","","race_wgoa"
1993,"nonpandalid_shrimp",NA,3.64898290591253,NA,18.1494896234263,234769.252,0.201051543686531,"","","","race_wgoa"
1993,"octopus",NA,401.958390949391,NA,1154.39541353048,234769.252,0.348198187759673,"","","","race_wgoa"
1993,"other_gelatinous_zooplankton",NA,9.42554256935431,NA,19.3592508384183,234769.252,0.486875377979473,"","","","race_wgoa"
1993,"other_skates",NA,781.91921688074,NA,4724.5116458209,234769.252,0.165502654136199,"","","","race_wgoa"
1993,"pacific_capelin",NA,10.6308835318298,NA,46.596891475532,234769.252,0.228145766706607,"","","","race_wgoa"
1993,"pacific_cod_adult",NA,78098.4222818287,NA,376885.706565598,234769.252,0.207220440895748,"","","","race_wgoa"
1993,"pacific_cod_juvenile",NA,1302.9891299415,NA,3916.98911539804,234769.252,0.332650689484772,"","","","race_wgoa"
1993,"pacific_dogfish",NA,1953.18813374626,NA,7732.22573650115,234769.252,0.252603609918673,"","","","race_wgoa"
1993,"pacific_halibut_adult",NA,67001.3407326563,NA,535325.694888938,234769.252,0.125159956587843,"","","","race_wgoa"
1993,"pacific_halibut_juvenile",NA,273.614958793437,NA,1022.71428541287,234769.252,0.267538023762893,"","","","race_wgoa"
1993,"pacific_herring_adult",NA,2347.60208260517,NA,3579.35028932829,234769.252,0.65587380190323,"","","","race_wgoa"
1993,"pacific_ocean_perch_adult",NA,76114.7432888391,NA,308190.069999573,234769.252,0.246973380060378,"","","","race_wgoa"
1993,"pacific_ocean_perch_juvenile",NA,218.437074975863,NA,392.666604738476,234769.252,0.556291450151068,"","","","race_wgoa"
1993,"pacific_sandlance",NA,1.08835819331806,NA,2.35732159370471,234769.252,0.461692709312361,"","","","race_wgoa"
1993,"pacific_sleeper_shark",NA,4281.56406901315,NA,7501.55886367592,234769.252,0.570756578308724,"","","","race_wgoa"
1993,"pandalid_shrimp",NA,585.426635888598,NA,5031.77695108996,234769.252,0.116345903560329,"","","","race_wgoa"
1993,"pelagic_shelf_rockfish",NA,16432.2006399167,NA,48638.124756399,234769.252,0.337846097525683,"","","","race_wgoa"
1993,"rex_sole_adult",NA,5293.69398368983,NA,63635.0107495361,234769.252,0.0831883882997288,"","","","race_wgoa"
1993,"rex_sole_juvenile",NA,5.61711630757533,NA,22.5590119325901,234769.252,0.248996557312003,"","","","race_wgoa"
1993,"sablefish_adult",NA,37405.2160614632,NA,199583.190328879,234769.252,0.187416665701284,"","","","race_wgoa"
1993,"sablefish_juvenile",NA,307.241315372862,NA,340.471808531185,234769.252,0.902398694030849,"","","","race_wgoa"
1993,"salmon_returning",NA,1262.13252851297,NA,8179.36821929723,234769.252,0.154306847995335,"","","","race_wgoa"
1993,"salmon_shark",NA,2314.06076406147,NA,5903.42636628263,234769.252,0.391986046828366,"","","","race_wgoa"
1993,"sessile_epifauna",NA,13348.182093953,NA,48461.7051644291,234769.252,0.275437730650685,"","","","race_wgoa"
1993,"shallow_water_flatfish",NA,31216.8878037983,NA,318662.245327932,234769.252,0.0979623041683943,"","","","race_wgoa"
1993,"shelf_demersal_fish",NA,2641.87047610293,NA,15680.4463766229,234769.252,0.168481841182886,"","","","race_wgoa"
1993,"shelf_forage_fish",NA,5356.48751001762,NA,27276.4622365229,234769.252,0.196377648375724,"","","","race_wgoa"
1993,"slope_demersal_fish",NA,12809.4548695471,NA,51167.6089144766,234769.252,0.250343042039688,"","","","race_wgoa"
1993,"slope_forage_fish",NA,13.3407491344784,NA,40.4208909054669,234769.252,0.33004589546724,"","","","race_wgoa"
1993,"slope_rockfish",NA,43069.1045553181,NA,184154.48545386,234769.252,0.233874860279247,"","","","race_wgoa"
1993,"squid",NA,1120.57361252965,NA,7190.68076289709,234769.252,0.155836929698181,"","","","race_wgoa"
1993,"tanner_crab",NA,2847.44273176166,NA,5196.78094961965,234769.252,0.547924332267664,"","","","race_wgoa"
1993,"thornyheads",NA,2205.61517947984,NA,16214.427356094,234769.252,0.136027941723818,"","","","race_wgoa"
1993,"walleye_pollock_adult",NA,117113.463755721,NA,699750.313749676,234769.252,0.167364646295273,"","","","race_wgoa"
1993,"walleye_pollock_juvenile",NA,2845.35995539212,NA,7308.04747419064,234769.252,0.38934612363164,"","","","race_wgoa"
1996,"arrowtooth_flounder_adult",NA,103552.277334065,NA,1303907.70759434,234769.252,0.079416876463684,"","","","race_wgoa"
1996,"arrowtooth_flounder_juvenile",NA,108.40646419501,NA,1154.38089451008,234769.252,0.0939087477197184,"","","","race_wgoa"
1996,"atka_mackerel",NA,342464.635224696,NA,345946.920481071,234769.252,0.989934047536735,"","","","race_wgoa"
1996,"big_skate",NA,7523.23204524497,NA,39673.0996941558,234769.252,0.189630558318921,"","","","race_wgoa"
1996,"deep_water_flatfish",NA,2898.52454500978,NA,38602.2738306765,234769.252,0.07508688627317,"","","","race_wgoa"
1996,"demersal_shelf_rockfish",NA,249.005180540619,NA,522.889852409573,234769.252,0.476209625015969,"","","","race_wgoa"
1996,"euphausiids",NA,0.0108015523719585,NA,0.0108015523719585,234769.252,1,"","","","race_wgoa"
1996,"flathead_sole_adult",NA,17045.5828804416,NA,176849.559495834,234769.252,0.0963846499196012,"","","","race_wgoa"
1996,"flathead_sole_juvenile",NA,211.933570755082,NA,1501.61178843934,234769.252,0.141137391426148,"","","","race_wgoa"
1996,"gelatinous_carnivores",NA,1918.24048080282,NA,10033.9062408732,234769.252,0.191175842663235,"","","","race_wgoa"
1996,"infauna",NA,207.764399572277,NA,1126.61792881668,234769.252,0.184414249283692,"","","","race_wgoa"
1996,"king_crab",NA,96.9074137783756,NA,282.652331166152,234769.252,0.342850219485401,"","","","race_wgoa"
1996,"large_sculpins",NA,9467.5480018042,NA,30645.7083824179,234769.252,0.308935524793936,"","","","race_wgoa"
1996,"lingcod",NA,11283.0171435757,NA,12834.0633489656,234769.252,0.879146131414807,"","","","race_wgoa"
1996,"longnose_skate",NA,3424.86315030756,NA,20605.8158150624,234769.252,0.166208568544229,"","","","race_wgoa"
1996,"miscellaneous_deep_sea_fish",NA,0.124842029366185,NA,0.212955369490615,234769.252,0.586235649586129,"","","","race_wgoa"
1996,"motile_epifauna",NA,5633.13456607881,NA,23841.2387488683,234769.252,0.236276924425591,"","","","race_wgoa"
1996,"nonpandalid_shrimp",NA,17.8223027324181,NA,49.2706060334291,234769.252,0.361722823549725,"","","","race_wgoa"
1996,"octopus",NA,892.225272072569,NA,1943.7326172246,234769.252,0.459026753045156,"","","","race_wgoa"
1996,"other_gelatinous_zooplankton",NA,24.2860272037959,NA,42.0489667460613,234769.252,0.577565373971306,"","","","race_wgoa"
1996,"other_skates",NA,1827.15595733314,NA,10435.6829534195,234769.252,0.175087338843925,"","","","race_wgoa"
1996,"pacific_capelin",NA,475.724714541722,NA,723.405047455527,234769.252,0.657618738236643,"","","","race_wgoa"
1996,"pacific_cod_adult",NA,104738.558385744,NA,500808.45601202,234769.252,0.20913895747645,"","","","race_wgoa"
1996,"pacific_cod_juvenile",NA,6677.53363607326,NA,11407.0122251943,234769.252,0.585388487734309,"","","","race_wgoa"
1996,"pacific_dogfish",NA,903.711156723382,NA,3437.00412136518,234769.252,0.262935720997747,"","","","race_wgoa"
1996,"pacific_halibut_adult",NA,91703.5472211233,NA,533060.653286347,234769.252,0.172032106770151,"","","","race_wgoa"
1996,"pacific_halibut_juvenile",NA,363.32257010249,NA,1016.52334450098,234769.252,0.35741684838615,"","","","race_wgoa"
1996,"pacific_herring_adult",NA,20.7429944955739,NA,38.4237993681079,234769.252,0.539847564184159,"","","","race_wgoa"
1996,"pacific_ocean_perch_adult",NA,190835.523137422,NA,544313.479431982,234769.252,0.350598561947369,"","","","race_wgoa"
1996,"pacific_ocean_perch_juvenile",NA,493.045309635229,NA,834.029863930846,234769.252,0.591160258112905,"","","","race_wgoa"
1996,"pacific_sandlance",NA,2.59789528566521,NA,5.0601974024135,234769.252,0.513398011790236,"","","","race_wgoa"
1996,"pacific_sleeper_shark",NA,7251.42044784056,NA,18097.8470281042,234769.252,0.400678624179981,"","","","race_wgoa"
1996,"pandalid_shrimp",NA,832.509844604116,NA,6068.52277443479,234769.252,0.137184925483229,"","","","race_wgoa"
1996,"pelagic_shelf_rockfish",NA,32124.0884870696,NA,59185.6754597877,234769.252,0.542767962644873,"","","","race_wgoa"
1996,"rex_sole_adult",NA,4577.48795506335,NA,51149.6767130625,234769.252,0.0894920212446692,"","","","race_wgoa"
1996,"rex_sole_juvenile",NA,14.7026956538454,NA,55.2409229148317,234769.252,0.266155865580186,"","","","race_wgoa"
1996,"sablefish_adult",NA,21578.993125979,NA,102721.665499718,234769.252,0.210072461549393,"","","","race_wgoa"
1996,"sablefish_juvenile",NA,119.975002657409,NA,351.942894405886,234769.252,0.340893379478335,"","","","race_wgoa"
1996,"salmon_returning",NA,929.274961218306,NA,4493.44105056952,234769.252,0.206806977272023,"","","","race_wgoa"
1996,"sessile_epifauna",NA,14815.054447155,NA,76419.2833193008,234769.252,0.193865393702446,"","","","race_wgoa"
1996,"shallow_water_flatfish",NA,28976.6361477861,NA,305092.601570596,234769.252,0.0949765284330602,"","","","race_wgoa"
1996,"shelf_demersal_fish",NA,1581.66943881138,NA,11571.4294611909,234769.252,0.1366874718561,"","","","race_wgoa"
1996,"shelf_forage_fish",NA,5083.65710145786,NA,28172.2591959045,234769.252,0.180449039109966,"","","","race_wgoa"
1996,"slope_demersal_fish",NA,9978.27398633273,NA,51202.2686256061,234769.252,0.194879528860224,"","","","race_wgoa"
1996,"slope_forage_fish",NA,18.4340447308525,NA,52.5209348846007,234769.252,0.350984702982837,"","","","race_wgoa"
1996,"slope_rockfish",NA,29091.9445820936,NA,150404.132820472,234769.252,0.193425167490702,"","","","race_wgoa"
1996,"squid",NA,655.059781276387,NA,4190.55599594442,234769.252,0.15631810717011,"","","","race_wgoa"
1996,"tanner_crab",NA,305.253167889378,NA,1452.76502731918,234769.252,0.21011874745682,"","","","race_wgoa"
1996,"thornyheads",NA,2285.87548164165,NA,27073.1907122375,234769.252,0.0844331761977506,"","","","race_wgoa"
1996,"walleye_pollock_adult",NA,96162.3110581184,NA,622002.610154787,234769.252,0.154601137500352,"","","","race_wgoa"
1996,"walleye_pollock_juvenile",NA,6072.77669929701,NA,18302.0716758462,234769.252,0.331808158489043,"","","","race_wgoa"
1999,"arrowtooth_flounder_adult",NA,79800.4387252207,NA,994846.986090691,234769.252,0.0802137814567858,"","","","race_wgoa"
1999,"arrowtooth_flounder_juvenile",NA,187.209240550781,NA,2096.56790896073,234769.252,0.0892931918640214,"","","","race_wgoa"
1999,"atka_mackerel",NA,1914.92437582403,NA,4799.3500809141,234769.252,0.398996602360649,"","","","race_wgoa"
1999,"big_skate",NA,7374.13181406522,NA,45044.7964358407,234769.252,0.163706629789492,"","","","race_wgoa"
1999,"deep_water_flatfish",NA,3697.70843800422,NA,35693.8130535835,234769.252,0.103595220618577,"","","","race_wgoa"
1999,"demersal_shelf_rockfish",NA,1056.54994244151,NA,2323.33080254479,234769.252,0.454756568149593,"","","","race_wgoa"
1999,"euphausiids",NA,4.39555082029866,NA,6.58271068837857,234769.252,0.667741759949859,"","","","race_wgoa"
1999,"flathead_sole_adult",NA,21731.6129238479,NA,181818.899468026,234769.252,0.119523399313444,"","","","race_wgoa"
1999,"flathead_sole_juvenile",NA,151.472685203385,NA,920.285664057708,234769.252,0.164593116158644,"","","","race_wgoa"
1999,"gelatinous_carnivores",NA,497.175153657829,NA,2248.81925946186,234769.252,0.221082753345328,"","","","race_wgoa"
1999,"infauna",NA,346.291214653703,NA,1285.28052008078,234769.252,0.2694285093747,"","","","race_wgoa"
1999,"king_crab",NA,71.1707718748377,NA,172.745277471336,234769.252,0.411998364972074,"","","","race_wgoa"
1999,"large_sculpins",NA,3455.72999178419,NA,29778.7075154331,234769.252,0.116047010770807,"","","","race_wgoa"
1999,"lingcod",NA,2706.51047941,NA,6192.34057321123,234769.252,0.4370739056438,"","","","race_wgoa"
1999,"longnose_skate",NA,5307.07683174582,NA,31619.7246577937,234769.252,0.16784070352231,"","","","race_wgoa"
1999,"miscellaneous_deep_sea_fish",NA,14.557405499356,NA,23.8354752358983,234769.252,0.610745343035215,"","","","race_wgoa"
1999,"motile_epifauna",NA,4597.06632398149,NA,34811.0574213842,234769.252,0.132057646750987,"","","","race_wgoa"
1999,"nonpandalid_shrimp",NA,16.6062858434039,NA,46.6738707492525,234769.252,0.355794057292107,"","","","race_wgoa"
1999,"octopus",NA,270.152946321062,NA,908.050863532103,234769.252,0.297508605707648,"","","","race_wgoa"
1999,"other_gelatinous_zooplankton",NA,10.1796795528484,NA,53.9058808405019,234769.252,0.188841725506134,"","","","race_wgoa"
1999,"other_skates",NA,2120.79839900275,NA,17225.0954575929,234769.252,0.123122591931291,"","","","race_wgoa"
1999,"pacific_capelin",NA,36.7300728130835,NA,135.349502439575,234769.252,0.271372056424671,"","","","race_wgoa"
1999,"pacific_cod_adult",NA,38184.5346078549,NA,276235.737776403,234769.252,0.138231696286753,"","","","race_wgoa"
1999,"pacific_cod_juvenile",NA,852.691137650355,NA,3206.24148251679,234769.252,0.265947260148672,"","","","race_wgoa"
1999,"pacific_dogfish",NA,2158.48843569611,NA,16397.9496429208,234769.252,0.131631605334753,"","","","race_wgoa"
1999,"pacific_halibut_adult",NA,66871.9146747042,NA,541019.432339913,234769.252,0.123603535616979,"","","","race_wgoa"
1999,"pacific_halibut_juvenile",NA,261.938727053685,NA,1248.60392881862,234769.252,0.209785281791897,"","","","race_wgoa"
1999,"pacific_herring_adult",NA,26.2425517024198,NA,47.6162257321197,234769.252,0.551126245285707,"","","","race_wgoa"
1999,"pacific_ocean_perch_adult",NA,405954.73561474,NA,659669.181028683,234769.252,0.615391392063667,"","","","race_wgoa"
1999,"pacific_ocean_perch_juvenile",NA,147.630741932846,NA,308.75111231618,234769.252,0.478154526554915,"","","","race_wgoa"
1999,"pacific_sandlance",NA,3.11394033961611,NA,8.16646630572312,234769.252,0.381308172107909,"","","","race_wgoa"
1999,"pacific_sleeper_shark",NA,7539.24259459562,NA,17644.7856952756,234769.252,0.427278785064204,"","","","race_wgoa"
1999,"pandalid_shrimp",NA,561.349757856271,NA,5822.27636148638,234769.252,0.0964141382174039,"","","","race_wgoa"
1999,"pelagic_shelf_rockfish",NA,19184.0771588225,NA,47703.4107664676,234769.252,0.402153155310808,"","","","race_wgoa"
1999,"rex_sole_adult",NA,7638.37426446851,NA,52195.2131073058,234769.252,0.146342428926674,"","","","race_wgoa"
1999,"rex_sole_juvenile",NA,17.7276440848713,NA,112.795288270944,234769.252,0.15716653023917,"","","","race_wgoa"
1999,"sablefish_adult",NA,12849.9408290817,NA,108228.347672835,234769.252,0.118729899378359,"","","","race_wgoa"
1999,"sablefish_juvenile",NA,183.940302784532,NA,506.571668490599,234769.252,0.363108152756761,"","","","race_wgoa"
1999,"salmon_returning",NA,748.162675418368,NA,2404.40222486731,234769.252,0.311163692863267,"","","","race_wgoa"
1999,"sessile_epifauna",NA,7080.14399329211,NA,43245.2937771377,234769.252,0.163720566445432,"","","","race_wgoa"
1999,"shallow_water_flatfish",NA,31775.9692880227,NA,274422.283325712,234769.252,0.115792234154352,"","","","race_wgoa"
1999,"shelf_demersal_fish",NA,2142.82185564277,NA,11309.1019075936,234769.252,0.18947763254339,"","","","race_wgoa"
1999,"shelf_forage_fish",NA,1395.05252408449,NA,12328.0957311866,234769.252,0.113160422704652,"","","","race_wgoa"
1999,"slope_demersal_fish",NA,35464.5740614273,NA,372075.124940205,234769.252,0.095315627636023,"","","","race_wgoa"
1999,"slope_forage_fish",NA,36.7587859899908,NA,180.712767557647,234769.252,0.203410010741299,"","","","race_wgoa"
1999,"slope_rockfish",NA,147671.995497757,NA,302442.173042288,234769.252,0.488265224430554,"","","","race_wgoa"
1999,"squid",NA,241.842647204917,NA,1489.54683623729,234769.252,0.162359881086942,"","","","race_wgoa"
1999,"tanner_crab",NA,728.765139753868,NA,2491.71536520373,234769.252,0.292475276241788,"","","","race_wgoa"
1999,"thornyheads",NA,2948.71825043197,NA,48916.7106974276,234769.252,0.0602803869759589,"","","","race_wgoa"
1999,"walleye_pollock_adult",NA,245018.42865248,NA,609833.397879935,234769.252,0.401779288415948,"","","","race_wgoa"
1999,"walleye_pollock_juvenile",NA,937.442654537358,NA,4352.00659492866,234769.252,0.215404695303024,"","","","race_wgoa"
2001,"arrowtooth_flounder_adult",NA,148677.376885274,NA,1305139.30200576,234769.252,0.113916864396608,"","","","race_wgoa"
2001,"arrowtooth_flounder_juvenile",NA,435.926851063557,NA,2844.55649176665,234769.252,0.153249496828526,"","","","race_wgoa"
2001,"atka_mackerel",NA,220915.058155733,NA,221266.326477992,234769.252,0.998412463713525,"","","","race_wgoa"
2001,"big_skate",NA,7290.20200138802,NA,39082.269256227,234769.252,0.186534767303116,"","","","race_wgoa"
2001,"deep_water_flatfish",NA,3757.99400467648,NA,32476.2720917522,234769.252,0.115715067112979,"","","","race_wgoa"
2001,"demersal_shelf_rockfish",NA,788.283299551711,NA,1828.02541643626,234769.252,0.431221192256982,"","","","race_wgoa"
2001,"flathead_sole_adult",NA,17809.0711836637,NA,147319.648536962,234769.252,0.120887277159065,"","","","race_wgoa"
2001,"flathead_sole_juvenile",NA,174.193739132728,NA,1129.12201843308,234769.252,0.15427361816437,"","","","race_wgoa"
2001,"gelatinous_carnivores",NA,3617.34974433881,NA,17915.5593989466,234769.252,0.201911068685441,"","","","race_wgoa"
2001,"infauna",NA,682.650870952909,NA,1936.34963059954,234769.252,0.35254525327719,"","","","race_wgoa"
2001,"king_crab",NA,216.274351171085,NA,568.23537143888,234769.252,0.380606984432238,"","","","race_wgoa"
2001,"large_sculpins",NA,8623.65050492253,NA,29366.4862616892,234769.252,0.293656191213204,"","","","race_wgoa"
2001,"lingcod",NA,1595.30344611817,NA,5903.9254432696,234769.252,0.270210635525013,"","","","race_wgoa"
2001,"longnose_skate",NA,3678.64527859524,NA,23274.6896942507,234769.252,0.158053461804216,"","","","race_wgoa"
2001,"miscellaneous_deep_sea_fish",NA,0.121302827544059,NA,0.13713301398235,234769.252,0.884563271975276,"","","","race_wgoa"
2001,"motile_epifauna",NA,4036.53174561488,NA,30960.2332119028,234769.252,0.130377950255976,"","","","race_wgoa"
2001,"nonpandalid_shrimp",NA,78.6535751473065,NA,158.317515529385,234769.252,0.49680905416121,"","","","race_wgoa"
2001,"octopus",NA,365.252161860346,NA,993.607761904794,234769.252,0.367601961120091,"","","","race_wgoa"
2001,"other_gelatinous_zooplankton",NA,7.49204228912484,NA,28.2156158149179,234769.252,0.265528221615624,"","","","race_wgoa"
2001,"other_skates",NA,2397.68600128634,NA,12856.4508791041,234769.252,0.186496726338631,"","","","race_wgoa"
2001,"pacific_capelin",NA,80.8082560998606,NA,278.588771814838,234769.252,0.290062860658179,"","","","race_wgoa"
2001,"pacific_cod_adult",NA,51219.9616162674,NA,245044.207298128,234769.252,0.209023352076026,"","","","race_wgoa"
2001,"pacific_cod_juvenile",NA,1026.8584549227,NA,5489.83609886987,234769.252,0.187047197116519,"","","","race_wgoa"
2001,"pacific_dogfish",NA,14283.3595679427,NA,31774.3501329039,234769.252,0.449524837115444,"","","","race_wgoa"
2001,"pacific_halibut_adult",NA,29145.3101429373,NA,351196.40769986,234769.252,0.0829886340063179,"","","","race_wgoa"
2001,"pacific_halibut_juvenile",NA,643.357639707009,NA,2729.85620698214,234769.252,0.235674552403711,"","","","race_wgoa"
2001,"pacific_herring_adult",NA,22878.8998700858,NA,28701.5485590171,234769.252,0.797131200884212,"","","","race_wgoa"
2001,"pacific_ocean_perch_adult",NA,214253.544445868,NA,646483.153862268,234769.252,0.331413963636729,"","","","race_wgoa"
2001,"pacific_ocean_perch_juvenile",NA,3840.88410944374,NA,4488.14327664384,234769.252,0.85578464694556,"","","","race_wgoa"
2001,"pacific_sandlance",NA,4.07751799263584,NA,12.2783796645056,234769.252,0.33208925803322,"","","","race_wgoa"
2001,"pacific_sleeper_shark",NA,13630.2004168864,NA,37694.7715698715,234769.252,0.361593925343764,"","","","race_wgoa"
2001,"pandalid_shrimp",NA,993.253126101796,NA,8360.07103119331,234769.252,0.11880917307948,"","","","race_wgoa"
2001,"pelagic_shelf_rockfish",NA,9406.84097581193,NA,31416.4732780983,234769.252,0.299423837059707,"","","","race_wgoa"
2001,"rex_sole_adult",NA,4185.01758847592,NA,49181.7639790792,234769.252,0.0850928728431971,"","","","race_wgoa"
2001,"rex_sole_juvenile",NA,48.0022007394111,NA,168.18183590102,234769.252,0.285418460812033,"","","","race_wgoa"
2001,"sablefish_adult",NA,46153.5049528237,NA,176750.335806236,234769.252,0.261122587079098,"","","","race_wgoa"
2001,"sablefish_juvenile",NA,925.017597194865,NA,2022.24297851203,234769.252,0.45742158930649,"","","","race_wgoa"
2001,"salmon_returning",NA,1321.48732726888,NA,6868.29551808482,234769.252,0.192403970357607,"","","","race_wgoa"
2001,"sessile_epifauna",NA,10938.6699030281,NA,63098.6632490644,234769.252,0.173358187634668,"","","","race_wgoa"
2001,"shallow_water_flatfish",NA,58493.1747449107,NA,330706.336659386,234769.252,0.176873462225661,"","","","race_wgoa"
2001,"shelf_demersal_fish",NA,2517.72548815964,NA,13487.3274968319,234769.252,0.186673415378328,"","","","race_wgoa"
2001,"shelf_forage_fish",NA,9841.71182946801,NA,54030.876899864,234769.252,0.182149770541532,"","","","race_wgoa"
2001,"slope_demersal_fish",NA,56393.7937695165,NA,165943.591064107,234769.252,0.339837130243438,"","","","race_wgoa"
2001,"slope_forage_fish",NA,15.3063341784333,NA,33.9325733734459,234769.252,0.451080854080209,"","","","race_wgoa"
2001,"slope_rockfish",NA,206953.182282802,NA,403480.019950427,234769.252,0.512920521586741,"","","","race_wgoa"
2001,"squid",NA,1793.98983684402,NA,6612.27606809233,234769.252,0.27131199882911,"","","","race_wgoa"
2001,"tanner_crab",NA,909.50587711973,NA,3122.43576362724,234769.252,0.291280892857563,"","","","race_wgoa"
2001,"thornyheads",NA,2206.25516130038,NA,28661.1773725795,234769.252,0.076977129467512,"","","","race_wgoa"
2001,"walleye_pollock_adult",NA,59346.0090713347,NA,183457.109157191,234769.252,0.323487104664259,"","","","race_wgoa"
2001,"walleye_pollock_juvenile",NA,6154.71731797802,NA,23052.7421628405,234769.252,0.266984173704898,"","","","race_wgoa"
2003,"arrowtooth_flounder_adult",NA,329329.198630606,NA,2384025.36976703,234769.252,0.138139972337118,"","","","race_wgoa"
2003,"arrowtooth_flounder_juvenile",NA,279.773844187362,NA,2546.12118851651,234769.252,0.109882375375216,"","","","race_wgoa"
2003,"atka_mackerel",NA,21262.9064104105,NA,65018.5545110679,234769.252,0.327028285545644,"","","","race_wgoa"
2003,"big_skate",NA,7836.25416202946,NA,43416.1841146136,234769.252,0.180491545303537,"","","","race_wgoa"
2003,"deep_water_flatfish",NA,6452.17835936192,NA,52560.5664528879,234769.252,0.122757017185978,"","","","race_wgoa"
2003,"demersal_shelf_rockfish",NA,447.394500640515,NA,952.333027489161,234769.252,0.469787865931813,"","","","race_wgoa"
2003,"flathead_sole_adult",NA,18676.2318044754,NA,229386.685553747,234769.252,0.081418116136036,"","","","race_wgoa"
2003,"flathead_sole_juvenile",NA,160.571509925185,NA,1404.11182562454,234769.252,0.114358063933949,"","","","race_wgoa"
2003,"gelatinous_carnivores",NA,862.731576785618,NA,10394.4766275576,234769.252,0.0829990395570626,"","","","race_wgoa"
2003,"infauna",NA,1786.49366382793,NA,3557.12265441002,234769.252,0.502229986816193,"","","","race_wgoa"
2003,"king_crab",NA,1162.98937960664,NA,1593.30460423672,234769.252,0.729922813575111,"","","","race_wgoa"
2003,"large_sculpins",NA,2713.06538153975,NA,25038.1009175256,234769.252,0.108357474493631,"","","","race_wgoa"
2003,"lingcod",NA,1045.88868765968,NA,4471.52717568362,234769.252,0.233899660354805,"","","","race_wgoa"
2003,"longnose_skate",NA,2996.84137365519,NA,26522.4627088196,234769.252,0.112992575635091,"","","","race_wgoa"
2003,"miscellaneous_deep_sea_fish",NA,2.18790126015319,NA,5.45995897312567,234769.252,0.400717527534952,"","","","race_wgoa"
2003,"motile_epifauna",NA,5032.72152605504,NA,32060.4233901413,234769.252,0.156976140483616,"","","","race_wgoa"
2003,"nonpandalid_shrimp",NA,32.6970813674029,NA,93.9650946367369,234769.252,0.347970504300642,"","","","race_wgoa"
2003,"octopus",NA,810.863952273228,NA,3755.21364647176,234769.252,0.215930178309583,"","","","race_wgoa"
2003,"other_gelatinous_zooplankton",NA,8.41296879643343,NA,22.1212956392185,234769.252,0.380310852205157,"","","","race_wgoa"
2003,"other_skates",NA,2595.55636495312,NA,20789.9228340877,234769.252,0.124846849392696,"","","","race_wgoa"
2003,"pacific_capelin",NA,5121.07888267595,NA,7289.76832172451,234769.252,0.702502282193857,"","","","race_wgoa"
2003,"pacific_cod_adult",NA,44401.7130817768,NA,281102.282149878,234769.252,0.157955718972437,"","","","race_wgoa"
2003,"pacific_cod_juvenile",NA,231.213904221755,NA,1472.28314452451,234769.252,0.157044455125124,"","","","race_wgoa"
2003,"pacific_dogfish",NA,20207.1075051268,NA,59933.8862055669,234769.252,0.337156636828431,"","","","race_wgoa"
2003,"pacific_halibut_adult",NA,66164.7273268523,NA,528114.645574881,234769.252,0.125284780267414,"","","","race_wgoa"
2003,"pacific_halibut_juvenile",NA,397.760472171569,NA,1796.60393712361,234769.252,0.221395747806492,"","","","race_wgoa"
2003,"pacific_herring_adult",NA,293.241393434728,NA,652.695910516611,234769.252,0.449277203533613,"","","","race_wgoa"
2003,"pacific_ocean_perch_adult",NA,66133.332613271,NA,345262.085219797,234769.252,0.191545308460875,"","","","race_wgoa"
2003,"pacific_ocean_perch_juvenile",NA,528.260258913936,NA,835.266202623004,234769.252,0.632445389571647,"","","","race_wgoa"
2003,"pacific_sandlance",NA,5.25837580507258,NA,9.52905719715261,234769.252,0.551825400590925,"","","","race_wgoa"
2003,"pacific_sleeper_shark",NA,12868.7671596099,NA,52115.6421152569,234769.252,0.246927153485893,"","","","race_wgoa"
2003,"pandalid_shrimp",NA,889.179280721011,NA,7251.31914709201,234769.252,0.122623106594005,"","","","race_wgoa"
2003,"pelagic_shelf_rockfish",NA,33325.0731500161,NA,58259.2220385753,234769.252,0.572013699873137,"","","","race_wgoa"
2003,"rex_sole_adult",NA,6052.91279742756,NA,68763.4754017431,234769.252,0.0880251145257577,"","","","race_wgoa"
2003,"rex_sole_juvenile",NA,26.8914745052274,NA,119.648136966172,234769.252,0.2247546446363,"","","","race_wgoa"
2003,"sablefish_adult",NA,23820.4423509344,NA,182935.128620719,234769.252,0.130212510470427,"","","","race_wgoa"
2003,"sablefish_juvenile",NA,156.77493584512,NA,257.926336303441,234769.252,0.607828336152072,"","","","race_wgoa"
2003,"salmon_returning",NA,2770.39555762569,NA,19188.314761946,234769.252,0.144379305426024,"","","","race_wgoa"
2003,"salmon_shark",NA,2555.63312987343,NA,3612.82892191862,234769.252,0.707377289405732,"","","","race_wgoa"
2003,"sessile_epifauna",NA,5195.24433021376,NA,36368.0977821338,234769.252,0.142851692748307,"","","","race_wgoa"
2003,"shallow_water_flatfish",NA,34970.3783172627,NA,350147.322689086,234769.252,0.0998733277430045,"","","","race_wgoa"
2003,"shelf_demersal_fish",NA,1094.91378291478,NA,8782.29115266327,234769.252,0.124672908684284,"","","","race_wgoa"
2003,"shelf_forage_fish",NA,21860.7151298861,NA,96951.4758226496,234769.252,0.225480993913649,"","","","race_wgoa"
2003,"slope_demersal_fish",NA,59422.6316971672,NA,343717.763971509,234769.252,0.172882050117412,"","","","race_wgoa"
2003,"slope_forage_fish",NA,13.3283672400263,NA,89.3949917691595,234769.252,0.149095234265959,"","","","race_wgoa"
2003,"slope_rockfish",NA,34944.551354035,NA,131408.647385238,234769.252,0.265922768777853,"","","","race_wgoa"
2003,"squid",NA,1076.44378334684,NA,4394.81273017841,234769.252,0.244935074469748,"","","","race_wgoa"
2003,"tanner_crab",NA,3364.0910160835,NA,6942.4283607424,234769.252,0.484569784703367,"","","","race_wgoa"
2003,"thornyheads",NA,8057.63281356884,NA,74212.8471735183,234769.252,0.10857463526132,"","","","race_wgoa"
2003,"walleye_pollock_adult",NA,50254.4314179837,NA,374381.117256641,234769.252,0.134233349657787,"","","","race_wgoa"
2003,"walleye_pollock_juvenile",NA,1543.63703374068,NA,4276.7294265103,234769.252,0.360938670604712,"","","","race_wgoa"
2005,"arrowtooth_flounder_adult",NA,113042.85426162,NA,1639907.90590483,234769.252,0.0689324405685137,"","","","race_wgoa"
2005,"arrowtooth_flounder_juvenile",NA,281.834013738685,NA,1982.43968936604,234769.252,0.142165239755068,"","","","race_wgoa"
2005,"atka_mackerel",NA,50012.2900389805,NA,100912.199965824,234769.252,0.49560201894239,"","","","race_wgoa"
2005,"big_skate",NA,6191.03953740077,NA,35336.1670773743,234769.252,0.175204048697315,"","","","race_wgoa"
2005,"deep_water_flatfish",NA,3553.72159390021,NA,41853.7896800614,234769.252,0.0849080004717745,"","","","race_wgoa"
2005,"demersal_shelf_rockfish",NA,739.74848188914,NA,1899.27416780389,234769.252,0.389490098074941,"","","","race_wgoa"
2005,"flathead_sole_adult",NA,15820.1465935485,NA,193753.781949111,234769.252,0.0816507757133927,"","","","race_wgoa"
2005,"flathead_sole_juvenile",NA,203.628026445002,NA,1698.47345252523,234769.252,0.119888848508203,"","","","race_wgoa"
2005,"gelatinous_carnivores",NA,4831.22227909395,NA,18020.3265716293,234769.252,0.268098486444751,"","","","race_wgoa"
2005,"infauna",NA,487.882158056248,NA,2207.02670684956,234769.252,0.221058565599634,"","","","race_wgoa"
2005,"king_crab",NA,214.866990241359,NA,426.854804091577,234769.252,0.503372547718268,"","","","race_wgoa"
2005,"large_sculpins",NA,3210.79781636403,NA,32014.2572445568,234769.252,0.100292747441765,"","","","race_wgoa"
2005,"lingcod",NA,3922.16360484945,NA,10957.9271980826,234769.252,0.357929335899927,"","","","race_wgoa"
2005,"longnose_skate",NA,2882.01082496306,NA,31575.4477048384,234769.252,0.0912737913300098,"","","","race_wgoa"
2005,"miscellaneous_deep_sea_fish",NA,5.96696458938851,NA,18.8010369075246,234769.252,0.317374228811837,"","","","race_wgoa"
2005,"motile_epifauna",NA,3935.44692445087,NA,36815.5068876247,234769.252,0.106896448185907,"","","","race_wgoa"
2005,"mysids",NA,0.358852468349625,NA,0.529176996219023,234769.252,0.678133159441228,"","","","race_wgoa"
2005,"nonpandalid_shrimp",NA,146.651473827778,NA,262.781106055418,234769.252,0.558074650149507,"","","","race_wgoa"
2005,"octopus",NA,360.131614625978,NA,1034.18708803161,234769.252,0.348226755868152,"","","","race_wgoa"
2005,"other_gelatinous_zooplankton",NA,11.9201354970607,NA,85.4583849748118,234769.252,0.139484680181752,"","","","race_wgoa"
2005,"other_skates",NA,3450.04866788177,NA,29276.473530561,234769.252,0.117843724049631,"","","","race_wgoa"
2005,"pacific_capelin",NA,182.80838997106,NA,429.662218072208,234769.252,0.425470014075888,"","","","race_wgoa"
2005,"pacific_cod_adult",NA,77104.6395120435,NA,284784.781410829,234769.252,0.270747050211271,"","","","race_wgoa"
2005,"pacific_cod_juvenile",NA,1006.03262579694,NA,2656.79217234326,234769.252,0.378664404491088,"","","","race_wgoa"
2005,"pacific_dogfish",NA,5134.87447578226,NA,15964.9791819335,234769.252,0.321633646825738,"","","","race_wgoa"
2005,"pacific_hake",NA,5.75327372604021,NA,5.75327372604021,234769.252,1,"","","","race_wgoa"
2005,"pacific_halibut_adult",NA,70717.4033678369,NA,491194.001737761,234769.252,0.14397041315173,"","","","race_wgoa"
2005,"pacific_halibut_juvenile",NA,194.782248135734,NA,956.969871160267,234769.252,0.20354062756393,"","","","race_wgoa"
2005,"pacific_herring_adult",NA,1761.56548329936,NA,2461.42564340588,234769.252,0.715668778384009,"","","","race_wgoa"
2005,"pacific_ocean_perch_adult",NA,140721.897430161,NA,619870.059101157,234769.252,0.227018381294645,"","","","race_wgoa"
2005,"pacific_ocean_perch_juvenile",NA,158.924901511173,NA,593.45097422853,234769.252,0.267797861007425,"","","","race_wgoa"
2005,"pacific_sandlance",NA,27.5011732227329,NA,32.2812891451216,234769.252,0.851923016429128,"","","","race_wgoa"
2005,"pacific_sleeper_shark",NA,14631.1653962506,NA,53709.9233253004,234769.252,0.272410841245019,"","","","race_wgoa"
2005,"pandalid_shrimp",NA,1291.52191442212,NA,10004.5713617172,234769.252,0.129093178280898,"","","","race_wgoa"
2005,"pelagic_shelf_rockfish",NA,62043.8720499901,NA,191821.004807792,234769.252,0.323446705495883,"","","","race_wgoa"
2005,"rex_sole_adult",NA,6842.00098806204,NA,70232.1302723999,234769.252,0.0974198128623594,"","","","race_wgoa"
2005,"rex_sole_juvenile",NA,28.6048572410499,NA,192.912386449026,234769.252,0.14827900772773,"","","","race_wgoa"
2005,"sablefish_adult",NA,23383.4106994646,NA,214265.365900446,234769.252,0.109132946433953,"","","","race_wgoa"
2005,"sablefish_juvenile",NA,87.4344863212369,NA,511.556966444301,234769.252,0.170918376752781,"","","","race_wgoa"
2005,"salmon_returning",NA,1254.03201740842,NA,8678.46000684106,234769.252,0.14449937159587,"","","","race_wgoa"
2005,"salmon_shark",NA,2455.31229099823,NA,2455.31229099823,234769.252,1,"","","","race_wgoa"
2005,"sessile_epifauna",NA,9294.45939220692,NA,65824.6768242432,234769.252,0.141200228252147,"","","","race_wgoa"
2005,"shallow_water_flatfish",NA,26493.6657905859,NA,346620.841651484,234769.252,0.0764341395755551,"","","","race_wgoa"
2005,"shelf_demersal_fish",NA,2444.34762366736,NA,17423.9665533653,234769.252,0.140286519500651,"","","","race_wgoa"
2005,"shelf_forage_fish",NA,8355.35036561724,NA,41620.2262413125,234769.252,0.200752161152927,"","","","race_wgoa"
2005,"slope_demersal_fish",NA,80220.348054851,NA,563818.046399283,234769.252,0.142280561197292,"","","","race_wgoa"
2005,"slope_forage_fish",NA,30.4812761471047,NA,241.569218146803,234769.252,0.126180298884691,"","","","race_wgoa"
2005,"slope_rockfish",NA,143102.701228628,NA,475702.854601419,234769.252,0.300823717672517,"","","","race_wgoa"
2005,"squid",NA,855.675108440234,NA,4094.97548449899,234769.252,0.208957321400161,"","","","race_wgoa"
2005,"tanner_crab",NA,699.761710041232,NA,5701.46523752611,234769.252,0.122733662468994,"","","","race_wgoa"
2005,"thornyheads",NA,3439.17347638177,NA,65587.7972352655,234769.252,0.0524361790051486,"","","","race_wgoa"
2005,"walleye_pollock_adult",NA,55519.1857527981,NA,317806.077179061,234769.252,0.174695167083029,"","","","race_wgoa"
2005,"walleye_pollock_juvenile",NA,3074.16495270182,NA,10078.8475825427,234769.252,0.305011552910721,"","","","race_wgoa"
2007,"arrowtooth_flounder_adult",NA,133968.235300085,NA,1656326.73076486,234769.252,0.0808827345545652,"","","","race_wgoa"
2007,"arrowtooth_flounder_juvenile",NA,236.061941857147,NA,2495.36961852221,234769.252,0.0945999903601237,"","","","race_wgoa"
2007,"atka_mackerel",NA,37590.5596171284,NA,82324.0831768296,234769.252,0.456616802356426,"","","","race_wgoa"
2007,"big_skate",NA,7033.68666428851,NA,30292.2079051247,234769.252,0.232194585694052,"","","","race_wgoa"
2007,"deep_water_flatfish",NA,4778.46486068713,NA,45936.1880879274,234769.252,0.104023974552276,"","","","race_wgoa"
2007,"demersal_shelf_rockfish",NA,328.963828957882,NA,1103.87484229339,234769.252,0.298008267200321,"","","","race_wgoa"
2007,"euphausiids",NA,0.0124253672847904,NA,0.0124253672847904,234769.252,1,"","","","race_wgoa"
2007,"flathead_sole_adult",NA,20844.009328828,NA,237333.564172985,234769.252,0.0878257965806954,"","","","race_wgoa"
2007,"flathead_sole_juvenile",NA,300.218493778147,NA,1675.72798409929,234769.252,0.179157056889228,"","","","race_wgoa"
2007,"gelatinous_carnivores",NA,230.057440356683,NA,939.18420269629,234769.252,0.244954546399114,"","","","race_wgoa"
2007,"infauna",NA,1367.33754351939,NA,2700.55531296839,234769.252,0.506317177416538,"","","","race_wgoa"
2007,"king_crab",NA,86.5753275243192,NA,240.988430246512,234769.252,0.359250970827768,"","","","race_wgoa"
2007,"large_sculpins",NA,3708.49183089943,NA,31179.2544792562,234769.252,0.118941003973226,"","","","race_wgoa"
2007,"lingcod",NA,2163.79677280136,NA,7969.12708586864,234769.252,0.271522432693832,"","","","race_wgoa"
2007,"longnose_skate",NA,3180.94105095879,NA,26710.6036068937,234769.252,0.11908907405364,"","","","race_wgoa"
2007,"miscellaneous_deep_sea_fish",NA,4.24143457289532,NA,6.84079658074338,234769.252,0.620020566732655,"","","","race_wgoa"
2007,"motile_epifauna",NA,1983.06305034336,NA,23904.6788881734,234769.252,0.0829571089250004,"","","","race_wgoa"
2007,"nonpandalid_shrimp",NA,66.8553272536263,NA,190.04760158318,234769.252,0.351782009858016,"","","","race_wgoa"
2007,"octopus",NA,502.627318358872,NA,2279.84592164577,234769.252,0.220465476893297,"","","","race_wgoa"
2007,"other_gelatinous_zooplankton",NA,9.82191671171127,NA,42.2471791632308,234769.252,0.232486923535469,"","","","race_wgoa"
2007,"other_skates",NA,3570.93070192346,NA,31490.6054641002,234769.252,0.113396698770825,"","","","race_wgoa"
2007,"pacific_capelin",NA,326.487676820914,NA,665.113451374521,234769.252,0.490875167456313,"","","","race_wgoa"
2007,"pacific_cod_adult",NA,28663.2420214619,NA,202103.403553272,234769.252,0.141824637871111,"","","","race_wgoa"
2007,"pacific_cod_juvenile",NA,1899.69033100083,NA,6836.49205942935,234769.252,0.277875014625468,"","","","race_wgoa"
2007,"pacific_dogfish",NA,4577.24630273032,NA,27496.4380394831,234769.252,0.166466881861487,"","","","race_wgoa"
2007,"pacific_hake",NA,330.159919692539,NA,799.851191352034,234769.252,0.412776680540352,"","","","race_wgoa"
2007,"pacific_halibut_adult",NA,35648.5983421467,NA,371905.836869619,234769.252,0.0958538285986737,"","","","race_wgoa"
2007,"pacific_halibut_juvenile",NA,328.489647055185,NA,2152.76048319248,234769.252,0.152589965126099,"","","","race_wgoa"
2007,"pacific_herring_adult",NA,1151.21275915784,NA,1657.92872045035,234769.252,0.69436806598364,"","","","race_wgoa"
2007,"pacific_ocean_perch_adult",NA,104846.363749796,NA,528957.960898032,234769.252,0.19821303676344,"","","","race_wgoa"
2007,"pacific_ocean_perch_juvenile",NA,210.67060534366,NA,545.976473200594,234769.252,0.385860226006952,"","","","race_wgoa"
2007,"pacific_sandlance",NA,1.48556953605857,NA,4.39994994493478,234769.252,0.337633280980561,"","","","race_wgoa"
2007,"pacific_sleeper_shark",NA,17010.9654887196,NA,41848.8874766384,234769.252,0.406485488968272,"","","","race_wgoa"
2007,"pandalid_shrimp",NA,1233.04466827272,NA,8362.21761922936,234769.252,0.147454266848697,"","","","race_wgoa"
2007,"pelagic_shelf_rockfish",NA,34287.1176948938,NA,64908.8468940398,234769.252,0.528234891475822,"","","","race_wgoa"
2007,"rex_sole_adult",NA,9086.31316591484,NA,85275.2776539523,234769.252,0.106552724492873,"","","","race_wgoa"
2007,"rex_sole_juvenile",NA,37.590973737127,NA,192.473607982394,234769.252,0.195304562174392,"","","","race_wgoa"
2007,"sablefish_adult",NA,13007.1873334607,NA,156627.346385452,234769.252,0.0830454427890944,"","","","race_wgoa"
2007,"sablefish_juvenile",NA,69.0771274572739,NA,244.014345336115,234769.252,0.283086338068052,"","","","race_wgoa"
2007,"salmon_returning",NA,821.697897572687,NA,3760.35457870991,234769.252,0.218516068198705,"","","","race_wgoa"
2007,"sessile_epifauna",NA,9981.7661205915,NA,59074.0448307522,234769.252,0.168970419228772,"","","","race_wgoa"
2007,"shallow_water_flatfish",NA,33216.6402000986,NA,405811.784847816,234769.252,0.0818523301696505,"","","","race_wgoa"
2007,"shelf_demersal_fish",NA,2130.88448024921,NA,13523.8429455391,234769.252,0.157565012314202,"","","","race_wgoa"
2007,"shelf_forage_fish",NA,9160.12959553679,NA,44691.8469716968,234769.252,0.20496198336439,"","","","race_wgoa"
2007,"slope_demersal_fish",NA,63890.9427622235,NA,471961.050653667,234769.252,0.135373337850093,"","","","race_wgoa"
2007,"slope_forage_fish",NA,24.4516268444342,NA,162.5340827787,234769.252,0.150439996500466,"","","","race_wgoa"
2007,"slope_rockfish",NA,85616.8712381878,NA,286159.078773573,234769.252,0.299193272515156,"","","","race_wgoa"
2007,"squid",NA,2312.37456123363,NA,10497.5435516977,234769.252,0.220277682092557,"","","","race_wgoa"
2007,"tanner_crab",NA,1267.62717024896,NA,5304.01531057813,234769.252,0.238993874644526,"","","","race_wgoa"
2007,"thornyheads",NA,2825.68160246628,NA,51964.147576018,234769.252,0.0543775224703264,"","","","race_wgoa"
2007,"walleye_pollock_adult",NA,37923.8697860239,NA,242411.491350456,234769.252,0.156444191546997,"","","","race_wgoa"
2007,"walleye_pollock_juvenile",NA,8123.56920905435,NA,17146.3103878071,234769.252,0.473779432736217,"","","","race_wgoa"
2009,"arrowtooth_flounder_adult",NA,141518.262604803,NA,1421301.86720995,234769.252,0.0995694622442217,"","","","race_wgoa"
2009,"arrowtooth_flounder_juvenile",NA,352.093833354057,NA,3413.68337982335,234769.252,0.103141912760602,"","","","race_wgoa"
2009,"atka_mackerel",NA,112909.196209628,NA,135606.801521627,234769.252,0.832621925616473,"","","","race_wgoa"
2009,"big_skate",NA,6254.72649817434,NA,33342.910239669,234769.252,0.187587899592907,"","","","race_wgoa"
2009,"deep_water_flatfish",NA,4526.29742145146,NA,41075.7138034381,234769.252,0.110194005224386,"","","","race_wgoa"
2009,"demersal_shelf_rockfish",NA,275.708096372644,NA,867.688695184576,234769.252,0.317750015532927,"","","","race_wgoa"
2009,"flathead_sole_adult",NA,22827.8697684586,NA,198883.257087815,234769.252,0.114780248989885,"","","","race_wgoa"
2009,"flathead_sole_juvenile",NA,154.800811588464,NA,1128.98244234393,234769.252,0.137115340135029,"","","","race_wgoa"
2009,"gelatinous_carnivores",NA,597.020768992085,NA,4379.94876179482,234769.252,0.136307706199613,"","","","race_wgoa"
2009,"infauna",NA,177.287200475807,NA,1552.05476893016,234769.252,0.114227412604783,"","","","race_wgoa"
2009,"king_crab",NA,162.805107720684,NA,413.258891751311,234769.252,0.39395427653292,"","","","race_wgoa"
2009,"large_sculpins",NA,4530.30735607676,NA,38878.0707688808,234769.252,0.116526032966197,"","","","race_wgoa"
2009,"lingcod",NA,2495.796699679,NA,9635.65286653021,234769.252,0.259016875581752,"","","","race_wgoa"
2009,"longnose_skate",NA,2712.16765256784,NA,26752.0037483665,234769.252,0.101381850798128,"","","","race_wgoa"
2009,"miscellaneous_deep_sea_fish",NA,8.62001911195337,NA,14.4355813215655,234769.252,0.597136957628149,"","","","race_wgoa"
2009,"motile_epifauna",NA,2497.11852595311,NA,31169.2769659878,234769.252,0.0801147401872036,"","","","race_wgoa"
2009,"mysids",NA,0.298522890483904,NA,0.951707143003389,234769.252,0.313670957162125,"","","","race_wgoa"
2009,"nonpandalid_shrimp",NA,40.5864572471576,NA,170.547536994,234769.252,0.23797738719959,"","","","race_wgoa"
2009,"octopus",NA,725.861089952417,NA,3718.30521960686,234769.252,0.195212885194283,"","","","race_wgoa"
2009,"other_gelatinous_zooplankton",NA,6.5540012878915,NA,12.904464944128,234769.252,0.507886325877758,"","","","race_wgoa"
2009,"other_skates",NA,3377.16449278848,NA,26666.2968761423,234769.252,0.126645424689993,"","","","race_wgoa"
2009,"pacific_capelin",NA,75.6909084357968,NA,376.485327450945,234769.252,0.201046104368195,"","","","race_wgoa"
2009,"pacific_cod_adult",NA,205904.381933797,NA,687053.335245142,234769.252,0.299691990957776,"","","","race_wgoa"
2009,"pacific_cod_juvenile",NA,4098.30901525408,NA,12708.6961410133,234769.252,0.322480683288044,"","","","race_wgoa"
2009,"pacific_dogfish",NA,1936.19921607702,NA,11343.8263193785,234769.252,0.170683080079376,"","","","race_wgoa"
2009,"pacific_hake",NA,17.1823789739884,NA,17.1823789739884,234769.252,1,"","","","race_wgoa"
2009,"pacific_halibut_adult",NA,54003.2038627772,NA,461575.152915563,234769.252,0.116997640626154,"","","","race_wgoa"
2009,"pacific_halibut_juvenile",NA,242.333903718128,NA,1670.52921414646,234769.252,0.145064151926218,"","","","race_wgoa"
2009,"pacific_herring_adult",NA,8658.57874716295,NA,10050.841012769,234769.252,0.861478033147949,"","","","race_wgoa"
2009,"pacific_ocean_perch_adult",NA,105829.933977256,NA,487613.760640751,234769.252,0.217036397492536,"","","","race_wgoa"
2009,"pacific_ocean_perch_juvenile",NA,1813.48985606595,NA,3959.18465957392,234769.252,0.458046292859982,"","","","race_wgoa"
2009,"pacific_sandlance",NA,0.606595060027197,NA,1.81772812417108,234769.252,0.333710554378871,"","","","race_wgoa"
2009,"pacific_sleeper_shark",NA,17686.3199943822,NA,39687.7282602499,234769.252,0.445636995859407,"","","","race_wgoa"
2009,"pandalid_shrimp",NA,1207.04742195064,NA,6131.95357120492,234769.252,0.196845492702167,"","","","race_wgoa"
2009,"pelagic_shelf_rockfish",NA,16092.9424080001,NA,49084.5324443479,234769.252,0.327861784692486,"","","","race_wgoa"
2009,"rex_sole_adult",NA,7924.56473465552,NA,97464.6648475475,234769.252,0.0813070536594055,"","","","race_wgoa"
2009,"rex_sole_juvenile",NA,17.1295450952948,NA,89.6196093273914,234769.252,0.191136127727565,"","","","race_wgoa"
2009,"sablefish_adult",NA,14160.54301327,NA,136183.143511116,234769.252,0.103981613643058,"","","","race_wgoa"
2009,"sablefish_juvenile",NA,265.724367956441,NA,1060.2779701069,234769.252,0.250617645040431,"","","","race_wgoa"
2009,"salmon_returning",NA,1123.28048153797,NA,6812.17448182023,234769.252,0.16489308730064,"","","","race_wgoa"
2009,"sessile_epifauna",NA,9618.53047995585,NA,67874.3318082053,234769.252,0.141710868066226,"","","","race_wgoa"
2009,"shallow_water_flatfish",NA,33481.7610908814,NA,380847.06585935,234769.252,0.0879139268549506,"","","","race_wgoa"
2009,"shelf_demersal_fish",NA,1081.53481736052,NA,9391.93882293033,234769.252,0.115155649728037,"","","","race_wgoa"
2009,"shelf_forage_fish",NA,18852.8996450273,NA,75089.0752594199,234769.252,0.251073802412584,"","","","race_wgoa"
2009,"slope_demersal_fish",NA,274871.62374001,NA,726523.621563834,234769.252,0.378338178665618,"","","","race_wgoa"
2009,"slope_forage_fish",NA,24.1434872082725,NA,213.292910928612,234769.252,0.113194044298796,"","","","race_wgoa"
2009,"slope_rockfish",NA,31990.7906475998,NA,155299.12484818,234769.252,0.205994661456553,"","","","race_wgoa"
2009,"squid",NA,1274.98531882961,NA,7180.64910457449,234769.252,0.177558504845666,"","","","race_wgoa"
2009,"tanner_crab",NA,6835.66506097399,NA,19568.7435078345,234769.252,0.349315481509444,"","","","race_wgoa"
2009,"thornyheads",NA,4062.41944990112,NA,49505.3905692383,234769.252,0.0820601434144717,"","","","race_wgoa"
2009,"walleye_pollock_adult",NA,100846.892891709,NA,601418.90742782,234769.252,0.167681613674263,"","","","race_wgoa"
2009,"walleye_pollock_juvenile",NA,2258.52722281723,NA,9306.03213771033,234769.252,0.242694973474799,"","","","race_wgoa"
2011,"arrowtooth_flounder_adult",NA,165127.071508442,NA,1389087.75201882,234769.252,0.11887447086655,"","","","race_wgoa"
2011,"arrowtooth_flounder_juvenile",NA,75.4498321568655,NA,429.00287762187,234769.252,0.175872554923439,"","","","race_wgoa"
2011,"atka_mackerel",NA,54092.6148602002,NA,97233.6401931319,234769.252,0.556315846581058,"","","","race_wgoa"
2011,"big_skate",NA,4234.88026751648,NA,28012.2580774522,234769.252,0.151179539179144,"","","","race_wgoa"
2011,"deep_water_flatfish",NA,4288.92516510625,NA,36380.7947565374,234769.252,0.117889815046868,"","","","race_wgoa"
2011,"demersal_shelf_rockfish",NA,1955.57502381361,NA,3788.19691719504,234769.252,0.516228450252161,"","","","race_wgoa"
2011,"flathead_sole_adult",NA,18624.8977246175,NA,194748.624551299,234769.252,0.0956355803155444,"","","","race_wgoa"
2011,"flathead_sole_juvenile",NA,184.925735748193,NA,1158.93547215502,234769.252,0.15956517009901,"","","","race_wgoa"
2011,"gelatinous_carnivores",NA,504.110146125811,NA,1776.52389522358,234769.252,0.283762097138787,"","","","race_wgoa"
2011,"infauna",NA,454.494619168389,NA,2132.89207661749,234769.252,0.213088427750721,"","","","race_wgoa"
2011,"king_crab",NA,195.870455287712,NA,469.304039201726,234769.252,0.417363668168898,"","","","race_wgoa"
2011,"large_sculpins",NA,3172.25381650736,NA,30515.5278855159,234769.252,0.103955397016516,"","","","race_wgoa"
2011,"lingcod",NA,2916.591124567,NA,11932.2708496797,234769.252,0.244428840185544,"","","","race_wgoa"
2011,"longnose_skate",NA,3394.89215571536,NA,24548.8372678833,234769.252,0.13829136258754,"","","","race_wgoa"
2011,"miscellaneous_deep_sea_fish",NA,0.671517649067581,NA,1.87711097504981,234769.252,0.357739983407088,"","","","race_wgoa"
2011,"motile_epifauna",NA,1577.02697123336,NA,19426.9023042478,234769.252,0.0811774798954199,"","","","race_wgoa"
2011,"nonpandalid_shrimp",NA,19.3167753354236,NA,47.5110075096585,234769.252,0.406574736001899,"","","","race_wgoa"
2011,"octopus",NA,893.636586665063,NA,4819.60815290031,234769.252,0.185416855129041,"","","","race_wgoa"
2011,"other_gelatinous_zooplankton",NA,12.738510774654,NA,59.8667180260983,234769.252,0.212781177834081,"","","","race_wgoa"
2011,"other_skates",NA,2177.01524012464,NA,19532.2367222514,234769.252,0.111457549439003,"","","","race_wgoa"
2011,"pacific_capelin",NA,93.652584437241,NA,293.562616654395,234769.252,0.319020812338297,"","","","race_wgoa"
2011,"pacific_cod_adult",NA,67220.4338695069,NA,479236.184501612,234769.252,0.140265773001706,"","","","race_wgoa"
2011,"pacific_cod_juvenile",NA,1994.79734487402,NA,4702.7739106382,234769.252,0.424174621782596,"","","","race_wgoa"
2011,"pacific_dogfish",NA,5094.04825835008,NA,15677.8273036243,234769.252,0.32492054923787,"","","","race_wgoa"
2011,"pacific_halibut_adult",NA,42743.9681890865,NA,345883.330087281,234769.252,0.123579150745138,"","","","race_wgoa"
2011,"pacific_halibut_juvenile",NA,123.532624399667,NA,430.28180633494,234769.252,0.287097020094563,"","","","race_wgoa"
2011,"pacific_herring_adult",NA,7391.08070740753,NA,13957.0983058044,234769.252,0.529557114628457,"","","","race_wgoa"
2011,"pacific_ocean_perch_adult",NA,131645.650735807,NA,633143.00467626,234769.252,0.207924038903533,"","","","race_wgoa"
2011,"pacific_ocean_perch_juvenile",NA,135.846936277642,NA,725.781703610426,234769.252,0.187173272075979,"","","","race_wgoa"
2011,"pacific_sandlance",NA,2.22677309761728,NA,3.22471480532227,234769.252,0.690533343892016,"","","","race_wgoa"
2011,"pacific_sleeper_shark",NA,15925.8568509093,NA,29496.1287356629,234769.252,0.53993040895749,"","","","race_wgoa"
2011,"pandalid_shrimp",NA,987.726312436996,NA,5953.30911643017,234769.252,0.165912149549069,"","","","race_wgoa"
2011,"pelagic_shelf_rockfish",NA,36926.5910115988,NA,79815.9218096347,234769.252,0.462646927760488,"","","","race_wgoa"
2011,"rex_sole_adult",NA,6637.37169503633,NA,73443.0426994398,234769.252,0.0903744105782664,"","","","race_wgoa"
2011,"rex_sole_juvenile",NA,6.70289575338351,NA,30.2218910274428,234769.252,0.221789422352724,"","","","race_wgoa"
2011,"sablefish_adult",NA,10238.2536820469,NA,91561.5792445364,234769.252,0.111818229507633,"","","","race_wgoa"
2011,"sablefish_juvenile",NA,12.4943992267687,NA,19.2535506074129,234769.252,0.648940004965014,"","","","race_wgoa"
2011,"salmon_returning",NA,764.61891836113,NA,4532.01562633905,234769.252,0.168714978367978,"","","","race_wgoa"
2011,"salmon_shark",NA,3765.87548922527,NA,3765.87548922527,234769.252,1,"","","","race_wgoa"
2011,"sessile_epifauna",NA,6057.40115854748,NA,46651.4648852004,234769.252,0.129843750318527,"","","","race_wgoa"
2011,"shallow_water_flatfish",NA,25746.7466611445,NA,287144.449869256,234769.252,0.089664789526204,"","","","race_wgoa"
2011,"shelf_demersal_fish",NA,897.972954563785,NA,5737.15229646359,234769.252,0.156518932766923,"","","","race_wgoa"
2011,"shelf_forage_fish",NA,7995.27375813889,NA,49645.5601324024,234769.252,0.161047105457484,"","","","race_wgoa"
2011,"slope_demersal_fish",NA,56735.6531471028,NA,278151.479756677,234769.252,0.203973939655954,"","","","race_wgoa"
2011,"slope_forage_fish",NA,45.6915332013251,NA,201.976150657517,234769.252,0.226222418105207,"","","","race_wgoa"
2011,"slope_rockfish",NA,83345.9659194744,NA,274258.828429948,234769.252,0.303895288974308,"","","","race_wgoa"
2011,"squid",NA,423.501188501728,NA,2612.19541736926,234769.252,0.162124619653547,"","","","race_wgoa"
2011,"tanner_crab",NA,2683.78308032508,NA,6624.76134369763,234769.252,0.405113926538389,"","","","race_wgoa"
2011,"thornyheads",NA,2962.84243953217,NA,33874.6345032505,234769.252,0.0874649271639484,"","","","race_wgoa"
2011,"walleye_pollock_adult",NA,95262.1645779766,NA,607016.091994437,234769.252,0.156935155153761,"","","","race_wgoa"
2011,"walleye_pollock_juvenile",NA,3654.5318517756,NA,10706.5427260194,234769.252,0.341336316054131,"","","","race_wgoa"
2013,"arrowtooth_flounder_adult",NA,109388.890655246,NA,897967.59300724,234769.252,0.121818305590416,"","","","race_wgoa"
2013,"arrowtooth_flounder_juvenile",NA,110.13144820488,NA,465.068586368259,234769.252,0.236806895655761,"","","","race_wgoa"
2013,"atka_mackerel",NA,70398.2146029327,NA,105096.095796705,234769.252,0.669846144799794,"","","","race_wgoa"
2013,"big_skate",NA,5214.68363127574,NA,23481.2600341612,234769.252,0.22207852660757,"","","","race_wgoa"
2013,"deep_water_flatfish",NA,3244.23345231491,NA,24211.7149288915,234769.252,0.133994368504794,"","","","race_wgoa"
2013,"demersal_shelf_rockfish",NA,425.420760251898,NA,760.293245196754,234769.252,0.559548257122559,"","","","race_wgoa"
2013,"flathead_sole_adult",NA,16872.0690088432,NA,172584.814991479,234769.252,0.0977610284524522,"","","","race_wgoa"
2013,"flathead_sole_juvenile",NA,278.074114142399,NA,1580.12705684349,234769.252,0.175982123043883,"","","","race_wgoa"
2013,"gelatinous_carnivores",NA,6040.45736769116,NA,20420.6139702974,234769.252,0.295801946820857,"","","","race_wgoa"
2013,"infauna",NA,192.165504307064,NA,1225.78060293379,234769.252,0.156769901438426,"","","","race_wgoa"
2013,"king_crab",NA,327.608155898786,NA,765.513616992755,234769.252,0.427958626243335,"","","","race_wgoa"
2013,"large_sculpins",NA,3973.24205329127,NA,33084.433559973,234769.252,0.12009400270036,"","","","race_wgoa"
2013,"lingcod",NA,1637.16577409135,NA,3804.85322488463,234769.252,0.43028355558735,"","","","race_wgoa"
2013,"longnose_skate",NA,4012.64416770638,NA,30401.2871671108,234769.252,0.131989285376292,"","","","race_wgoa"
2013,"motile_epifauna",NA,3115.58871536321,NA,24931.4357129517,234769.252,0.124966277563578,"","","","race_wgoa"
2013,"nonpandalid_shrimp",NA,58.0342763495219,NA,167.761019252811,234769.252,0.345934214086204,"","","","race_wgoa"
2013,"octopus",NA,488.927323493284,NA,2563.87018881849,234769.252,0.190698938513184,"","","","race_wgoa"
2013,"other_gelatinous_zooplankton",NA,29.1623503390993,NA,82.32466041032,234769.252,0.354235902021936,"","","","race_wgoa"
2013,"other_skates",NA,3464.36742698029,NA,28632.9019015928,234769.252,0.120992536449391,"","","","race_wgoa"
2013,"pacific_capelin",NA,2013.03874580358,NA,3258.20990295925,234769.252,0.617835807317157,"","","","race_wgoa"
2013,"pacific_cod_adult",NA,70003.0939596426,NA,457879.472252994,234769.252,0.152885416800174,"","","","race_wgoa"
2013,"pacific_cod_juvenile",NA,2727.10140548977,NA,9246.64086932659,234769.252,0.294928876770401,"","","","race_wgoa"
2013,"pacific_dogfish",NA,8067.29964791321,NA,19510.4923746212,234769.252,0.413485190071727,"","","","race_wgoa"
2013,"pacific_halibut_adult",NA,12963.2484691409,NA,192641.553926512,234769.252,0.067292067598697,"","","","race_wgoa"
2013,"pacific_halibut_juvenile",NA,154.310268839475,NA,752.602958199662,234769.252,0.205035426924986,"","","","race_wgoa"
2013,"pacific_herring_adult",NA,2331.97869234633,NA,3812.24050060125,234769.252,0.611708178426449,"","","","race_wgoa"
2013,"pacific_ocean_perch_adult",NA,173418.840008343,NA,1020526.75654313,234769.252,0.169930713620653,"","","","race_wgoa"
2013,"pacific_ocean_perch_juvenile",NA,510.333250794801,NA,1507.61633862999,234769.252,0.338503396201287,"","","","race_wgoa"
2013,"pacific_sandlance",NA,3.46494919936051,NA,5.09205171440803,234769.252,0.680462295690436,"","","","race_wgoa"
2013,"pacific_sleeper_shark",NA,18678.5718963698,NA,40848.1083943901,234769.252,0.457268956398849,"","","","race_wgoa"
2013,"pandalid_shrimp",NA,1432.30264893472,NA,10730.6164472832,234769.252,0.133478132963867,"","","","race_wgoa"
2013,"pelagic_shelf_rockfish",NA,17227.9036136249,NA,59059.5164864386,234769.252,0.291704108644046,"","","","race_wgoa"
2013,"rex_sole_adult",NA,12702.6950245862,NA,75110.3388022915,234769.252,0.169120459674969,"","","","race_wgoa"
2013,"rex_sole_juvenile",NA,25.5330617335329,NA,106.45211108456,234769.252,0.239854911973054,"","","","race_wgoa"
2013,"sablefish_adult",NA,8480.54078432099,NA,47047.3549152074,234769.252,0.180255421364396,"","","","race_wgoa"
2013,"sablefish_juvenile",NA,3.42079434991842,NA,3.45018849720515,234769.252,0.991480422791235,"","","","race_wgoa"
2013,"salmon_returning",NA,2052.89546151642,NA,8944.60139412545,234769.252,0.229512235488179,"","","","race_wgoa"
2013,"salmon_shark",NA,3978.49343668263,NA,3978.49343668263,234769.252,1,"","","","race_wgoa"
2013,"sessile_epifauna",NA,6406.99910817473,NA,38273.8017811497,234769.252,0.167399077437096,"","","","race_wgoa"
2013,"shallow_water_flatfish",NA,27710.1761012217,NA,275268.128985726,234769.252,0.100666125800051,"","","","race_wgoa"
2013,"shelf_demersal_fish",NA,1743.28456571761,NA,11235.5161980996,234769.252,0.155158386582406,"","","","race_wgoa"
2013,"shelf_forage_fish",NA,6460.10966883704,NA,37989.9579770854,234769.252,0.1700478234994,"","","","race_wgoa"
2013,"slope_demersal_fish",NA,59626.8624209515,NA,319885.821998224,234769.252,0.186400453913467,"","","","race_wgoa"
2013,"slope_forage_fish",NA,63.4341891161082,NA,184.652330556408,234769.252,0.343533108544926,"","","","race_wgoa"
2013,"slope_rockfish",NA,220904.546091938,NA,415869.427821956,234769.252,0.531187270121988,"","","","race_wgoa"
2013,"squid",NA,1294.78516714011,NA,7550.12991808645,234769.252,0.171491773146636,"","","","race_wgoa"
2013,"tanner_crab",NA,582.635581806989,NA,2687.51610828235,234769.252,0.216793335679526,"","","","race_wgoa"
2013,"thornyheads",NA,3867.9641300376,NA,41278.4609807604,234769.252,0.0937041749652545,"","","","race_wgoa"
2013,"walleye_pollock_adult",NA,190428.452186489,NA,842628.405634104,234769.252,0.225993392714059,"","","","race_wgoa"
2013,"walleye_pollock_juvenile",NA,4201.00444314849,NA,20478.0858478228,234769.252,0.205146343968234,"","","","race_wgoa"
2015,"arrowtooth_flounder_adult",NA,110218.18054745,NA,1109573.16605544,234769.252,0.0993338555034444,"","","","race_wgoa"
2015,"arrowtooth_flounder_juvenile",NA,107.144473097026,NA,548.552074689628,234769.252,0.195322336822166,"","","","race_wgoa"
2015,"atka_mackerel",NA,17978.1459481173,NA,28780.3526484228,234769.252,0.624667326621604,"","","","race_wgoa"
2015,"big_skate",NA,6883.58036904346,NA,45491.1836788427,234769.252,0.151316800583602,"","","","race_wgoa"
2015,"deep_water_flatfish",NA,2381.49219691075,NA,20819.1510774573,234769.252,0.114389495904538,"","","","race_wgoa"
2015,"demersal_shelf_rockfish",NA,590.59849749155,NA,1257.10363033209,234769.252,0.469808918884062,"","","","race_wgoa"
2015,"flathead_sole_adult",NA,15445.2514721489,NA,186177.097303155,234769.252,0.0829599972063113,"","","","race_wgoa"
2015,"flathead_sole_juvenile",NA,273.637441016143,NA,1581.88644900881,234769.252,0.172981721404593,"","","","race_wgoa"
2015,"gelatinous_carnivores",NA,4105.93848060341,NA,23159.770963806,234769.252,0.177287525296349,"","","","race_wgoa"
2015,"infauna",NA,371.180390267155,NA,1833.23401224645,234769.252,0.202473000057592,"","","","race_wgoa"
2015,"king_crab",NA,795.295033193225,NA,1277.55698067285,234769.252,0.622512377314372,"","","","race_wgoa"
2015,"large_sculpins",NA,7553.15573666351,NA,43677.226557199,234769.252,0.172931212259368,"","","","race_wgoa"
2015,"lingcod",NA,1369.80333081474,NA,4696.86159601519,234769.252,0.291642260009722,"","","","race_wgoa"
2015,"longnose_skate",NA,3476.00984798532,NA,34956.0854520667,234769.252,0.0994393337535397,"","","","race_wgoa"
2015,"miscellaneous_deep_sea_fish",NA,4.38727167076142,NA,13.9897468462658,234769.252,0.313606223112786,"","","","race_wgoa"
2015,"motile_epifauna",NA,2652.29837339523,NA,31510.5678796097,234769.252,0.0841717097428613,"","","","race_wgoa"
2015,"mysids",NA,0.0853829140185624,NA,0.147835488112952,234769.252,0.577553570583314,"","","","race_wgoa"
2015,"nonpandalid_shrimp",NA,41.5581993893953,NA,168.939447760891,234769.252,0.245994644472941,"","","","race_wgoa"
2015,"octopus",NA,1832.79019692088,NA,12644.2302728867,234769.252,0.144950713279161,"","","","race_wgoa"
2015,"other_gelatinous_zooplankton",NA,13.1119030794724,NA,60.8712373322887,234769.252,0.215403919061084,"","","","race_wgoa"
2015,"other_skates",NA,2765.82886243788,NA,24053.6842801205,234769.252,0.11498566415972,"","","","race_wgoa"
2015,"pacific_capelin",NA,12.2813776250803,NA,56.280782761427,234769.252,0.218216183615299,"","","","race_wgoa"
2015,"pacific_cod_adult",NA,25397.2609905098,NA,229360.005435087,234769.252,0.110730992277107,"","","","race_wgoa"
2015,"pacific_cod_juvenile",NA,533.331801716266,NA,2921.33329406854,234769.252,0.182564516961875,"","","","race_wgoa"
2015,"pacific_dogfish",NA,7667.18794938494,NA,18963.6171492144,234769.252,0.404310416575911,"","","","race_wgoa"
2015,"pacific_halibut_adult",NA,13976.3538786202,NA,283768.548098243,234769.252,0.0492526531650062,"","","","race_wgoa"
2015,"pacific_halibut_juvenile",NA,175.816994610848,NA,1183.34171601594,234769.252,0.148576689413762,"","","","race_wgoa"
2015,"pacific_herring_adult",NA,1771.81925816809,NA,2938.49251807329,234769.252,0.602968783235099,"","","","race_wgoa"
2015,"pacific_ocean_perch_adult",NA,167596.162587986,NA,890754.772414785,234769.252,0.188150732141061,"","","","race_wgoa"
2015,"pacific_ocean_perch_juvenile",NA,226.399766934605,NA,506.981346982747,234769.252,0.446564293305862,"","","","race_wgoa"
2015,"pacific_sandlance",NA,2.39616306652842,NA,3.12021427001749,234769.252,0.767948243027228,"","","","race_wgoa"
2015,"pacific_sleeper_shark",NA,40432.7242197167,NA,70932.6160938166,234769.252,0.570015973557774,"","","","race_wgoa"
2015,"pandalid_shrimp",NA,1855.00441711006,NA,12510.8300128116,234769.252,0.14827189045095,"","","","race_wgoa"
2015,"pelagic_shelf_rockfish",NA,7832.38264892632,NA,30912.1847693667,234769.252,0.253375253394837,"","","","race_wgoa"
2015,"rex_sole_adult",NA,5875.67186616015,NA,62350.3088447324,234769.252,0.0942364516716672,"","","","race_wgoa"
2015,"rex_sole_juvenile",NA,4.32068184696231,NA,18.0079998417549,234769.252,0.23993124638662,"","","","race_wgoa"
2015,"sablefish_adult",NA,11013.7369516197,NA,89701.1238744252,234769.252,0.122782597094749,"","","","race_wgoa"
2015,"sablefish_juvenile",NA,2709.64503080895,NA,8615.10526023052,234769.252,0.314522568089487,"","","","race_wgoa"
2015,"salmon_returning",NA,1835.56772409595,NA,15405.3054606385,234769.252,0.119151660367004,"","","","race_wgoa"
2015,"salmon_shark",NA,5127.10469604553,NA,5127.10469604553,234769.252,1,"","","","race_wgoa"
2015,"sessile_epifauna",NA,10329.2765938383,NA,55138.7884589544,234769.252,0.187332309659423,"","","","race_wgoa"
2015,"shallow_water_flatfish",NA,20086.2984397483,NA,239351.560388105,234769.252,0.0839196469293063,"","","","race_wgoa"
2015,"shelf_demersal_fish",NA,979.970017402364,NA,7680.0212240682,234769.252,0.127599910053798,"","","","race_wgoa"
2015,"shelf_forage_fish",NA,20777.7948566521,NA,93795.5742686886,234769.252,0.221522124243641,"","","","race_wgoa"
2015,"slope_demersal_fish",NA,57899.4686693361,NA,467018.612993394,234769.252,0.123976790342947,"","","","race_wgoa"
2015,"slope_forage_fish",NA,79.024696002663,NA,515.409130894649,234769.252,0.153324206471646,"","","","race_wgoa"
2015,"slope_rockfish",NA,26239.6599866714,NA,116807.734229332,234769.252,0.22463974804232,"","","","race_wgoa"
2015,"squid",NA,1672.0381324901,NA,12509.5307898506,234769.252,0.133661138901123,"","","","race_wgoa"
2015,"tanner_crab",NA,604.285218698061,NA,4615.94402532592,234769.252,0.130912596726169,"","","","race_wgoa"
2015,"thornyheads",NA,4685.20218868218,NA,61816.3137373199,234769.252,0.0757923257700436,"","","","race_wgoa"
2015,"walleye_pollock_adult",NA,112859.918207906,NA,676769.974939805,234769.252,0.166762596431592,"","","","race_wgoa"
2015,"walleye_pollock_juvenile",NA,3254.06544483596,NA,9006.43289692876,234769.252,0.361304578857809,"","","","race_wgoa"
2017,"arrowtooth_flounder_adult",NA,62242.6533215481,NA,833297.73971755,234769.252,0.0746943743572921,"","","","race_wgoa"
2017,"arrowtooth_flounder_juvenile",NA,156.489920125205,NA,1393.75413982985,234769.252,0.112279429817019,"","","","race_wgoa"
2017,"atka_mackerel",NA,24785.2659620023,NA,37703.6540132802,234769.252,0.657370395804935,"","","","race_wgoa"
2017,"big_skate",NA,5146.14809460478,NA,27946.1321688927,234769.252,0.184145271463829,"","","","race_wgoa"
2017,"deep_water_flatfish",NA,5472.29067048331,NA,20754.9914696103,234769.252,0.26366142710759,"","","","race_wgoa"
2017,"demersal_shelf_rockfish",NA,448.752880854469,NA,1391.35125522805,234769.252,0.322530259104783,"","","","race_wgoa"
2017,"flathead_sole_adult",NA,23985.7511153061,NA,210361.692372627,234769.252,0.114021478173025,"","","","race_wgoa"
2017,"flathead_sole_juvenile",NA,261.587379931088,NA,1460.1976531986,234769.252,0.179145185830203,"","","","race_wgoa"
2017,"gelatinous_carnivores",NA,1088.08289203695,NA,7599.06837120735,234769.252,0.143186353758793,"","","","race_wgoa"
2017,"infauna",NA,88.6165771157331,NA,570.309739914824,234769.252,0.155383243373974,"","","","race_wgoa"
2017,"king_crab",NA,395.890879394505,NA,816.004871605775,234769.252,0.485157494973591,"","","","race_wgoa"
2017,"large_sculpins",NA,3444.55496022877,NA,29401.7636014058,234769.252,0.117154705647115,"","","","race_wgoa"
2017,"lingcod",NA,15294.1334885758,NA,20147.3594995174,234769.252,0.759113544826663,"","","","race_wgoa"
2017,"longnose_skate",NA,7970.45628337222,NA,41351.478295215,234769.252,0.192749004678136,"","","","race_wgoa"
2017,"miscellaneous_deep_sea_fish",NA,22.3435562306743,NA,24.7107650425513,234769.252,0.90420333778413,"","","","race_wgoa"
2017,"motile_epifauna",NA,1625.72871989176,NA,20920.8602247134,234769.252,0.0777085025390743,"","","","race_wgoa"
2017,"nonpandalid_shrimp",NA,188.773729711229,NA,406.436770183724,234769.252,0.464460264325731,"","","","race_wgoa"
2017,"octopus",NA,448.411597946985,NA,1011.86031654873,234769.252,0.443155631872624,"","","","race_wgoa"
2017,"other_gelatinous_zooplankton",NA,146.432667460021,NA,869.389810896714,234769.252,0.168431543163573,"","","","race_wgoa"
2017,"other_skates",NA,2153.49524541798,NA,16458.8502745484,234769.252,0.130841171132597,"","","","race_wgoa"
2017,"pacific_capelin",NA,47.7602056872906,NA,151.130327469889,234769.252,0.316019997354974,"","","","race_wgoa"
2017,"pacific_cod_adult",NA,12537.1272453311,NA,91745.0338585059,234769.252,0.136651835179074,"","","","race_wgoa"
2017,"pacific_cod_juvenile",NA,410.575371615245,NA,1617.33377828322,234769.252,0.25385939323611,"","","","race_wgoa"
2017,"pacific_dogfish",NA,6949.74376286275,NA,27384.9157651115,234769.252,0.253779994157103,"","","","race_wgoa"
2017,"pacific_hake",NA,1.41563095972363,NA,1.41563095972363,234769.252,1,"","","","race_wgoa"
2017,"pacific_halibut_adult",NA,12488.6010074723,NA,240349.543536351,234769.252,0.051960161120853,"","","","race_wgoa"
2017,"pacific_halibut_juvenile",NA,137.63092372137,NA,438.179987185354,234769.252,0.314096781565587,"","","","race_wgoa"
2017,"pacific_herring_adult",NA,8124.75945755112,NA,13869.6528357097,234769.252,0.585794003194702,"","","","race_wgoa"
2017,"pacific_ocean_perch_adult",NA,335879.992568232,NA,1220900.27138096,234769.252,0.275108459258772,"","","","race_wgoa"
2017,"pacific_ocean_perch_juvenile",NA,240.612784122142,NA,540.833830175584,234769.252,0.444892258392981,"","","","race_wgoa"
2017,"pacific_sandlance",NA,6.18690472116386,NA,16.4542503809544,234769.252,0.376006477227618,"","","","race_wgoa"
2017,"pacific_sleeper_shark",NA,6561.37249353139,NA,6561.37249353139,234769.252,1,"","","","race_wgoa"
2017,"pandalid_shrimp",NA,1517.55293744232,NA,8324.58614006961,234769.252,0.182297703682555,"","","","race_wgoa"
2017,"pelagic_shelf_rockfish",NA,12990.0371255708,NA,49502.0382272723,234769.252,0.262414187188239,"","","","race_wgoa"
2017,"rex_sole_adult",NA,12166.3441405102,NA,74901.1711952501,234769.252,0.162431961294642,"","","","race_wgoa"
2017,"rex_sole_juvenile",NA,41.0501669448564,NA,268.364962565879,234769.252,0.152963958306514,"","","","race_wgoa"
2017,"sablefish_adult",NA,19626.4992998418,NA,90632.5187871379,234769.252,0.216550301839642,"","","","race_wgoa"
2017,"sablefish_juvenile",NA,4155.926975988,NA,9949.35268776285,234769.252,0.417708277755553,"","","","race_wgoa"
2017,"salmon_returning",NA,2110.02740208701,NA,10175.8472130238,234769.252,0.207356435087433,"","","","race_wgoa"
2017,"sessile_epifauna",NA,6097.23576896826,NA,38905.2046804254,234769.252,0.156720310792659,"","","","race_wgoa"
2017,"shallow_water_flatfish",NA,25881.5499227059,NA,263778.112533877,234769.252,0.0981186409823216,"","","","race_wgoa"
2017,"shelf_demersal_fish",NA,1513.45477954114,NA,8336.70655926699,234769.252,0.181541088052188,"","","","race_wgoa"
2017,"shelf_forage_fish",NA,2367.09727852224,NA,12414.531014998,234769.252,0.190671502263158,"","","","race_wgoa"
2017,"slope_demersal_fish",NA,27211.4461324537,NA,137525.144404804,234769.252,0.197865243117702,"","","","race_wgoa"
2017,"slope_forage_fish",NA,68.639578639503,NA,300.631311902963,234769.252,0.228318128956767,"","","","race_wgoa"
2017,"slope_rockfish",NA,71574.0277409461,NA,218814.487073332,234769.252,0.327099127202483,"","","","race_wgoa"
2017,"squid",NA,201.175727709739,NA,1130.9991116449,234769.252,0.177874346353071,"","","","race_wgoa"
2017,"tanner_crab",NA,2306.6674056292,NA,3997.15884876955,234769.252,0.577076741981186,"","","","race_wgoa"
2017,"thornyheads",NA,4200.76687312061,NA,48370.9867706958,234769.252,0.086844762812768,"","","","race_wgoa"
2017,"walleye_pollock_adult",NA,126423.385132347,NA,258312.125510757,234769.252,0.489421024593296,"","","","race_wgoa"
2017,"walleye_pollock_juvenile",NA,1834.26013852359,NA,5706.18233986139,234769.252,0.3214513713854,"","","","race_wgoa"
2019,"arrowtooth_flounder_adult",NA,53252.4043674629,NA,826291.008651087,234769.252,0.0644475176540974,"","","","race_wgoa"
2019,"arrowtooth_flounder_juvenile",NA,209.782901850962,NA,1936.09657994861,234769.252,0.108353531545689,"","","","race_wgoa"
2019,"atka_mackerel",NA,222.562922368484,NA,825.23029133888,234769.252,0.269697955473,"","","","race_wgoa"
2019,"big_skate",NA,6040.68982824327,NA,30553.2375913298,234769.252,0.197710301901278,"","","","race_wgoa"
2019,"deep_water_flatfish",NA,1965.9598220728,NA,15516.4184651001,234769.252,0.126701907820718,"","","","race_wgoa"
2019,"demersal_shelf_rockfish",NA,606.324949135244,NA,1934.43747768064,234769.252,0.313437346066215,"","","","race_wgoa"
2019,"flathead_sole_adult",NA,15952.3384117939,NA,155950.914745912,234769.252,0.102290765256393,"","","","race_wgoa"
2019,"flathead_sole_juvenile",NA,282.230637257688,NA,1471.13941563182,234769.252,0.191844929351224,"","","","race_wgoa"
2019,"gelatinous_carnivores",NA,17603.2197306552,NA,105598.502973106,234769.252,0.166699519737874,"","","","race_wgoa"
2019,"infauna",NA,168.060378758109,NA,853.170755006961,234769.252,0.19698328590358,"","","","race_wgoa"
2019,"king_crab",NA,491.401185563267,NA,1084.53324296576,234769.252,0.453099237621785,"","","","race_wgoa"
2019,"large_sculpins",NA,3667.48873247434,NA,27676.2551137479,234769.252,0.132513908308807,"","","","race_wgoa"
2019,"lingcod",NA,2064.25146177016,NA,9699.76166738025,234769.252,0.212814657984032,"","","","race_wgoa"
2019,"longnose_skate",NA,3135.95324853065,NA,24931.2631817114,234769.252,0.12578396953553,"","","","race_wgoa"
2019,"miscellaneous_deep_sea_fish",NA,1.04712938826524,NA,2.70661651347972,234769.252,0.386877632294874,"","","","race_wgoa"
2019,"motile_epifauna",NA,1844.03604968249,NA,16097.1143789755,234769.252,0.114556932768707,"","","","race_wgoa"
2019,"mysids",NA,0.0712281600834167,NA,0.0712281600834167,234769.252,1,"","","","race_wgoa"
2019,"nonpandalid_shrimp",NA,76.0027766935263,NA,239.369041917465,234769.252,0.317512975298335,"","","","race_wgoa"
2019,"octopus",NA,2010.05309900739,NA,12742.5501721553,234769.252,0.157743392951256,"","","","race_wgoa"
2019,"other_gelatinous_zooplankton",NA,26.3923239893979,NA,52.1561576448406,234769.252,0.506025082773879,"","","","race_wgoa"
2019,"other_skates",NA,1630.3276831081,NA,10233.7259917507,234769.252,0.159309295990755,"","","","race_wgoa"
2019,"pacific_capelin",NA,392.381743524481,NA,1152.97766409749,234769.252,0.340320333812906,"","","","race_wgoa"
2019,"pacific_cod_adult",NA,37788.1948423839,NA,157502.535241768,234769.252,0.239921184661433,"","","","race_wgoa"
2019,"pacific_cod_juvenile",NA,1680.27500696605,NA,5222.66240850952,234769.252,0.321727669823786,"","","","race_wgoa"
2019,"pacific_dogfish",NA,2510.82671711444,NA,13465.8003436494,234769.252,0.186459523610757,"","","","race_wgoa"
2019,"pacific_hake",NA,2.69593250995573,NA,3.88914141007676,234769.252,0.69319477635104,"","","","race_wgoa"
2019,"pacific_halibut_adult",NA,20540.2983542504,NA,235621.7348837,234769.252,0.0871748880229105,"","","","race_wgoa"
2019,"pacific_halibut_juvenile",NA,411.070896001751,NA,1827.72806569529,234769.252,0.224908127044257,"","","","race_wgoa"
2019,"pacific_herring_adult",NA,28482.0644061124,NA,45086.4841398815,234769.252,0.631720679699627,"","","","race_wgoa"
2019,"pacific_ocean_perch_adult",NA,171144.466522729,NA,1003526.40245743,234769.252,0.170543063046105,"","","","race_wgoa"
2019,"pacific_ocean_perch_juvenile",NA,223.533141933317,NA,749.946739683828,234769.252,0.298065355984555,"","","","race_wgoa"
2019,"pacific_sandlance",NA,4.79464318010115,NA,12.0525041949521,234769.252,0.397813027280194,"","","","race_wgoa"
2019,"pacific_sleeper_shark",NA,4877.73300854043,NA,4877.73300854043,234769.252,1,"","","","race_wgoa"
2019,"pandalid_shrimp",NA,1348.20728916257,NA,11499.9910218334,234769.252,0.117235507975869,"","","","race_wgoa"
2019,"pelagic_shelf_rockfish",NA,19177.6754502093,NA,80271.8583436829,234769.252,0.238909075308813,"","","","race_wgoa"
2019,"rex_sole_adult",NA,7905.61539766316,NA,64369.6603991457,234769.252,0.122815863073407,"","","","race_wgoa"
2019,"rex_sole_juvenile",NA,24.7856690081195,NA,125.702703965971,234769.252,0.197176896169467,"","","","race_wgoa"
2019,"sablefish_adult",NA,19383.505377351,NA,210322.070412543,234769.252,0.0921610620289665,"","","","race_wgoa"
2019,"sablefish_juvenile",NA,538.310285400688,NA,1636.33117345063,234769.252,0.328973922965436,"","","","race_wgoa"
2019,"salmon_returning",NA,1691.89297030362,NA,12671.5178662769,234769.252,0.133519361149804,"","","","race_wgoa"
2019,"sessile_epifauna",NA,7248.24893765313,NA,35247.3109594963,234769.252,0.20563977053405,"","","","race_wgoa"
2019,"shallow_water_flatfish",NA,24427.0578925277,NA,217822.884496044,234769.252,0.11214183463341,"","","","race_wgoa"
2019,"shelf_demersal_fish",NA,1033.29878997087,NA,7178.78376791343,234769.252,0.143937862370134,"","","","race_wgoa"
2019,"shelf_forage_fish",NA,5816.10889293285,NA,24765.7786437622,234769.252,0.234844580362013,"","","","race_wgoa"
2019,"slope_demersal_fish",NA,28219.818757809,NA,203441.016881572,234769.252,0.138712532951192,"","","","race_wgoa"
2019,"slope_forage_fish",NA,42.6755683967426,NA,315.005078799353,234769.252,0.135475810610423,"","","","race_wgoa"
2019,"slope_rockfish",NA,46809.3719904302,NA,159261.450641803,234769.252,0.293915268269846,"","","","race_wgoa"
2019,"squid",NA,257.67818290337,NA,2286.97139725686,234769.252,0.112672236833589,"","","","race_wgoa"
2019,"tanner_crab",NA,2414.29630484955,NA,7128.26368194456,234769.252,0.338693462050908,"","","","race_wgoa"
2019,"thornyheads",NA,5164.68061912849,NA,52389.3699280371,234769.252,0.0985826060939992,"","","","race_wgoa"
2019,"walleye_pollock_adult",NA,59335.7454652641,NA,230458.309872336,234769.252,0.257468457085073,"","","","race_wgoa"
2019,"walleye_pollock_juvenile",NA,3967.84133437962,NA,12649.5915207836,234769.252,0.31367347537352,"","","","race_wgoa"
2021,"arrowtooth_flounder_adult",NA,77104.42093861,NA,948166.56637419,234769.252,0.0813194892891647,"","","","race_wgoa"
2021,"arrowtooth_flounder_juvenile",NA,186.487669394445,NA,842.618262119109,234769.252,0.221319282738361,"","","","race_wgoa"
2021,"atka_mackerel",NA,23562.0457649904,NA,24410.5861948529,234769.252,0.965238834369268,"","","","race_wgoa"
2021,"big_skate",NA,5174.13653508258,NA,23360.5805513262,234769.252,0.22149006629841,"","","","race_wgoa"
2021,"deep_water_flatfish",NA,2445.08214075366,NA,17809.5600010186,234769.252,0.137290429444288,"","","","race_wgoa"
2021,"demersal_shelf_rockfish",NA,2735.99541103016,NA,3719.05924629132,234769.252,0.73566868120171,"","","","race_wgoa"
2021,"flathead_sole_adult",NA,16877.7936515277,NA,145277.212179622,234769.252,0.116176469787016,"","","","race_wgoa"
2021,"flathead_sole_juvenile",NA,158.265655177239,NA,851.927956437935,234769.252,0.185773519910036,"","","","race_wgoa"
2021,"gelatinous_carnivores",NA,1635.799779212,NA,19021.182592999,234769.252,0.0859988474015321,"","","","race_wgoa"
2021,"infauna",NA,427.184586441751,NA,1114.36384533373,234769.252,0.383343903546885,"","","","race_wgoa"
2021,"king_crab",NA,533.982387498921,NA,1608.64341343747,234769.252,0.331945776819406,"","","","race_wgoa"
2021,"large_sculpins",NA,3359.15315168283,NA,23047.9224891373,234769.252,0.145746461672024,"","","","race_wgoa"
2021,"lingcod",NA,3045.03278872407,NA,16555.8235537782,234769.252,0.183925177677384,"","","","race_wgoa"
2021,"longnose_skate",NA,3482.77790132033,NA,30115.9961275096,234769.252,0.115645449234833,"","","","race_wgoa"
2021,"miscellaneous_deep_sea_fish",NA,4.35411800939084,NA,25.3900071853074,234769.252,0.171489435887614,"","","","race_wgoa"
2021,"motile_epifauna",NA,3824.96297651244,NA,26911.9359660408,234769.252,0.142128867330059,"","","","race_wgoa"
2021,"mysids",NA,0.0436846655451068,NA,0.0436846655451068,234769.252,1,"","","","race_wgoa"
2021,"nonpandalid_shrimp",NA,150.333857883245,NA,563.868457658974,234769.252,0.266611575521336,"","","","race_wgoa"
2021,"octopus",NA,465.800341459425,NA,1181.77634745793,234769.252,0.394152702803191,"","","","race_wgoa"
2021,"other_gelatinous_zooplankton",NA,6.7932081771994,NA,14.2287789915544,234769.252,0.477427345047072,"","","","race_wgoa"
2021,"other_skates",NA,2387.03109540979,NA,12836.5185778245,234769.252,0.185956268511422,"","","","race_wgoa"
2021,"pacific_capelin",NA,3972.34891748668,NA,5301.46696309146,234769.252,0.749292402488212,"","","","race_wgoa"
2021,"pacific_cod_adult",NA,13400.8424005321,NA,141774.122393057,234769.252,0.0945224853050356,"","","","race_wgoa"
2021,"pacific_cod_juvenile",NA,447.817185800644,NA,2063.18799818059,234769.252,0.217051081237167,"","","","race_wgoa"
2021,"pacific_dogfish",NA,3139.35263609146,NA,12622.3041987581,234769.252,0.248714702692742,"","","","race_wgoa"
2021,"pacific_hake",NA,21.6359443351616,NA,21.6359443351616,234769.252,1,"","","","race_wgoa"
2021,"pacific_halibut_adult",NA,15059.2124811804,NA,201223.492614111,234769.252,0.0748382422228384,"","","","race_wgoa"
2021,"pacific_halibut_juvenile",NA,401.029581399833,NA,728.368618882439,234769.252,0.550586023345084,"","","","race_wgoa"
2021,"pacific_herring_adult",NA,1718.86409597214,NA,3122.73070551386,234769.252,0.550436223314777,"","","","race_wgoa"
2021,"pacific_ocean_perch_adult",NA,301449.63126866,NA,1327185.09094456,234769.252,0.227134582301642,"","","","race_wgoa"
2021,"pacific_ocean_perch_juvenile",NA,74.2450665761735,NA,220.556554998323,234769.252,0.336625980473526,"","","","race_wgoa"
2021,"pacific_sandlance",NA,10.8568800095022,NA,25.1887577472612,234769.252,0.431020859322954,"","","","race_wgoa"
2021,"pandalid_shrimp",NA,2326.42776793391,NA,8918.93646503166,234769.252,0.260841388102169,"","","","race_wgoa"
2021,"pelagic_shelf_rockfish",NA,53078.4084620333,NA,108421.561369078,234769.252,0.489555839187271,"","","","race_wgoa"
2021,"rex_sole_adult",NA,7785.49506266763,NA,84451.3576271996,234769.252,0.0921891048458423,"","","","race_wgoa"
2021,"rex_sole_juvenile",NA,15.6897271848031,NA,79.1928779765985,234769.252,0.19812043185802,"","","","race_wgoa"
2021,"sablefish_adult",NA,29322.9210175954,NA,260966.722835325,234769.252,0.112362682486911,"","","","race_wgoa"
2021,"sablefish_juvenile",NA,246.493337421344,NA,859.192511637794,234769.252,0.286889531836675,"","","","race_wgoa"
2021,"salmon_returning",NA,2269.37931593669,NA,12677.4225823275,234769.252,0.179009518788167,"","","","race_wgoa"
2021,"salmon_shark",NA,1235.29624285895,NA,1235.29624285895,234769.252,1,"","","","race_wgoa"
2021,"sessile_epifauna",NA,5605.55437730844,NA,25782.3610036469,234769.252,0.217418194420423,"","","","race_wgoa"
2021,"shallow_water_flatfish",NA,21945.0059516289,NA,251680.177541003,234769.252,0.0871940180829448,"","","","race_wgoa"
2021,"shelf_demersal_fish",NA,1014.30878878814,NA,6437.76597759769,234769.252,0.15755602056952,"","","","race_wgoa"
2021,"shelf_forage_fish",NA,3884.37817648553,NA,24483.6481739411,234769.252,0.158651935728264,"","","","race_wgoa"
2021,"slope_demersal_fish",NA,38097.8089385046,NA,184172.705963079,234769.252,0.206859147446864,"","","","race_wgoa"
2021,"slope_forage_fish",NA,107.349495912663,NA,314.332039316782,234769.252,0.34151623915269,"","","","race_wgoa"
2021,"slope_rockfish",NA,32116.3771357693,NA,125742.160867464,234769.252,0.255414547628308,"","","","race_wgoa"
2021,"squid",NA,1558.05557200198,NA,6359.03545974284,234769.252,0.245014449418558,"","","","race_wgoa"
2021,"tanner_crab",NA,1526.29896568957,NA,4694.54290143325,234769.252,0.325121954945516,"","","","race_wgoa"
2021,"thornyheads",NA,5146.37468613482,NA,43677.7185824538,234769.252,0.117826087377243,"","","","race_wgoa"
2021,"walleye_pollock_adult",NA,75256.5629597176,NA,438379.464187064,234769.252,0.171669909536648,"","","","race_wgoa"
2021,"walleye_pollock_juvenile",NA,5886.6174875636,NA,19108.6700678423,234769.252,0.308060030690996,"","","","race_wgoa"
2023,"arrowtooth_flounder_adult",NA,101785.077562221,NA,871408.982066062,234769.252,0.116805173755375,"","","","race_wgoa"
2023,"arrowtooth_flounder_juvenile",NA,82.5230984586025,NA,511.850374219178,234769.252,0.161225042737325,"","","","race_wgoa"
2023,"atka_mackerel",NA,40794.0592833364,NA,77874.4318520283,234769.252,0.523844069396879,"","","","race_wgoa"
2023,"big_skate",NA,6735.90122892838,NA,33337.3477739903,234769.252,0.202052703010277,"","","","race_wgoa"
2023,"deep_water_flatfish",NA,2664.27766826708,NA,18760.5474882264,234769.252,0.142014920936562,"","","","race_wgoa"
2023,"demersal_shelf_rockfish",NA,1342.20167296278,NA,3291.29826642,234769.252,0.407803111208975,"","","","race_wgoa"
2023,"flathead_sole_adult",NA,14710.223234123,NA,114979.40233007,234769.252,0.127937899623921,"","","","race_wgoa"
2023,"flathead_sole_juvenile",NA,162.142158445326,NA,835.543341495573,234769.252,0.194055951849369,"","","","race_wgoa"
2023,"gelatinous_carnivores",NA,968.035918975319,NA,11612.24206631,234769.252,0.0833633947214921,"","","","race_wgoa"
2023,"infauna",NA,711.401913465381,NA,1701.79932952563,234769.252,0.418029259456626,"","","","race_wgoa"
2023,"king_crab",NA,461.197782523164,NA,686.790715291981,234769.252,0.671525942698703,"","","","race_wgoa"
2023,"large_sculpins",NA,2796.94037381596,NA,23310.5326701992,234769.252,0.119986120153815,"","","","race_wgoa"
2023,"lingcod",NA,3153.62486139109,NA,10402.6738503405,234769.252,0.303155218241113,"","","","race_wgoa"
2023,"longnose_skate",NA,3124.05130531533,NA,25759.1122279641,234769.252,0.121279463269851,"","","","race_wgoa"
2023,"miscellaneous_deep_sea_fish",NA,1.23051891438565,NA,1.76122128828014,234769.252,0.698673654795115,"","","","race_wgoa"
2023,"motile_epifauna",NA,2778.79661546163,NA,27557.9778460727,234769.252,0.100834561627955,"","","","race_wgoa"
2023,"mysids",NA,0.105806014441046,NA,0.105806014441046,234769.252,1,"","","","race_wgoa"
2023,"nonpandalid_shrimp",NA,87.9560072890704,NA,187.734690929221,234769.252,0.468512275774492,"","","","race_wgoa"
2023,"octopus",NA,961.903026174144,NA,4938.30849575155,234769.252,0.194783907688568,"","","","race_wgoa"
2023,"other_gelatinous_zooplankton",NA,7.38956693784737,NA,24.8182346834584,234769.252,0.297747484142077,"","","","race_wgoa"
2023,"other_skates",NA,1317.55029125054,NA,8074.0911967759,234769.252,0.163182488176088,"","","","race_wgoa"
2023,"pacific_capelin",NA,2029.54636344234,NA,3647.41540286088,234769.252,0.556434115469943,"","","","race_wgoa"
2023,"pacific_cod_adult",NA,27213.1451067648,NA,197921.379559542,234769.252,0.137494722234281,"","","","race_wgoa"
2023,"pacific_cod_juvenile",NA,1309.48363100965,NA,4599.84580697833,234769.252,0.284679897100695,"","","","race_wgoa"
2023,"pacific_dogfish",NA,16921.3858910857,NA,50339.225564684,234769.252,0.336147123863524,"","","","race_wgoa"
2023,"pacific_halibut_adult",NA,10248.7606151243,NA,159432.319134671,234769.252,0.0642828296718641,"","","","race_wgoa"
2023,"pacific_halibut_juvenile",NA,238.990330022372,NA,994.735481828178,234769.252,0.240255157665778,"","","","race_wgoa"
2023,"pacific_herring_adult",NA,14534.9007091761,NA,24903.290162762,234769.252,0.583653831047199,"","","","race_wgoa"
2023,"pacific_ocean_perch_adult",NA,184119.605632125,NA,797117.480058108,234769.252,0.230981768984295,"","","","race_wgoa"
2023,"pacific_ocean_perch_juvenile",NA,88.3459684485453,NA,264.632962030181,234769.252,0.333843402464995,"","","","race_wgoa"
2023,"pacific_sandlance",NA,2.16143064853803,NA,5.04460612631514,234769.252,0.428463708447514,"","","","race_wgoa"
2023,"pandalid_shrimp",NA,996.674753670142,NA,4475.62551749295,234769.252,0.222689487709516,"","","","race_wgoa"
2023,"pelagic_shelf_rockfish",NA,31931.107581103,NA,69768.6284253348,234769.252,0.457671424847847,"","","","race_wgoa"
2023,"rex_sole_adult",NA,7950.67728520998,NA,73372.0283193468,234769.252,0.108361148891853,"","","","race_wgoa"
2023,"rex_sole_juvenile",NA,20.2328715902479,NA,64.4837127703639,234769.252,0.313767162605853,"","","","race_wgoa"
2023,"sablefish_adult",NA,14813.9933419831,NA,137277.784574992,234769.252,0.107912532154032,"","","","race_wgoa"
2023,"sablefish_juvenile",NA,345.765784684131,NA,963.483648550749,234769.252,0.358870423181779,"","","","race_wgoa"
2023,"salmon_returning",NA,4358.66296556565,NA,17665.4535425727,234769.252,0.246733714198819,"","","","race_wgoa"
2023,"salmon_shark",NA,2182.00782912793,NA,2182.00782912793,234769.252,1,"","","","race_wgoa"
2023,"sessile_epifauna",NA,4521.64257672166,NA,31067.2548905449,234769.252,0.145543679113335,"","","","race_wgoa"
2023,"shallow_water_flatfish",NA,22749.4495902348,NA,235654.608368611,234769.252,0.0965372574197663,"","","","race_wgoa"
2023,"shelf_demersal_fish",NA,1114.9554614842,NA,5452.42213202779,234769.252,0.204488103541159,"","","","race_wgoa"
2023,"shelf_forage_fish",NA,7894.14430064222,NA,28068.089739997,234769.252,0.281249788416953,"","","","race_wgoa"
2023,"slope_demersal_fish",NA,24745.6498881462,NA,94411.4154792113,234769.252,0.262104426276662,"","","","race_wgoa"
2023,"slope_forage_fish",NA,22.7666592036108,NA,88.882020755664,234769.252,0.256144707445347,"","","","race_wgoa"
2023,"slope_rockfish",NA,19448.5566694036,NA,68034.5661563482,234769.252,0.285862874832029,"","","","race_wgoa"
2023,"squid",NA,2208.72888938112,NA,14536.0784510751,234769.252,0.15194805784897,"","","","race_wgoa"
2023,"tanner_crab",NA,356.256656241812,NA,2099.81731998135,234769.252,0.169660785655857,"","","","race_wgoa"
2023,"thornyheads",NA,6576.62809184987,NA,32919.63427893,234769.252,0.199778285388158,"","","","race_wgoa"
2023,"walleye_pollock_adult",NA,112620.427330359,NA,847721.204777375,234769.252,0.132850784781224,"","","","race_wgoa"
2023,"walleye_pollock_juvenile",NA,2488.11248926319,NA,9660.7686761997,234769.252,0.257548086767972,"","","","race_wgoa"
