"year","model","race_group","tot_bio_tons","tot_bio_tkm2"
1990,"WGOA","Arrowtooth_flounder",1904324.78102564,8.11147441499553
1990,"WGOA","Atka_mackerel",43518.5352834349,0.185367269830697
1990,"WGOA","Big_skate",8816.40976089658,0.0375535113128724
1990,"WGOA","Black_rockfish",734.481447101778,0.00312852488494438
1990,"WGOA","Chinook_salmon",601.167510805092,0.00256067396255576
1990,"WGOA","Chum_salmon",710.370566620556,0.00302582455142191
1990,"WGOA","Deep_water_flatfish",90207.9084779636,0.384240728755926
1990,"WGOA","Demersal_shelf_rockfish",796.97006949706,0.00339469527081451
1990,"WGOA","Eulachon",23060.2249328089,0.0982250645532103
1990,"WGOA","Flathead_sole",223486.905514173,0.951942827309316
1990,"WGOA","Gelatinous_carnivores",44152.8813702259,0.188069267990111
1990,"WGOA","Gelatinous_filter_feeders",340.699643639575,0.00145121067063576
1990,"WGOA","Infauna",572.159957556262,0.00243711624363936
1990,"WGOA","King_crab",783.062270588811,0.0033354549793804
1990,"WGOA","Large_sculpins",25356.1499722841,0.108004560888085
1990,"WGOA","Lingcod",1033.27555920767,0.00440123887777122
1990,"WGOA","Longnose_skate",9773.12287492844,0.0416286323343929
1990,"WGOA","MISC_NA",205.679426700094,0.000876091843151988
1990,"WGOA","MISC_SHELLS",1542.42533878327,0.0065699631687001
1990,"WGOA","Miscellaneous_deep_sea_fish",162.079872771066,0.000690379474272321
1990,"WGOA","Motile_epifauna",13624.2241707833,0.058032404391625
1990,"WGOA","Octopus",957.605174466411,0.00407892075435164
1990,"WGOA","Other_skates",11016.6641506406,0.0469254983639876
1990,"WGOA","POP",88737.0282331401,0.37797551202804
1990,"WGOA","Pacific_capelin",128.207543332478,0.000546100233485765
1990,"WGOA","Pacific_cod",401414.886675911,1.70982734432323
1990,"WGOA","Pacific_dogfish",13093.7345459116,0.0557727829959247
1990,"WGOA","Pacific_halibut",283787.482759242,1.20879323140341
1990,"WGOA","Pacific_herring",6976.48085820788,0.0297163312434453
1990,"WGOA","Pacific_sandlance",23.3387533942071,9.94114569748133e-05
1990,"WGOA","Pandalid_shrimp",7470.58101429725,0.0318209516393452
1990,"WGOA","Pelagic_shelf_rockfish",28966.8401628653,0.123384301462379
1990,"WGOA","Pink_salmon",0.792306156476015,3.374829325929e-06
1990,"WGOA","Rex_sole",107267.931229138,0.456907922631785
1990,"WGOA","Sablefish",214550.161014129,0.913876749984826
1990,"WGOA","Salmon_shark",13091.1464560131,0.055761759022911
1990,"WGOA","Sessile_epifauna",62768.7509568247,0.267363593920829
1990,"WGOA","Shallow_water_flatfish",204774.772335413,0.872238466455621
1990,"WGOA","Sharks_demersal",974.398091054016,0.00415045020910156
1990,"WGOA","Shelf_demersals",14429.7536487583,0.0614635584763813
1990,"WGOA","Shelf_forage_fish",314.940860060564,0.00134149109126337
1990,"WGOA","Slope_demersals",42076.9031874937,0.179226635639209
1990,"WGOA","Slope_forage_fish",25.3891909936388,0.000108145299170774
1990,"WGOA","Slope_rockfish",218257.591614674,0.929668556488285
1990,"WGOA","Sockeye_salmon",20.0505122615337,8.54051886723808e-05
1990,"WGOA","Squid",3085.15738034634,0.0131412327383755
1990,"WGOA","Tanner_crab",1072.1438832307,0.00456679856538753
1990,"WGOA","Thornyheads",13349.8819496794,0.0568638432671729
1990,"WGOA","Walleye_pollock",862086.151976055,3.67205732706451
1993,"WGOA","Arrowtooth_flounder",1552989.07933241,6.61495943826752
1993,"WGOA","Atka_mackerel",22770.7340381515,0.0969919776298113
1993,"WGOA","Big_skate",24246.984232067,0.103280067664342
1993,"WGOA","Black_rockfish",117.980883555394,0.000502539759999721
1993,"WGOA","Chinook_salmon",2157.36550550966,0.00918930178092342
1993,"WGOA","Chum_salmon",3365.81826451732,0.01433670821815
1993,"WGOA","Coho_salmon",164.294137065473,0.000699811136534492
1993,"WGOA","Deep_water_flatfish",60330.7863891025,0.256979079990861
1993,"WGOA","Demersal_shelf_rockfish",1145.53223752677,0.00487939637651854
1993,"WGOA","Eulachon",24416.4150858914,0.104001758654031
1993,"WGOA","Flathead_sole",166953.888860979,0.711140353511793
1993,"WGOA","Gelatinous_carnivores",7297.42130944311,0.0310833776028008
1993,"WGOA","Gelatinous_filter_feeders",25.3447808873355,0.000107956134252775
1993,"WGOA","Infauna",2409.10031697133,0.0102615666082683
1993,"WGOA","King_crab",892.306551624045,0.00380078116713531
1993,"WGOA","Large_sculpins",23568.1501262901,0.100388572717734
1993,"WGOA","Lingcod",2889.0174028788,0.0123057741943089
1993,"WGOA","Longnose_skate",14612.2166055611,0.0622407597293069
1993,"WGOA","MISC_NA",78.1860445978429,0.000333033580555272
1993,"WGOA","MISC_SHELLS",1919.02593691723,0.00817409401175429
1993,"WGOA","Miscellaneous_deep_sea_fish",22.8700176783087,9.7414876452001e-05
1993,"WGOA","Motile_epifauna",17059.2346731911,0.0726638370564433
1993,"WGOA","Octopus",1180.67294617114,0.00502907828053708
1993,"WGOA","Other_skates",5153.56263331097,0.0219516081829616
1993,"WGOA","POP",465006.400290334,1.98069549708466
1993,"WGOA","Pacific_capelin",39.5095803282064,0.000168291119861839
1993,"WGOA","Pacific_cod",395693.372785371,1.68545654686232
1993,"WGOA","Pacific_dogfish",8452.92008429137,0.0360052264607947
1993,"WGOA","Pacific_halibut",502807.923909522,2.14171114669447
1993,"WGOA","Pacific_herring",3338.86404569473,0.0142218966804679
1993,"WGOA","Pacific_sandlance",2.02864962750258,8.64103629508764e-06
1993,"WGOA","Pandalid_shrimp",5416.15631775738,0.0230701263969499
1993,"WGOA","Pelagic_shelf_rockfish",51867.816448425,0.220931046150903
1993,"WGOA","Pink_salmon",36.1179067261711,0.000153844280792662
1993,"WGOA","Rex_sole",82521.426435684,0.351500146346609
1993,"WGOA","Sablefish",265788.105286746,1.13212485460722
1993,"WGOA","Salmon_shark",7160.03043634753,0.0304981609616728
1993,"WGOA","Sessile_epifauna",52387.4793501663,0.223144551102315
1993,"WGOA","Shallow_water_flatfish",290029.728739738,1.23538208802462
1993,"WGOA","Sharks_demersal",7161.3511955738,0.0305037867376849
1993,"WGOA","Shelf_demersals",18327.8117742895,0.0780673432238457
1993,"WGOA","Shelf_forage_fish",492.072175533168,0.0020959822095151
1993,"WGOA","Slope_demersals",99375.5896111317,0.423290481034253
1993,"WGOA","Slope_forage_fish",77.23075158953,0.000328964508476306
1993,"WGOA","Slope_rockfish",250446.421571717,1.06677692857205
1993,"WGOA","Sockeye_salmon",1640.95823541548,0.00698966419765856
1993,"WGOA","Squid",8911.79278763945,0.0379597954660581
1993,"WGOA","Tanner_crab",5444.1998367811,0.0231895778105605
1993,"WGOA","Thornyheads",31835.3435045299,0.135602695980519
1993,"WGOA","Unlisted_rockfish",14.6199914172275,6.22738765518898e-05
1993,"WGOA","Walleye_pollock",747503.237781245,3.18399122292746
1996,"WGOA","Arrowtooth_flounder",1559665.31889239,6.64339689122659
1996,"WGOA","Atka_mackerel",219542.137526391,0.935140081829757
1996,"WGOA","Big_skate",32985.3496378466,0.140501148923227
1996,"WGOA","Black_rockfish",19.3838614738009,8.25655885882403e-05
1996,"WGOA","Chinook_salmon",2861.85810893508,0.0121900891388242
1996,"WGOA","Chum_salmon",2105.23860086371,0.0089672671481856
1996,"WGOA","Coho_salmon",70.6165617579823,0.000300791356433603
1996,"WGOA","Deep_water_flatfish",55847.3570706573,0.237881905721867
1996,"WGOA","Demersal_shelf_rockfish",652.517291141981,0.0027793984330707
1996,"WGOA","Eulachon",27327.0554080399,0.116399635707149
1996,"WGOA","Euphausiids",0.0141220437004905,6.01528674653293e-08
1996,"WGOA","Flathead_sole",219770.583206581,0.936113146565639
1996,"WGOA","Gelatinous_carnivores",12989.2869674351,0.0553278883703013
1996,"WGOA","Gelatinous_filter_feeders",39.1125714872026,0.000166600060076021
1996,"WGOA","Infauna",1150.69009831399,0.00490136629269489
1996,"WGOA","King_crab",556.292821777828,0.00236953015370952
1996,"WGOA","Large_sculpins",30396.2245075213,0.129472766337908
1996,"WGOA","Lingcod",6221.37799803315,0.0264999694169198
1996,"WGOA","Longnose_skate",20710.4514248507,0.088216200581713
1996,"WGOA","MISC_NA",21.8308120137084,9.29883782809358e-05
1996,"WGOA","MISC_SHELLS",644.366595983898,0.00274468053416083
1996,"WGOA","Miscellaneous_deep_sea_fish",0.454778630491189,1.9371302954579e-06
1996,"WGOA","Motile_epifauna",24335.1566616762,0.103655638267639
1996,"WGOA","Octopus",2167.70516655561,0.00923334358349281
1996,"WGOA","Other_skates",12276.0134332105,0.0522896986237811
1996,"WGOA","POP",792197.218172387,3.37436530305249
1996,"WGOA","Pacific_capelin",984.859082410521,0.00419500881832056
1996,"WGOA","Pacific_cod",500543.988119065,2.13206790861635
1996,"WGOA","Pacific_dogfish",3910.94594612072,0.0166586804396375
1996,"WGOA","Pacific_halibut",458776.763338547,1.95416034864117
1996,"WGOA","Pacific_herring",31.4618707727308,0.000134011888289063
1996,"WGOA","Pacific_sandlance",3.86009869822335,1.6442096506843e-05
1996,"WGOA","Pandalid_shrimp",6032.85898149211,0.0256969723679663
1996,"WGOA","Pelagic_shelf_rockfish",84807.661445353,0.361238367984207
1996,"WGOA","Pink_salmon",22.0892864834854,9.40893506935287e-05
1996,"WGOA","Rex_sole",67266.6497975526,0.286522401142858
1996,"WGOA","Sablefish",152261.802143087,0.648559386912758
1996,"WGOA","Sessile_epifauna",85157.5141784611,0.362728566253902
1996,"WGOA","Shallow_water_flatfish",288913.642963476,1.2306281188964
1996,"WGOA","Sharks_demersal",16180.3301978863,0.0689201420545749
1996,"WGOA","Shelf_demersals",14635.943075829,0.0623418226669183
1996,"WGOA","Shelf_forage_fish",292.055325077843,0.00124401011882869
1996,"WGOA","Slope_demersals",94897.2727606299,0.404215083330546
1996,"WGOA","Slope_forage_fish",108.729608938409,0.000463133941144937
1996,"WGOA","Slope_rockfish",253046.305566217,1.07785113855633
1996,"WGOA","Squid",5837.69922701489,0.0248656890852763
1996,"WGOA","Tanner_crab",1916.68538326108,0.00816412441975611
1996,"WGOA","Thornyheads",52123.2671585492,0.222019138854475
1996,"WGOA","Walleye_pollock",755689.876140667,3.21886222196025
1999,"WGOA","Arrowtooth_flounder",974344.854613089,4.15022344839728
1999,"WGOA","Atka_mackerel",4694.49421226359,0.0199962055178486
1999,"WGOA","Big_skate",45021.297748414,0.191768288925732
1999,"WGOA","Black_rockfish",119.211552082395,0.000507781794535833
1999,"WGOA","Chinook_salmon",1631.0956946265,0.00694765468957791
1999,"WGOA","Chum_salmon",492.800164798744,0.00209908308094258
1999,"WGOA","Coho_salmon",157.566713342707,0.000671155664553154
1999,"WGOA","Deep_water_flatfish",37680.8222776221,0.160501522054609
1999,"WGOA","Demersal_shelf_rockfish",2257.11604599945,0.00961418936581801
1999,"WGOA","Eulachon",13085.2414793196,0.0557366067653511
1999,"WGOA","Euphausiids",7.098160938504,3.02346277378095e-05
1999,"WGOA","Flathead_sole",188889.031559384,0.804573128509111
1999,"WGOA","Gelatinous_carnivores",2255.70924395653,0.00960819709029241
1999,"WGOA","Gelatinous_filter_feeders",54.5565978788834,0.000232383914904169
1999,"WGOA","Infauna",1259.44582689185,0.00536461149048537
1999,"WGOA","King_crab",190.649757005374,0.00081207294132953
1999,"WGOA","Large_sculpins",29992.8396539508,0.127754547916483
1999,"WGOA","Lingcod",6112.41636508313,0.0260358471691307
1999,"WGOA","Longnose_skate",31951.3098413959,0.136096654775711
1999,"WGOA","MISC_NA",2.98597186950989,1.27187518981825e-05
1999,"WGOA","MISC_SHELLS",8008.75941823985,0.0341133234016516
1999,"WGOA","Miscellaneous_deep_sea_fish",20.4230513594605,8.69920195488824e-05
1999,"WGOA","Motile_epifauna",34799.1103543444,0.148226865562209
1999,"WGOA","Octopus",943.679648843601,0.00401960495594883
1999,"WGOA","Other_skates",17536.777435263,0.0746979312063533
1999,"WGOA","POP",636385.697098737,2.71068588274386
1999,"WGOA","Pacific_capelin",129.921162425346,0.000553399396720596
1999,"WGOA","Pacific_cod",282944.190720841,1.20520122763283
1999,"WGOA","Pacific_dogfish",16265.0931519543,0.0692811899914148
1999,"WGOA","Pacific_halibut",529912.342228654,2.25716245936948
1999,"WGOA","Pacific_herring",48.2134698574806,0.000205365351070253
1999,"WGOA","Pacific_sandlance",8.22317465344397,3.50266254349354e-05
1999,"WGOA","Pacific_saury",0.783149299109683,3.33582567750262e-06
1999,"WGOA","Pandalid_shrimp",6042.73176389603,0.0257390255002219
1999,"WGOA","Pelagic_shelf_rockfish",46963.6249869211,0.200041634868441
1999,"WGOA","Pink_salmon",38.5560360299663,0.000164229496416193
1999,"WGOA","Rex_sole",55432.759363345,0.236115926132205
1999,"WGOA","Sablefish",114440.289827351,0.487458595418413
1999,"WGOA","Sessile_epifauna",43485.3457643583,0.185225899021727
1999,"WGOA","Shallow_water_flatfish",279659.13811532,1.19120854086684
1999,"WGOA","Sharks_demersal",18138.8609125539,0.077262506729603
1999,"WGOA","Shelf_demersals",11105.2345022923,0.0473027639168534
1999,"WGOA","Shelf_forage_fish",245.675047204269,0.00104645325191166
1999,"WGOA","Slope_demersals",360474.062053357,1.53543983712721
1999,"WGOA","Slope_forage_fish",171.536462521259,0.00073065983326155
1999,"WGOA","Slope_rockfish",311882.028730675,1.32846199437853
1999,"WGOA","Sockeye_salmon",73.5364126077294,0.000313228465743587
1999,"WGOA","Squid",1697.37113565777,0.00722995503541394
1999,"WGOA","Tanner_crab",2460.48751530815,0.0104804504608131
1999,"WGOA","Thornyheads",53851.2161897051,0.229379340484098
1999,"WGOA","Walleye_pollock",589456.687958254,2.51079169412804
2001,"WGOA","Arrowtooth_flounder",1455518.64883795,6.1997839855023
2001,"WGOA","Atka_mackerel",205545.578866853,0.875521718094722
2001,"WGOA","Big_skate",38391.215782505,0.163527444311596
2001,"WGOA","Black_rockfish",55.6046493379922,0.000236848091750926
2001,"WGOA","Chinook_salmon",2450.48820858294,0.0104378583980109
2001,"WGOA","Chum_salmon",4263.29115463318,0.0181594954122577
2001,"WGOA","Coho_salmon",137.90623732714,0.000587411835887011
2001,"WGOA","Deep_water_flatfish",41896.1540297536,0.1784567343161
2001,"WGOA","Demersal_shelf_rockfish",1927.21400276356,0.00820897109116981
2001,"WGOA","Eulachon",44490.2256261186,0.189506186381335
2001,"WGOA","Flathead_sole",183703.525957542,0.7824854592012
2001,"WGOA","Gelatinous_carnivores",16528.5217806692,0.0704032646518342
2001,"WGOA","Gelatinous_filter_feeders",36.7352464685736,0.00015647384040127
2001,"WGOA","Infauna",1925.06468658202,0.00819981607549704
2001,"WGOA","King_crab",884.06336350191,0.00376566929429885
2001,"WGOA","Large_sculpins",34467.2707421291,0.14681339420943
2001,"WGOA","Lingcod",6803.47003254621,0.0289793913580566
2001,"WGOA","Longnose_skate",23065.5972061009,0.0982479477597898
2001,"WGOA","MISC_NA",97.9156751581663,0.000417071973114121
2001,"WGOA","MISC_SHELLS",553.583339596386,0.00235798911007471
2001,"WGOA","Miscellaneous_deep_sea_fish",0.270034571270117,1.15021268317589e-06
2001,"WGOA","Motile_epifauna",31710.8239933636,0.135072304925875
2001,"WGOA","Octopus",1444.61741662125,0.0061533501696434
2001,"WGOA","Other_skates",12563.4935068008,0.0535142204516665
2001,"WGOA","POP",856389.24408763,3.64779133890851
2001,"WGOA","Pacific_capelin",291.906501798499,0.00124337620583507
2001,"WGOA","Pacific_cod",271225.591651816,1.15528583637442
2001,"WGOA","Pacific_dogfish",17612.4354634772,0.0750201966971263
2001,"WGOA","Pacific_halibut",357224.935761205,1.52160017854981
2001,"WGOA","Pacific_herring",30110.8609774135,0.128257259930332
2001,"WGOA","Pacific_sandlance",14.3518202824706,6.11316011794875e-05
2001,"WGOA","Pandalid_shrimp",8988.34059834295,0.0382858509867508
2001,"WGOA","Pelagic_shelf_rockfish",49861.4785329263,0.212385046628365
2001,"WGOA","Pink_salmon",25.3411386407803,0.000107940620097816
2001,"WGOA","Rex_sole",61354.8582425857,0.26134111566955
2001,"WGOA","Sablefish",222516.66390984,0.947810081661972
2001,"WGOA","Sessile_epifauna",69069.8239663047,0.294203024364983
2001,"WGOA","Shallow_water_flatfish",335077.357884785,1.42726253557593
2001,"WGOA","Sharks_demersal",38228.6538985864,0.162835011710078
2001,"WGOA","Shelf_demersals",14558.3688355551,0.0620113950678478
2001,"WGOA","Shelf_forage_fish",2351.83006700775,0.0100176238880199
2001,"WGOA","Slope_demersals",296264.862800155,1.26194065141101
2001,"WGOA","Slope_forage_fish",70.6130000288242,0.000300776185242624
2001,"WGOA","Slope_rockfish",673885.637485183,2.87041693809708
2001,"WGOA","Sockeye_salmon",135.580326366659,0.000577504614474211
2001,"WGOA","Squid",9150.09033573111,0.0389748242488378
2001,"WGOA","Tanner_crab",4910.96527447512,0.0209182643495202
2001,"WGOA","Thornyheads",51002.9315978751,0.217247067762839
2001,"WGOA","Walleye_pollock",238871.755925868,1.01747462195717
2003,"WGOA","Arrowtooth_flounder",2692186.26968439,11.4673716713311
2003,"WGOA","Atka_mackerel",64775.2546085021,0.275910299396882
2003,"WGOA","Big_skate",36946.5166053931,0.157373745883013
2003,"WGOA","Black_rockfish",499.01205941825,0.00212554265589367
2003,"WGOA","Chinook_salmon",5053.99353720725,0.0215274934607163
2003,"WGOA","Chum_salmon",15864.4423865123,0.067574617422695
2003,"WGOA","Coho_salmon",159.036789909081,0.000677417458011413
2003,"WGOA","Deep_water_flatfish",56451.4345765176,0.240454974812961
2003,"WGOA","Demersal_shelf_rockfish",1603.62448848529,0.00683064104359496
2003,"WGOA","Eulachon",76953.4786992523,0.327783464161875
2003,"WGOA","Flathead_sole",298010.246119841,1.26937511442019
2003,"WGOA","Gelatinous_carnivores",11631.6600048152,0.0495450741769846
2003,"WGOA","Gelatinous_filter_feeders",18.5656546674446,7.90804354032041e-05
2003,"WGOA","Infauna",3861.96197710404,0.0164500331461807
2003,"WGOA","King_crab",1748.89964868923,0.00744944081812394
2003,"WGOA","Large_sculpins",27416.7516483259,0.116781696984433
2003,"WGOA","Lingcod",4919.56723595576,0.0209549044180443
2003,"WGOA","Longnose_skate",28110.8234828148,0.119738097060576
2003,"WGOA","MISC_NA",25.4506104247761,0.000108406915334791
2003,"WGOA","MISC_SHELLS",1415.2753274396,0.0060283674943923
2003,"WGOA","Miscellaneous_deep_sea_fish",4.50558508372756,1.91915467862357e-05
2003,"WGOA","Motile_epifauna",33736.7227689574,0.143701623962909
2003,"WGOA","Octopus",3976.03772569933,0.0169359389776449
2003,"WGOA","Other_skates",19337.3060013784,0.0823672854798649
2003,"WGOA","POP",512954.314881966,2.18492971508026
2003,"WGOA","Pacific_capelin",15080.1047104073,0.0642337298515026
2003,"WGOA","Pacific_cod",310353.166229777,1.32194980213924
2003,"WGOA","Pacific_dogfish",49542.8385071436,0.211027798934861
2003,"WGOA","Pacific_halibut",540097.725621058,2.30054711602974
2003,"WGOA","Pacific_herring",1200.38359828593,0.00511303583437719
2003,"WGOA","Pacific_sandlance",9.52288205181256,4.05627311527685e-05
2003,"WGOA","Pandalid_shrimp",7204.16205720318,0.0306861396704675
2003,"WGOA","Pelagic_shelf_rockfish",70052.1623014009,0.298387296056133
2003,"WGOA","Pink_salmon",47.0512289461642,0.000200414784071315
2003,"WGOA","Rex_sole",79570.1158078552,0.338929034062157
2003,"WGOA","Sablefish",239030.000114213,1.01814866332757
2003,"WGOA","Salmon_shark",4513.34636398996,0.0192246059717819
2003,"WGOA","Sessile_epifauna",38748.073168752,0.165047478912409
2003,"WGOA","Shallow_water_flatfish",355700.918994014,1.51510862672091
2003,"WGOA","Sharks_demersal",56937.6130274388,0.242525852693174
2003,"WGOA","Shelf_demersals",10863.9284598487,0.0462749204476261
2003,"WGOA","Shelf_forage_fish",321.604507345844,0.00136987490740842
2003,"WGOA","Slope_demersals",449914.156760067,1.91641006191078
2003,"WGOA","Slope_forage_fish",96.7816485272696,0.000412241584887231
2003,"WGOA","Slope_rockfish",177977.62872364,0.758095990882315
2003,"WGOA","Sockeye_salmon",70.3494947882799,0.000299653784253996
2003,"WGOA","Squid",4781.53510417732,0.020366956334543
2003,"WGOA","Tanner_crab",7977.86943279113,0.0339817474598042
2003,"WGOA","Thornyheads",96576.1976580835,0.41136646658517
2003,"WGOA","Walleye_pollock",474771.908649144,2.02229169537561
2005,"WGOA","Arrowtooth_flounder",1726360.99799866,7.35343739988005
2005,"WGOA","Atka_mackerel",96016.0694736909,0.408980599698341
2005,"WGOA","Big_skate",32813.0987496818,0.139767445992808
2005,"WGOA","Black_rockfish",16164.0158773385,0.0688506511804133
2005,"WGOA","Chinook_salmon",3357.13985472508,0.0142997425179217
2005,"WGOA","Chum_salmon",4662.09455557142,0.0198581991289533
2005,"WGOA","Coho_salmon",1145.24620559353,0.00487817802304679
2005,"WGOA","Deep_water_flatfish",47872.4525639073,0.203912787369222
2005,"WGOA","Demersal_shelf_rockfish",2676.27060728594,0.0113995788821866
2005,"WGOA","Eulachon",36762.9841424287,0.156591989066902
2005,"WGOA","Flathead_sole",233845.245603376,0.996064193292978
2005,"WGOA","Gelatinous_carnivores",9873.00076697446,0.0420540623734426
2005,"WGOA","Gelatinous_filter_feeders",100.204848622853,0.000426822711105511
2005,"WGOA","Infauna",2348.07815292704,0.0100016426040623
2005,"WGOA","King_crab",526.884672273303,0.00224426609440875
2005,"WGOA","Large_sculpins",33712.186029378,0.143597109681885
2005,"WGOA","Lingcod",12857.3266186301,0.0547658030559731
2005,"WGOA","Longnose_skate",33110.533465448,0.141034369634776
2005,"WGOA","MISC_NA",485.784193287859,0.00206919853920163
2005,"WGOA","MISC_SHELLS",586.207082513997,0.00249694999460149
2005,"WGOA","Miscellaneous_deep_sea_fish",12.5927958419618,5.36390337946038e-05
2005,"WGOA","Motile_epifauna",32027.1321395297,0.136419619974466
2005,"WGOA","Mysids",0.228265187930772,9.72295928815974e-07
2005,"WGOA","Octopus",1030.47176554476,0.00438929611423202
2005,"WGOA","Other_skates",28875.1406629651,0.122993707297603
2005,"WGOA","POP",859703.669353637,3.66190913856827
2005,"WGOA","Pacific_capelin",455.974302340073,0.00194222326158825
2005,"WGOA","Pacific_cod",304764.433581366,1.29814458658907
2005,"WGOA","Pacific_dogfish",15905.7040104397,0.0677503713750372
2005,"WGOA","Pacific_hake",10.828546688424,4.61242117363138e-05
2005,"WGOA","Pacific_halibut",516883.501493145,2.20166609166155
2005,"WGOA","Pacific_herring",1489.75926656356,0.00634563195082959
2005,"WGOA","Pacific_sandlance",33.5986896931889,0.00014311367185848
2005,"WGOA","Pandalid_shrimp",7571.66957562708,0.032251538526123
2005,"WGOA","Pelagic_shelf_rockfish",231978.033707868,0.988110801272511
2005,"WGOA","Pink_salmon",147.269753330853,0.000627295747105984
2005,"WGOA","Rex_sole",87463.3890302244,0.372550443829946
2005,"WGOA","Sablefish",217632.509266684,0.927006017238936
2005,"WGOA","Salmon_shark",2838.69965380839,0.0120914456626049
2005,"WGOA","Sessile_epifauna",66541.3497146311,0.283432984293152
2005,"WGOA","Shallow_water_flatfish",372479.195529544,1.58657572214586
2005,"WGOA","Sharks_demersal",46030.2448356575,0.196065900638715
2005,"WGOA","Shelf_demersals",18490.816975932,0.0787616641379084
2005,"WGOA","Shelf_forage_fish",631.948020906678,0.00269178359398904
2005,"WGOA","Slope_demersals",592930.948746249,2.52559031344637
2005,"WGOA","Slope_forage_fish",165.322009346074,0.0007041893601385
2005,"WGOA","Slope_rockfish",500396.269516799,2.1314387009965
2005,"WGOA","Sockeye_salmon",427.527560262908,0.00182105431874404
2005,"WGOA","Squid",3769.07264044028,0.0160543708698287
2005,"WGOA","Tanner_crab",5382.53404490054,0.0229269122725685
2005,"WGOA","Thornyheads",69946.9042676836,0.29793894929513
2005,"WGOA","Walleye_pollock",404781.279875699,1.72416650147907
2007,"WGOA","Arrowtooth_flounder",1800435.90509014,7.66895958372835
2007,"WGOA","Atka_mackerel",83403.8801448005,0.355258959315509
2007,"WGOA","Big_skate",24780.2450504441,0.105551492963159
2007,"WGOA","Black_rockfish",9202.13858055224,0.0391965238299275
2007,"WGOA","Chinook_salmon",912.350219773929,0.00388615720330331
2007,"WGOA","Chum_salmon",3033.94555977892,0.0129230959077167
2007,"WGOA","Coho_salmon",108.530226519407,0.000462284671416031
2007,"WGOA","Deep_water_flatfish",51998.852939945,0.221489196293665
2007,"WGOA","Demersal_shelf_rockfish",1127.44251593467,0.00480234317880212
2007,"WGOA","Eulachon",43224.1477279402,0.184113325572721
2007,"WGOA","Euphausiids",0.0133282537118741,5.6771717754053e-08
2007,"WGOA","Flathead_sole",286587.320967457,1.22071914667708
2007,"WGOA","Gelatinous_carnivores",828.109858834944,0.00352733525272272
2007,"WGOA","Gelatinous_filter_feeders",38.331366939414,0.000163272518069845
2007,"WGOA","Infauna",3844.30327579294,0.0163748158800325
2007,"WGOA","King_crab",324.892285960378,0.0013838792056141
2007,"WGOA","Large_sculpins",32888.2309464568,0.140087471703734
2007,"WGOA","Lingcod",7779.38994045895,0.0331363237484735
2007,"WGOA","Longnose_skate",26248.4875655149,0.111805474276993
2007,"WGOA","MISC_NA",170.635328180799,0.000726821450113914
2007,"WGOA","MISC_SHELLS",750.800925708755,0.00319803772986743
2007,"WGOA","Miscellaneous_deep_sea_fish",4.1565833699735,1.7704973434824e-05
2007,"WGOA","Motile_epifauna",23549.3095883149,0.100308321416447
2007,"WGOA","Octopus",2668.0771223708,0.0113646787202389
2007,"WGOA","Other_skates",31756.2696392939,0.135265880726552
2007,"WGOA","POP",776424.844145257,3.30718285095212
2007,"WGOA","Pacific_capelin",786.832637318738,0.00335151486242644
2007,"WGOA","Pacific_cod",251479.075553437,1.07117551983953
2007,"WGOA","Pacific_dogfish",17415.1439124079,0.0741798330234827
2007,"WGOA","Pacific_hake",965.295713968755,0.00411167861951852
2007,"WGOA","Pacific_halibut",359820.332313651,1.53265527426756
2007,"WGOA","Pacific_herring",1948.92921141368,0.0083014670567408
2007,"WGOA","Pacific_sandlance",4.08119522624425,1.73838575174412e-05
2007,"WGOA","Pandalid_shrimp",7852.34720894987,0.033447085348936
2007,"WGOA","Pelagic_shelf_rockfish",74618.2148010366,0.317836403896012
2007,"WGOA","Pink_salmon",165.087189023099,0.000703189142601602
2007,"WGOA","Rex_sole",108105.922571996,0.460477348081323
2007,"WGOA","Sablefish",154525.122043007,0.658200001604159
2007,"WGOA","Sessile_epifauna",63398.6224894284,0.270046532709609
2007,"WGOA","Shallow_water_flatfish",419064.036810221,1.7850039272188
2007,"WGOA","Sharks_demersal",32258.5567910411,0.137405373643398
2007,"WGOA","Shelf_demersals",14820.7303465594,0.0631289243386924
2007,"WGOA","Shelf_forage_fish",2510.67960636848,0.0106942437520246
2007,"WGOA","Slope_demersals",391545.489848402,1.66778863293564
2007,"WGOA","Slope_forage_fish",129.305492723328,0.000550776950651647
2007,"WGOA","Slope_rockfish",330982.838833141,1.40982192520314
2007,"WGOA","Squid",9947.01474456545,0.0423693250279873
2007,"WGOA","Tanner_crab",4608.81556005723,0.0196312571633411
2007,"WGOA","Thornyheads",52719.1988005853,0.224557510625733
2007,"WGOA","Walleye_pollock",300613.783470884,1.28046488588243
2009,"WGOA","Arrowtooth_flounder",1456587.41544004,6.20433639853333
2009,"WGOA","Atka_mackerel",145912.870904659,0.62151610426675
2009,"WGOA","Big_skate",28894.3225705291,0.123075412663193
2009,"WGOA","Black_rockfish",104.510629131677,0.00044516318998911
2009,"WGOA","Chinook_salmon",585.692170885659,0.00249475672770666
2009,"WGOA","Chum_salmon",6308.98502019461,0.0268731316662994
2009,"WGOA","Deep_water_flatfish",43252.3688837643,0.184233533630564
2009,"WGOA","Demersal_shelf_rockfish",1037.09143117592,0.00441749259045186
2009,"WGOA","Eulachon",59488.3692626884,0.253390802909269
2009,"WGOA","Flathead_sole",223184.540441789,0.950654902805538
2009,"WGOA","Gelatinous_carnivores",3757.86440081262,0.0160066293554176
2009,"WGOA","Gelatinous_filter_feeders",9.45211777189534,4.02613105906021e-05
2009,"WGOA","Infauna",1521.74207234726,0.00648186276262132
2009,"WGOA","King_crab",405.184486588679,0.00172588396111037
2009,"WGOA","Large_sculpins",41804.4939052288,0.178066307870798
2009,"WGOA","Lingcod",9985.36312330802,0.0425326700078596
2009,"WGOA","Longnose_skate",25152.838546073,0.107138555546759
2009,"WGOA","MISC_NA",76.9239887456158,0.000327657851657745
2009,"WGOA","MISC_SHELLS",1537.89805127594,0.00655067918040622
2009,"WGOA","Miscellaneous_deep_sea_fish",5.83181832926126,2.48406393919987e-05
2009,"WGOA","Motile_epifauna",30475.1521225095,0.129808958638713
2009,"WGOA","Mysids",0.356164834597025,1.51708467596526e-06
2009,"WGOA","Octopus",3951.84675661576,0.0168328975065941
2009,"WGOA","Other_skates",23672.8662807808,0.100834611343315
2009,"WGOA","POP",746172.866437019,3.17832450408378
2009,"WGOA","Pacific_capelin",378.621121890236,0.00161273726718793
2009,"WGOA","Pacific_cod",767774.961312254,3.27033866135184
2009,"WGOA","Pacific_dogfish",9469.70110301259,0.0403362068172905
2009,"WGOA","Pacific_hake",12.4182021452244,5.28953516673659e-05
2009,"WGOA","Pacific_halibut",436157.74939884,1.85781462301051
2009,"WGOA","Pacific_herring",10359.9779650593,0.0441283425184627
2009,"WGOA","Pacific_sandlance",2.08137920363976,8.86563800799504e-06
2009,"WGOA","Pandalid_shrimp",5164.92199748639,0.0219999934126229
2009,"WGOA","Pelagic_shelf_rockfish",66409.6425393995,0.28287197737206
2009,"WGOA","Pink_salmon",256.450678766928,0.00109235207158614
2009,"WGOA","Rex_sole",117867.546755614,0.502057001721904
2009,"WGOA","Sablefish",138020.032216695,0.587896545398949
2009,"WGOA","Sessile_epifauna",63908.6138444416,0.272218841692444
2009,"WGOA","Shallow_water_flatfish",396554.799394984,1.68912579486765
2009,"WGOA","Sharks_demersal",36908.1778868379,0.157210442050725
2009,"WGOA","Shelf_demersals",10758.9138865118,0.0458276107064983
2009,"WGOA","Shelf_forage_fish",575.40521551615,0.00245093942504937
2009,"WGOA","Slope_demersals",403081.424137982,1.71692596327726
2009,"WGOA","Slope_forage_fish",119.107183801772,0.000507337237679541
2009,"WGOA","Slope_rockfish",189768.436098496,0.808318953533558
2009,"WGOA","Squid",7834.42702603365,0.0333707543014775
2009,"WGOA","Tanner_crab",21819.9688855533,0.0929421919594195
2009,"WGOA","Thornyheads",54813.2995752276,0.233477336185522
2009,"WGOA","Walleye_pollock",760105.518900172,3.23767065927429
2011,"WGOA","Arrowtooth_flounder",1392255.15121117,5.93031301735871
2011,"WGOA","Atka_mackerel",100709.045751244,0.42897033957089
2011,"WGOA","Big_skate",29663.6134147512,0.126352208230195
2011,"WGOA","Black_rockfish",17297.6657345201,0.0736794345390687
2011,"WGOA","Chinook_salmon",1734.43257286706,0.00738781828579094
2011,"WGOA","Chum_salmon",2457.1446456331,0.0104662115021481
2011,"WGOA","Coho_salmon",2.75321121460738,1.17273075206943e-05
2011,"WGOA","Deep_water_flatfish",41911.1140828758,0.178520456686022
2011,"WGOA","Demersal_shelf_rockfish",2632.2213383015,0.0112119509513175
2011,"WGOA","Eulachon",36264.2965901053,0.154467828649491
2011,"WGOA","Flathead_sole",234789.172348019,1.00008485075388
2011,"WGOA","Gelatinous_carnivores",1442.98887352615,0.00614641338775553
2011,"WGOA","Gelatinous_filter_feeders",71.0623763094698,0.000302690304220375
2011,"WGOA","Infauna",2074.82340987021,0.0088377135940707
2011,"WGOA","King_crab",631.53617783539,0.00269002934777588
2011,"WGOA","Large_sculpins",32872.2350217011,0.140019337036952
2011,"WGOA","Lingcod",13189.2057857516,0.0561794428929372
2011,"WGOA","Longnose_skate",22722.8197140815,0.0967878864906954
2011,"WGOA","MISC_NA",324.940678116207,0.00138408533207835
2011,"WGOA","MISC_SHELLS",862.553134916621,0.00367404644163803
2011,"WGOA","Miscellaneous_deep_sea_fish",2.25780612685832,9.61712876632719e-06
2011,"WGOA","Motile_epifauna",19976.9806767392,0.0850919807707151
2011,"WGOA","Octopus",5640.39435878748,0.0240252686871766
2011,"WGOA","Other_skates",19190.8852408841,0.0817436060190886
2011,"WGOA","POP",859947.727203987,3.66294870336762
2011,"WGOA","Pacific_capelin",325.245943350703,0.00138538560982723
2011,"WGOA","Pacific_cod",479131.349470289,2.04086074044436
2011,"WGOA","Pacific_dogfish",10399.6310754275,0.044297245004757
2011,"WGOA","Pacific_halibut",336267.597465195,1.43233236295013
2011,"WGOA","Pacific_herring",17363.5133825406,0.0739599126998991
2011,"WGOA","Pacific_sandlance",3.52577312067162,1.50180361807841e-05
2011,"WGOA","Pandalid_shrimp",5039.73992259644,0.0214667801667505
2011,"WGOA","Pelagic_shelf_rockfish",83500.2999054004,0.355669659438198
2011,"WGOA","Pink_salmon",40.836742857891,0.000173944170754912
2011,"WGOA","Rex_sole",91249.157271642,0.388675929638529
2011,"WGOA","Sablefish",112733.870610458,0.480190100066673
2011,"WGOA","Salmon_shark",2048.13599285215,0.00872403849909676
2011,"WGOA","Sessile_epifauna",52760.6630195492,0.224734127531953
2011,"WGOA","Shallow_water_flatfish",307434.675463263,1.30951848610594
2011,"WGOA","Sharks_demersal",30464.644493913,0.129764201378096
2011,"WGOA","Shelf_demersals",6425.60707280354,0.0273698834837346
2011,"WGOA","Shelf_forage_fish",288.05199689891,0.00122695793612236
2011,"WGOA","Slope_demersals",371134.323678718,1.58084723837139
2011,"WGOA","Slope_forage_fish",256.854913316035,0.00109407390928704
2011,"WGOA","Slope_rockfish",317803.081235943,1.35368272688428
2011,"WGOA","Sockeye_salmon",84.9540680216896,0.000361861987027541
2011,"WGOA","Squid",3592.5325246804,0.0153023979676879
2011,"WGOA","Tanner_crab",7495.79378107663,0.0319283454592965
2011,"WGOA","Thornyheads",44476.3733468031,0.189447182575694
2011,"WGOA","Walleye_pollock",697210.971289232,2.96977123430641
2013,"WGOA","Arrowtooth_flounder",1110419.58334171,4.72983397051379
2013,"WGOA","Atka_mackerel",113580.011733727,0.483794239518753
2013,"WGOA","Big_skate",23942.1428939124,0.101981595502602
2013,"WGOA","Black_rockfish",73.9906369014146,0.000315163234840543
2013,"WGOA","Chinook_salmon",1096.66936960929,0.00467126491338522
2013,"WGOA","Chum_salmon",10509.1377094831,0.0447636886856168
2013,"WGOA","Coho_salmon",4.7150509266631,2.00837668753279e-05
2013,"WGOA","Deep_water_flatfish",26078.2354300159,0.111080285036713
2013,"WGOA","Demersal_shelf_rockfish",700.745014927327,0.00298482449876923
2013,"WGOA","Eulachon",27404.5037989356,0.116729527250594
2013,"WGOA","Flathead_sole",208397.860417434,0.887671015868098
2013,"WGOA","Gelatinous_carnivores",19828.9044409236,0.0844612498101907
2013,"WGOA","Gelatinous_filter_feeders",83.8193703155768,0.000357028740354707
2013,"WGOA","Infauna",1190.29184638139,0.00507005000118751
2013,"WGOA","King_crab",886.154438614702,0.00377457623204721
2013,"WGOA","Large_sculpins",35214.9833317789,0.149998277166973
2013,"WGOA","Lingcod",4602.03735896696,0.0196023854050826
2013,"WGOA","Longnose_skate",29982.1510900507,0.127709019961654
2013,"WGOA","MISC_NA",67.3996034889743,0.000287088717601632
2013,"WGOA","MISC_SHELLS",521.49307841607,0.00222130059185123
2013,"WGOA","Motile_epifauna",22761.4066178248,0.0969522474681856
2013,"WGOA","Octopus",2915.72495146793,0.0124195350397416
2013,"WGOA","Other_skates",26236.3833314277,0.111753916272765
2013,"WGOA","POP",1532554.69512095,6.52791914641767
2013,"WGOA","Pacific_capelin",3956.53113564942,0.0168528506264927
2013,"WGOA","Pacific_cod",522053.409234161,2.22368732185662
2013,"WGOA","Pacific_dogfish",14930.373386107,0.0635959490389609
2013,"WGOA","Pacific_halibut",199313.852774501,0.848977670953696
2013,"WGOA","Pacific_herring",3555.44769815025,0.0151444350904617
2013,"WGOA","Pacific_sandlance",4.0214890161387,1.71295388211174e-05
2013,"WGOA","Pandalid_shrimp",9138.93667436224,0.0389273152106062
2013,"WGOA","Pelagic_shelf_rockfish",103404.794881189,0.440452887251135
2013,"WGOA","Pink_salmon",116.071151040662,0.000494405251334456
2013,"WGOA","Rex_sole",97732.2619129572,0.416290724106227
2013,"WGOA","Sablefish",56123.6928253142,0.23905895830564
2013,"WGOA","Salmon_shark",3945.68195718876,0.0168066385336899
2013,"WGOA","Sessile_epifauna",37900.2738055289,0.161436276184621
2013,"WGOA","Shallow_water_flatfish",295477.50911797,1.25858691715715
2013,"WGOA","Sharks_demersal",37346.5164822045,0.159077545990582
2013,"WGOA","Shelf_demersals",10383.5101519357,0.0442285779056608
2013,"WGOA","Shelf_forage_fish",188.1519010349,0.000801433319874872
2013,"WGOA","Slope_demersals",372824.054362453,1.58804464888977
2013,"WGOA","Slope_forage_fish",160.07132619692,0.000681824066964785
2013,"WGOA","Slope_rockfish",472013.366847914,2.01054168221277
2013,"WGOA","Squid",6314.94985204388,0.0268985388769901
2013,"WGOA","Tanner_crab",2426.25705567588,0.0103346457639004
2013,"WGOA","Thornyheads",53805.4287843686,0.22918430895869
2013,"WGOA","Unlisted_rockfish",6.79890910177308,2.89599640662189e-05
2013,"WGOA","Walleye_pollock",1035931.04747896,4.41254993426036
2015,"WGOA","Arrowtooth_flounder",1331881.43854918,5.67315109284065
2015,"WGOA","Atka_mackerel",31495.7364690199,0.134156139275938
2015,"WGOA","Big_skate",38009.8854927308,0.161903167339524
2015,"WGOA","Black_rockfish",192.807010205968,0.000821261764747491
2015,"WGOA","Chinook_salmon",3065.97857341091,0.0130595405799176
2015,"WGOA","Chum_salmon",12699.8243118673,0.0540949217313486
2015,"WGOA","Coho_salmon",323.752632820624,0.00137902485126385
2015,"WGOA","Deep_water_flatfish",23303.7095892658,0.0992621878322711
2015,"WGOA","Demersal_shelf_rockfish",1539.35800092274,0.00655689783823456
2015,"WGOA","Eulachon",79007.9745012115,0.336534592277917
2015,"WGOA","Flathead_sole",208267.502714322,0.887115757025635
2015,"WGOA","Gelatinous_carnivores",22682.0075432645,0.0966140469845878
2015,"WGOA","Gelatinous_filter_feeders",50.2860317243165,0.000214193431618194
2015,"WGOA","Infauna",1593.55829613566,0.00678776408136981
2015,"WGOA","King_crab",995.893396288376,0.00424200949572551
2015,"WGOA","Large_sculpins",39315.6691201417,0.167465154764567
2015,"WGOA","Lingcod",4947.97459700238,0.0210759056173267
2015,"WGOA","Longnose_skate",35110.6848117775,0.149554017456159
2015,"WGOA","MISC_NA",72.9822903679621,0.000310868181187382
2015,"WGOA","MISC_SHELLS",1327.67706969897,0.00565524257707722
2015,"WGOA","Miscellaneous_deep_sea_fish",6.32346074331871,2.69347910318286e-05
2015,"WGOA","Motile_epifauna",31139.7519965563,0.132639822852766
2015,"WGOA","Mysids",0.0719178145521927,3.06334044767467e-07
2015,"WGOA","Octopus",13251.5430847209,0.0564449687164352
2015,"WGOA","Other_skates",25286.425473263,0.107707569274289
2015,"WGOA","POP",1647402.98039582,7.0171155990897
2015,"WGOA","Pacific_capelin",53.2692915228837,0.000226900631445909
2015,"WGOA","Pacific_cod",254515.766833797,1.0841103111484
2015,"WGOA","Pacific_dogfish",12186.4760214562,0.0519083138768795
2015,"WGOA","Pacific_halibut",285622.168318641,1.21660807744381
2015,"WGOA","Pacific_herring",2675.16162365049,0.0113948551646384
2015,"WGOA","Pacific_pomfret",13.3349282730375,5.68001480578791e-05
2015,"WGOA","Pacific_sandlance",2.45679707237586,1.04647310133094e-05
2015,"WGOA","Pandalid_shrimp",10809.6953380082,0.0460439143794189
2015,"WGOA","Pelagic_shelf_rockfish",55909.9878314218,0.238148681546346
2015,"WGOA","Pink_salmon",293.372547260068,0.00124962082879605
2015,"WGOA","Rex_sole",90583.3879490474,0.385840084156538
2015,"WGOA","Sablefish",79560.2183118967,0.338886875662477
2015,"WGOA","Salmon_shark",3142.73589705103,0.0133864885212951
2015,"WGOA","Sessile_epifauna",63091.6925389976,0.268739164100576
2015,"WGOA","Shallow_water_flatfish",219846.0935767,0.936434783106519
2015,"WGOA","Sharks_demersal",41045.020705676,0.174831330576783
2015,"WGOA","Shelf_demersals",8552.47336814164,0.0364292738307214
2015,"WGOA","Shelf_forage_fish",147.305325036066,0.000627447264840566
2015,"WGOA","Slope_demersals",327198.057541302,1.39370064330785
2015,"WGOA","Slope_forage_fish",318.491143471174,0.00135661352906289
2015,"WGOA","Slope_rockfish",199934.618545648,0.851621823737154
2015,"WGOA","Squid",12171.2247423941,0.0518433510296063
2015,"WGOA","Tanner_crab",3017.01417473928,0.0128509766463765
2015,"WGOA","Thornyheads",65070.9413891943,0.277169777706641
2015,"WGOA","Unlisted_rockfish",12.1646907226166,5.18155193620357e-05
2015,"WGOA","Walleye_pollock",791013.801517847,3.36932453794182
2017,"WGOA","Arrowtooth_flounder",849515.866129689,3.61851417463173
2017,"WGOA","Atka_mackerel",33011.9577145437,0.140614486067978
2017,"WGOA","Big_skate",23945.9106116725,0.101997644102357
2017,"WGOA","Black_rockfish",173.123154319854,0.000737418349485792
2017,"WGOA","Chinook_salmon",2392.33724173802,0.0101901642628142
2017,"WGOA","Chum_salmon",8866.10995805923,0.0377652093812491
2017,"WGOA","Coho_salmon",141.140932725536,0.000601190026049647
2017,"WGOA","Deep_water_flatfish",23757.8453217678,0.101196579702728
2017,"WGOA","Demersal_shelf_rockfish",2223.45545589586,0.0094708120290636
2017,"WGOA","Eulachon",12406.9503967769,0.0528474248270677
2017,"WGOA","Flathead_sole",231255.213636856,0.985031948037453
2017,"WGOA","Gelatinous_carnivores",9154.5199333352,0.0389936921268344
2017,"WGOA","Gelatinous_filter_feeders",777.140981486028,0.00331023323908715
2017,"WGOA","Infauna",566.497866100264,0.00241299855613232
2017,"WGOA","King_crab",900.461222148967,0.00383551599912652
2017,"WGOA","Large_sculpins",29505.7839854733,0.125679933526701
2017,"WGOA","Lingcod",20174.1177972732,0.0859316866472498
2017,"WGOA","Longnose_skate",38246.2430201297,0.162909932601096
2017,"WGOA","MISC_NA",41.1898398287207,0.000175448187860311
2017,"WGOA","MISC_SHELLS",620.721760906998,0.00264396532177475
2017,"WGOA","Miscellaneous_deep_sea_fish",13.5286668440842,5.76253778075001e-05
2017,"WGOA","Motile_epifauna",21496.0787614764,0.0915625814639322
2017,"WGOA","Octopus",887.406829714599,0.00377991079391691
2017,"WGOA","Other_skates",16911.3550606562,0.0720339436130939
2017,"WGOA","POP",1718133.80235614,7.31839364703576
2017,"WGOA","Pacific_capelin",117.100456319471,0.000498789578796593
2017,"WGOA","Pacific_cod",105193.604901791,0.448072326361509
2017,"WGOA","Pacific_dogfish",22879.2130908483,0.097454044326249
2017,"WGOA","Pacific_hake",1.15483473217351,4.91902036717104e-06
2017,"WGOA","Pacific_halibut",247455.170970487,1.05403569190776
2017,"WGOA","Pacific_herring",9707.35224229247,0.0413484822207146
2017,"WGOA","Pacific_sandlance",15.0115272007931,6.39416238408983e-05
2017,"WGOA","Pandalid_shrimp",6924.28239539154,0.0294939918085676
2017,"WGOA","Pelagic_shelf_rockfish",76435.614997081,0.325577622903876
2017,"WGOA","Pink_salmon",269.849051229883,0.00114942246027126
2017,"WGOA","Rex_sole",96661.4203715453,0.411729472867875
2017,"WGOA","Sablefish",133352.391999617,0.568014724516039
2017,"WGOA","Sessile_epifauna",42701.5706207119,0.181887407558431
2017,"WGOA","Shallow_water_flatfish",249055.926096884,1.060854110899
2017,"WGOA","Sharks_demersal",9458.12087145399,0.0402868808026614
2017,"WGOA","Shelf_demersals",8834.89746356844,0.0376322597116271
2017,"WGOA","Shelf_forage_fish",725.461428719271,0.00309010410238591
2017,"WGOA","Slope_demersals",151173.61794624,0.643924264606167
2017,"WGOA","Slope_forage_fish",314.288053098615,0.00133871045897703
2017,"WGOA","Slope_rockfish",258700.318778413,1.10193441677112
2017,"WGOA","Sockeye_salmon",93.3359559636845,0.000397564651965942
2017,"WGOA","Squid",1288.94118991749,0.00549024703591719
2017,"WGOA","Tanner_crab",3698.58599287539,0.015754132883106
2017,"WGOA","Thornyheads",65692.4157495281,0.279816948726863
2017,"WGOA","Unlisted_rockfish",2.69018023315369,1.14588269555576e-05
2017,"WGOA","Walleye_pollock",281673.684005915,1.19978950227228
2019,"WGOA","Arrowtooth_flounder",881212.099469458,3.75352433064556
2019,"WGOA","Atka_mackerel",979.998798466071,0.00417430643117639
2019,"WGOA","Big_skate",29051.8721414445,0.12374649530955
2019,"WGOA","Black_rockfish",633.472104504521,0.00269827543048321
2019,"WGOA","Chinook_salmon",5337.55790534186,0.0227353363350234
2019,"WGOA","Chum_salmon",7702.51457159961,0.0328088729932982
2019,"WGOA","Coho_salmon",78.3794301643432,0.00033385730668147
2019,"WGOA","Deep_water_flatfish",16408.1005449474,0.0698903302079245
2019,"WGOA","Demersal_shelf_rockfish",3177.54796230046,0.0135347705682534
2019,"WGOA","Eulachon",24657.1659300239,0.105027237255175
2019,"WGOA","Flathead_sole",170289.213073046,0.725347172265326
2019,"WGOA","Gelatinous_carnivores",103211.449302774,0.439629331454247
2019,"WGOA","Gelatinous_filter_feeders",45.8287814255737,0.000195207766925005
2019,"WGOA","Infauna",812.848520328917,0.0034623295572323
2019,"WGOA","King_crab",1012.35409823736,0.00431212388169709
2019,"WGOA","Large_sculpins",27492.7299633808,0.11710532673751
2019,"WGOA","Lingcod",10041.2744989638,0.042770824600846
2019,"WGOA","Longnose_skate",26633.1069649749,0.113443761216971
2019,"WGOA","MISC_NA",854.04389988776,0.00363780134158182
2019,"WGOA","MISC_SHELLS",1871.78452331707,0.00797286913584864
2019,"WGOA","Miscellaneous_deep_sea_fish",2.80325422162881,1.19404657882064e-05
2019,"WGOA","Motile_epifauna",18271.1936153481,0.0778261780863368
2019,"WGOA","Mysids",0.0328931584524093,1.40108460423128e-07
2019,"WGOA","Octopus",13821.5119901436,0.0588727521700481
2019,"WGOA","Other_skates",10593.6357663703,0.0451236082924961
2019,"WGOA","POP",1340101.89945474,5.70816615906219
2019,"WGOA","Pacific_capelin",1163.08580001138,0.00495416580366913
2019,"WGOA","Pacific_cod",167039.425160613,0.711504695515293
2019,"WGOA","Pacific_dogfish",9729.94533962381,0.041444717554511
2019,"WGOA","Pacific_hake",3.72721626169832,1.58760835584139e-05
2019,"WGOA","Pacific_halibut",223578.608815357,0.952333437665666
2019,"WGOA","Pacific_herring",52224.6228729299,0.222450863680095
2019,"WGOA","Pacific_sandlance",12.877436898632,5.48514628254299e-05
2019,"WGOA","Pandalid_shrimp",10190.3913529823,0.0434059880762507
2019,"WGOA","Pelagic_shelf_rockfish",119483.158604334,0.508938702945369
2019,"WGOA","Pink_salmon",301.637633154797,0.00128482597522948
2019,"WGOA","Rex_sole",80012.4968314493,0.34081335673144
2019,"WGOA","Sablefish",275828.490009998,1.17489188920701
2019,"WGOA","Sessile_epifauna",39452.9150276381,0.168049753924497
2019,"WGOA","Shallow_water_flatfish",220406.12376019,0.93882023255835
2019,"WGOA","Sharks_demersal",5754.41808058735,0.0245109529104235
2019,"WGOA","Shelf_demersals",8415.53326853077,0.035845977259964
2019,"WGOA","Shelf_forage_fish",929.804592466973,0.00396050413137992
2019,"WGOA","Slope_demersals",197479.897993239,0.841165937663928
2019,"WGOA","Slope_forage_fish",285.022954244259,0.00121405572414678
2019,"WGOA","Slope_rockfish",205530.491329603,0.875457452705957
2019,"WGOA","Sockeye_salmon",19.7888966850572,8.42908367108362e-05
2019,"WGOA","Squid",3249.22996791792,0.0138401001844906
2019,"WGOA","Tanner_crab",8396.68586277783,0.0357656967053668
2019,"WGOA","Thornyheads",63995.1225918747,0.272587325838883
2019,"WGOA","Walleye_pollock",281954.373650997,1.2009851002592
2021,"WGOA","Arrowtooth_flounder",1049308.30552782,4.46953038606528
2021,"WGOA","Atka_mackerel",13525.3102692526,0.0576110804716992
2021,"WGOA","Big_skate",19244.8846288135,0.0819736164973319
2021,"WGOA","Black_rockfish",9216.56993423191,0.039257994203738
2021,"WGOA","Chinook_salmon",2875.08589880633,0.0122464329306903
2021,"WGOA","Chum_salmon",11177.1860444246,0.0476092416243018
2021,"WGOA","Coho_salmon",245.281288318749,0.00104477603531637
2021,"WGOA","Deep_water_flatfish",18432.937874515,0.0785151280139316
2021,"WGOA","Demersal_shelf_rockfish",6890.8088356691,0.0293514111280173
2021,"WGOA","Eulachon",22550.9311988139,0.0960557270882046
2021,"WGOA","Flathead_sole",164913.719483698,0.702450248824313
2021,"WGOA","Gelatinous_carnivores",21332.7643756565,0.0908669435793769
2021,"WGOA","Gelatinous_filter_feeders",14.2638122900575,6.07567309966872e-05
2021,"WGOA","Infauna",974.19944606997,0.00414960408047801
2021,"WGOA","King_crab",1624.44284071649,0.00691931684783187
2021,"WGOA","Large_sculpins",22959.3321160312,0.0977953114406619
2021,"WGOA","Lingcod",18368.2824929754,0.0782397283140614
2021,"WGOA","Longnose_skate",31954.9617940808,0.136112210273945
2021,"WGOA","MISC_NA",55.9718936765735,0.000238412369591626
2021,"WGOA","MISC_SHELLS",1109.90829735194,0.00472765614703216
2021,"WGOA","Miscellaneous_deep_sea_fish",19.8706876508574,8.46392254589516e-05
2021,"WGOA","Motile_epifauna",25254.4858211182,0.10757152227549
2021,"WGOA","Mysids",0.0234283714873668,9.97931853842887e-08
2021,"WGOA","Octopus",1119.13189026781,0.0047669440556373
2021,"WGOA","Other_skates",13706.5758000266,0.0583831812865624
2021,"WGOA","POP",2083916.90699738,8.8764473594582
2021,"WGOA","Pacific_capelin",5421.45838791291,0.0230927105731585
2021,"WGOA","Pacific_cod",157932.393223412,0.672713278583057
2021,"WGOA","Pacific_dogfish",9035.52341036614,0.0384868262491467
2021,"WGOA","Pacific_hake",16.7701239133217,7.14323693177747e-05
2021,"WGOA","Pacific_halibut",193391.212584199,0.823750175701029
2021,"WGOA","Pacific_herring",2432.55468627118,0.010361470531376
2021,"WGOA","Pacific_sandlance",22.045062235061,9.39009774374586e-05
2021,"WGOA","Pandalid_shrimp",8527.73324666605,0.0363238932441888
2021,"WGOA","Pelagic_shelf_rockfish",190527.109344394,0.811550523423714
2021,"WGOA","Pink_salmon",130.636847598814,0.000556447858848285
2021,"WGOA","Rex_sole",106888.306912773,0.455290912256148
2021,"WGOA","Sablefish",375471.99067515,1.59932353779936
2021,"WGOA","Salmon_shark",1664.56421693349,0.00709021391324911
2021,"WGOA","Sessile_epifauna",25118.834207867,0.106993714014419
2021,"WGOA","Shallow_water_flatfish",233643.897976128,0.995206552756439
2021,"WGOA","Shelf_demersals",5907.02783660356,0.0251609944074088
2021,"WGOA","Shelf_forage_fish",973.495111733028,0.00414660396725644
2021,"WGOA","Slope_demersals",177611.729377816,0.756537442040392
2021,"WGOA","Slope_forage_fish",261.517190356581,0.00111393288571103
2021,"WGOA","Slope_rockfish",149959.328241715,0.638751995690285
2021,"WGOA","Sockeye_salmon",58.4873768969963,0.000249127074345308
2021,"WGOA","Squid",7018.61001452872,0.0298957804513886
2021,"WGOA","Tanner_crab",4767.2513885297,0.0203061148251633
2021,"WGOA","Thornyheads",49514.5801907163,0.21090743259137
2021,"WGOA","Walleye_pollock",681655.452299764,2.90351247658175
2023,"WGOA","Arrowtooth_flounder",940276.632541207,4.00510980262955
2023,"WGOA","Atka_mackerel",79504.1543261045,0.338648071026373
2023,"WGOA","Big_skate",31119.535701024,0.132553711509989
2023,"WGOA","Black_rockfish",3151.55847832592,0.0134240683201816
2023,"WGOA","Chinook_salmon",2566.51345936159,0.0109320681371068
2023,"WGOA","Chum_salmon",15724.9251554495,0.0669803435564447
2023,"WGOA","Coho_salmon",71.852297243401,0.000306054973687104
2023,"WGOA","Deep_water_flatfish",19582.0652497345,0.0834098378851354
2023,"WGOA","Demersal_shelf_rockfish",4690.39264921804,0.0199787349035726
2023,"WGOA","Eulachon",22571.0236962748,0.0961413111128998
2023,"WGOA","Flathead_sole",128166.427244573,0.545925099444337
2023,"WGOA","Gelatinous_carnivores",12123.0628720741,0.0516382054668473
2023,"WGOA","Gelatinous_filter_feeders",26.451142755876,0.000112668684380679
2023,"WGOA","Infauna",1453.32307424145,0.00619043193203789
2023,"WGOA","King_crab",884.642462532001,0.00376813596753293
2023,"WGOA","Large_sculpins",24068.4285561358,0.102519509480466
2023,"WGOA","Lingcod",12773.3292382895,0.0544080160816352
2023,"WGOA","Longnose_skate",25659.7655517031,0.109297811928553
2023,"WGOA","MISC_NA",50.1937449472261,0.000213800335945297
2023,"WGOA","MISC_SHELLS",1049.75638059894,0.00447143896253901
2023,"WGOA","Miscellaneous_deep_sea_fish",1.38763806309486,5.91064652322894e-06
2023,"WGOA","Motile_epifauna",29620.8934185324,0.126170242338773
2023,"WGOA","Mysids",0.0516224293111513,2.19885819251796e-07
2023,"WGOA","Octopus",5521.45972014725,0.0235186664058854
2023,"WGOA","Other_skates",7194.15912007604,0.0306435321439625
2023,"WGOA","POP",1013278.10315343,4.31605968209767
2023,"WGOA","Pacific_capelin",3918.36418265742,0.0166902784298918
2023,"WGOA","Pacific_cod",213784.20540944,0.910614160875888
2023,"WGOA","Pacific_dogfish",37412.3594652082,0.159358004280766
2023,"WGOA","Pacific_halibut",160425.418513294,0.683332323746103
2023,"WGOA","Pacific_herring",18243.0163215376,0.0777061568588103
2023,"WGOA","Pacific_sandlance",4.87565386686198,2.07678553529743e-05
2023,"WGOA","Pandalid_shrimp",4367.70939484646,0.0186042650715029
2023,"WGOA","Pelagic_shelf_rockfish",111367.433510283,0.474369759078513
2023,"WGOA","Pink_salmon",632.371326537616,0.00269358666499315
2023,"WGOA","Rex_sole",91115.2550470133,0.38810557290106
2023,"WGOA","Sablefish",153521.533985763,0.653925216687927
2023,"WGOA","Salmon_shark",2324.1491264416,0.00989971687792233
2023,"WGOA","Sessile_epifauna",32044.3241929729,0.136492849553284
2023,"WGOA","Shallow_water_flatfish",247837.811375077,1.05566554931596
2023,"WGOA","Shelf_demersals",5350.21103314943,0.0227892323529209
2023,"WGOA","Shelf_forage_fish",267.809512701227,0.00114073504268449
2023,"WGOA","Slope_demersals",105607.859458394,0.449836844300182
2023,"WGOA","Slope_forage_fish",78.4952385328272,0.000334350592610088
2023,"WGOA","Slope_rockfish",78336.7106101378,0.333675342672804
2023,"WGOA","Squid",11762.6884044233,0.0501031898522353
2023,"WGOA","Tanner_crab",2390.85313818482,0.0101838427213834
2023,"WGOA","Thornyheads",39041.1093878547,0.166295667150887
2023,"WGOA","Walleye_pollock",965865.221623682,4.11410443827492
2023,"WGOA","ZERO",0.672567291462018,2.86480144112747e-06
