Name,Transient killer whales_PWS,Resident killer whales_PWS,Humpback whale ( Mean N*Weight 30.408 t) Cheeseman et al. 2024,Humpback whale ( Mean N*Weight 30.408 t) PWS only,Other baleen whales- EN Gray Whales mt (Numbers*16.177t),Steller sea lion ADult N*0.56tonnes,Harbor seal (N*upper weight 0.12927 tonnes),Sea otter,Piscivorous surface birds: Chowiet biomass (t),Piscivorous diving birds: Chowiet biomass (t),Piscivorous diving birds,Planktivorous diving birds: Chowiet bioamss (t),Planktivorous diving birds,Salmon returning,Salmon outgoing_race,Salmon outgoing_race,Pacific hake,Mature herring Sitka biomass (t),Mature herring Craig biomass (t),Pacific herring adult ,Pacific sandlance,Pacific capelin,Shelf forage fish,Slope forage fish,Pacific dogfish,Salmon shark,Big skate,Longnose skate,Other skates,Pacific halibut adult,Arrowtooth flounder adult,Rex sole adult,Flathead sole adult,Shallow-water flatfish,Deep-water flatfish,Pacific ocean perch adult,Slope rockfish,Demersal shelf rockfish,Pelagic shelf rockfish,Thornyheads adult,Sablefish adult,Pacific cod adult, Walleye pollock adult,Large sculpins,Lingcod,Atka mackerel,Shelf demersal fish,Slope demersal fish,Miscellaneous deep-sea fish,Squid,Octopus,Tanner crab,King crab,Pandalid shrimp,Motile epifauna,Sessile epifauna,Infauna,Gelatinous carnivores,Other gelatinous zooplankton,Mysids,Euphausiids_race,Euphausiids_roms,Large copepods_roms,Small copepods_roms,Large microzooplankton_roms,Small microzooplankton_roms,Large phytoplankton_roms,Small phytoplankton_roms,Salmon_shark_combined_catch,Pacific halibut_combined_catch,Arrowtooth flounder_combined_catch,Rex sole_combined_catch,Flathead sole_combined_catch,Shallow water flatfish_combined_catch,Deep water flatfish__combined_catch,Pacific ocean perch_combine_catch,Slope rockfish_45_combined_catch,Demersal shelf rockfish_combine_catch,Pelagic shelf rockfish_combined_catch,Sablefish_49_combined_catch,Pacific cod_51_combined_catch,Walleye pollock_53_combined_catch,Large sculpins_55_combined_catch,Atka mackerel_57_combined_catch,Squid_61_combined_catch,Octopus_62_combined
Pool Code,1,2,5,5,6,11,12,13,14,16,16,17,17,18,18,19,20,21,21,21,23,24,25,26,27,28,30,31,32,33,35,37,39,41,42,43,45,46,47,48,49,51,53,55,56,57,58,59,60,61,62,63,64,65,67,69,70,71,72,73,75,75,76,77,78,79,80,81,28,33,35,37,39,42,42,43,45,46,47,49,51,53,55,57,61,62
Type,0,0,0,0,0,0,0,0,0,0,0,0,0,0,0,0,0,0,0,0,0,0,0,0,0,0,0,0,0,0,0,0,0,0,0,0,0,0,0,0,0,0,0,0,0,0,0,0,0,0,0,0,0,0,0,0,0,0,0,0,0,0,0,0,0,0,0,0,6,6,6,6,6,6,6,6,6,6,6,6,6,6,6,6,6,6
1955,,,,,,,,,,,,,,61573,96180,,,,,,,,,,,,,,,,,,,,,,,,,,,,,,,,,,,,,,,,,,,,,,,,,,,,,,,,,,,,,,,,,,,,,,,
1956,,,,,,,,,,,,,,63701,132905,,,,,,,,,,,,,,,,,,,,,,,,,,,,,,,,,,,,,,,,,,,,,,,,,,,,,,,,,,,,,,,,,,,,,,,
1957,,,,,,,,,,,,,,51777,128037,,,,,,,,,,,,,,,,,,,,,,,,,,,,,,,,,,,,,,,,,,,,,,,,,,,,,,,,,,,,,,,,,,,,,,,
1958,,,,,,,,,,,,,,55073,112407,,,,,,,,,,,,,,,,,,,,,,,,,,,,,,,,,,,,,,,,,,,,,,,,,,,,,,,,,,,,,,,,,,,,,,,
1959,,,,,,,,,,,,,,36977,112173,,,,,,,,,,,,,,,,,,,,,,,,,,,,,,,,,,,,,,,,,,,,,,,,,,,,,,,,,,,,,,,,,,,,,,,
1960,,,,,,,,,,,,,,58530,111835,,,,,,,,,,,,,,,,,,,,,,,,,,,,,,,,,,,,,,,,,,,,,,,,,,,,,,,,,,,,,,,,,,,,,,,
1961,,,,,,,,,,,,,,56501,89571,,,,,,,,,,,,,,,,,,,,,,,,,,,,,,,,,,,,,,,,,,,,,,,,,,,,,,,,,,,,,,,,,,,,,,,
1962,,,,,,,,,,,,,,86648,147821,,,,,,,,,,,,,,,,,,,,,,,,,,,,,,,,,,,,,,,,,,,,,,,,,,,,,,,,,,,,,,,,,,,,,,,
1963,,,,,,,,,,,,,,59540,117131,,,,,,,,,,,,,,,,,,,,,,,,,,,,,,,,,,,,,,,,,,,,,,,,,,,,,,,,,,,,,,,,,,,,,,,
1964,,,,,,,,,,,,,,94819,205123,,,,,,,,,,,,,,,,,,,,,,,,,,,,,,,,,,,,,,,,,,,,,,,,,,,,,,,,,,,,,,,,,,,,,,,
1965,,,,,,,,,,,,,,45421,70971,,,,,,,,,,,,,,,,,,,,,,,,,,,,,,,,,,,,,,,,,,,,,,,,,,,,,,,,,,,,,,,,,,,,,,,
1966,,,,,,,,,,,,,,76820,110626,,,,,,,,,,,,,,,,,,,,,,,,,,,,,,,,,,,,,,,,,,,,,,,,,,,,,,,,,,,,,,,,,,,,,,,
1967,,,,,217192.4,,,,,,,,,33385,71225,,,,,,,,,,,,,,,,,,,,,,,,,,,,,,,,,,,,,,,,,,,,,,,,,,,,,,,,,,,,,,,,,,,,,,,
1968,,,,,235343.0,,,,,,,,,74688,146822,,,,,,,,,,,,,,,,,,,,,,,,,,,,,,,,,,,,,,,,,,,,,,,,,,,,,,,,,,,,,,,,,,,,,,,
1969,,,,,235423.9,,,,,,,,,68539,99052,,,,,,,,,,,,,,,,,,,,,,,,,,,,,,,,,,,,,,,,,,,,,,,,,,,,,,,,,,,,,,,,,,,,,,,
1970,,,,,206596.5,,,,,,,,,80204,113217,,,,,,,,,,,,,,,,,,,,,,,,,,,,,,,,,,,,,,,,,,,,,,,,,,,,,,,,,,,,,,,,,,,,,,,
1971,,,,,179225.0,,,,,,,,,61010,112942,,,,,,,,,,,,,,,,,,,,,,,,,,,,,,,,,,,,,,,,,,,,,,,,,,,,,,,,,,,,,,,,,,,,,,,
1972,,,,,280913.6,,,,,,,,,41796,99384,,,,,,,,,,,,,,,,,,,,,,,,,,,,,,,,,,,,,,,,,,,,,,,,,,,,,,,,,,,,,,,,,,,,,,,
1973,,,,,281075.4,,,,,,,,,42354,115462,,,,,,,,,,,,,,,,,,,,,,,,,,,,,,,,,,,,,,,,,,,,,,,,,,,,,,,,,,,,,,,,,,,,,,,
1974,,,,,247346.3,,,,,,,,,40312,85069,,,,,,,,,,,,,,,,,,,,,,,,,,,,,,,,,,,,,,,,,,,,,,,,,,,,,,,,,,,,,,,,,,,,,,,
1975,,,,,284132.8,,,,,,,,,45692,75190,,,,,,,,,,,,,,,,,,,,,,,,,,,,,,,,,,,,,,,,,,,,,,,,,,,,,,,,,,,,,,,,,,,,,,,
1976,,,,,297284.7,,,,,,,,,84077,132722,,,8531,,,,,,,,,,,,,,,,,,,,,,,,,,,,,,,,,,,,,,,,,,,,,,,,,,,,,,,,,,,,,,,,,,,,
1977,,,,,316066.2,,,,0.428051,2.754752,,,,106238,250215,,,7052,,,,,,,,,,,,,,,,,,,,,,,,,,,,,,,,,,,,,,,,,,,,,,,,,,,,,,,,,,,,,,,,,,,,
1978,,,,1170.7,248867.0,40802.4814,,,0.404058,2.57768875,,,,109898,200349,,,16619,,,,,,,,,,,,,,,,,,,,,,,,,,,,,,,,,,,,,,,,,,,,,,,,,,,,,,,,,,,,,,,,,,,,
1979,,,,1559.9,319706.1,37737.54839,,,0.381097,2.257801,,,,109765,161652,,,35911,,,,,,,,,,,,,,,,,,,,,,,,,,,,,,,,,,,,,,,,,,,,,,,,,,,,,,,,,,,,,,,,,,,,
1980,,,,1581.2,,34971.73743,,,0.405855,2.36247375,,,,112309,146418,,,49393,,,,,,,,,,,,,,,,,,,,,,,,,,,,,,,,,,,,,,,,,,,,0.371251118,0.372706745,1.22886341,0.461979224,0.179853483,0.511678214,0.482858533,,,,,,,,,,,,,,,,,,
1981,,,,1605.5,,32387.96105,,,0.454074,2.793882,,,,136616,230630,,,45808,,,,,,,,,,,,,,,,,,,,,,,,,,,,,,,,,,,,,,,,,,,,0.293539749,0.177682627,0.91831051,0.395589424,0.180785386,0.343283176,0.452247915,,,,,,,,,,,,,,,,,,
1982,,,,2228.9,,30011.46656,,,,,,,,130261,273964,,,33374,,,,,,,,,,,,,,,,,,,,,,,,,,,,,,,,,,,,,,,,,,,,0.249890935,0.17819834,0.867192527,0.390966589,0.180035284,0.347206945,0.470588336,,,,,,,,,,,,,,,,,,
1983,,,,2162.0,,27687.48799,,,,,,,,98898,215798,,,41481,,,,,,,,,,,,,,,,,,,,,,,,,,,,,,,,,,,,,,,,,,,,0.293963112,0.208371261,0.939997693,0.382420065,0.178754069,0.362509755,0.468928815,,,,,,,,,,,,,,,,,,
1984,0.006745,0.01688025,,2034.3,380143.3,25542.29266,,,,,,,,146458,228228,,,50300,,,,,,,,,,,,,,,,,,,,,,,,,,,,,,,,,,,,,,,,,,,,0.292559536,0.141140216,0.995460396,0.42001033,0.18162726,0.371581975,0.476899821,,,,,,,,,,,,,,,,,,
1985,0.006745,0.01695125,,1906.6,370793.0,23348.23214,,,,,,,,114549,191392,,,42164,,,,,,,,,,,,,,,,,,,,,,,,,,,,,,,,,,,,,,,,,,,,0.321930824,0.182658209,1.053658111,0.429119144,0.177649093,0.38405828,0.46347437,,,,,,,,,,,,,,,,,,
1986,0.006745,0.01673825,,2563.4,,21011.53793,,,,,,,,120284,249160,,,32763,,,,,,,,,,,,,,,,,,,,,,,,,,,,,,,,,,,,,,,,,,,,0.325600037,0.2428121,0.940903011,0.390028984,0.177248459,0.355694738,0.461939357,,,,,,,,,,,,,,,,,,
1987,0.006745,0.01691575,,2916.1,435420.1,18647.88153,,,,,,,,120656,239690,,,49264,,,,,,,,,,,,,,,,,,,,,,,,,,,,,,,,,,,,,,,,,,,,0.319993541,0.212509237,0.985297882,0.384196998,0.16798579,0.365215255,0.460883864,,,,,,,,,,,,,,,,,,
1988,0.006745,0.01734175,,2940.5,,16546.33347,,,,,,,,146669,319331,,,65912,23820,,,,,,,,,,,,,,,,,,,,,,,,,,,,,,,,,,,,,,,,,,,0.327763073,0.215562822,1.001283889,0.387342435,0.168607833,0.361445783,0.461546318,,,,,,,,,,,,,,,,,,
1989,0.006745,0.01773225,,2850.8,,14863.07968,,,0.476108,2.76159975,,,,127668,206663,,,44669,26276,,,,,,,,,,,,,,,,,,,,,,,,,,,,,,,,,,,,,,,,,,,0.283541723,0.22280653,0.923429537,0.398710571,0.173891195,0.359793892,0.464622682,,,,,,,,,,,,,,,,,,
1990,0.0045085,0.01751925,,3249.1,,13735.51709,,,0.387653,2.915185,,,,118115,202807,0.005675279,,26995,24689,0.029716331,9.94E-05,0.0005461,0.001341491,0.000108145,0.055772783,0.055761759,0.037553511,0.041628632,0.046925498,1.208793231,8.111474415,0.456907923,0.951942827,0.872238466,0.384240729,0.377975512,0.929668556,0.003394695,0.123384301,0.056863843,0.91387675,1.709827344,3.672057327,0.108004561,0.004401239,0.18536727,0.061463558,0.179226636,0.000690379,0.013141233,0.004078921,0.004566799,0.003335455,0.031820952,0.058032404,0.267363594,0.002437116,0.188069268,0.001451211,,,0.336788437,0.263189873,1.04801699,0.400046853,0.169703484,0.380109662,0.469546412,,,,,,,,,,,,,,,,,,
1991,0.004473,0.01783875,,3287.1,,12849.74656,,,0.37074,3.04920525,,,,128486,230098,,,32414,17437,,,,,,,,,,,,,,,,,,,,,,,,,,,,,,,,,,,,,,,,,,,0.343385945,0.263952236,1.148669091,0.435492489,0.175705455,0.428212318,0.48856008,0,0,16958.38,0,1232.01,5215.54,15246.17,19632.85,2184.08,190.2,963.48,13102.98,64466.83,87828.01,0,1229.3,2.9,0
1992,0.0042245,0.0182115,,3617.0,254981.9,12290.67321,,,,,,,,118769,233842,,,52837,12058,,,,,,,,,,,,,,,,,,,,,,,,,,,,,,,,,,,,,,,,,,,0.354985119,0.252620804,1.111906507,0.426628424,0.180432728,0.422163183,0.488396453,0,0,20482.18,0,2301.18,8327.79,16717.02,21024.13,8241.7,212.24,2370.06,12575.74,78966.5,90585.19,0,6380.1,19.97,0
1993,0.0042245,0.0182115,,3794.9,325206.2,11799.5963,,0.020034775,0.482583,2.723448,,,,134172,191887,0.03136933,,35254,7629,0.014221897,8.64E-06,0.000168291,0.002095982,0.000328965,0.036005226,0.030498161,0.103280068,0.06224076,0.021951608,2.141711147,6.614959438,0.351500146,0.711140354,1.235382088,0.25697908,1.980695497,1.066776929,0.004879396,0.220931046,0.135602696,1.132124855,1.685456547,3.183991223,0.100388573,0.012305774,0.096991978,0.078067343,0.423290481,9.74E-05,0.037959795,0.005029078,0.023189578,0.003800781,0.023070126,0.072663837,0.223144551,0.010261567,0.031083378,0.000107956,,,0.335755145,0.286955112,1.087985442,0.425287267,0.179054827,0.431645399,0.475771734,0,0,18294.45,0,2823.29,8950.47,15539.64,17156.64,0,85.99,2112.66,12694.42,45849.17,108230.18,0,2156.23,0,0
1994,0.0042245,0.018815,,4223.7,,11399.00697,,0.021731976,,,,,,125945,247269,,,22742,6213,,,,,,,,,,,,,,,,,,,,,,,,,,,,,,,,,,,,,,,,,,,0.32951165,0.252469693,1.105115799,0.416802392,0.182414144,0.449732964,0.48990116,0,0,21993.24,3557.54,2511.24,3596.87,6402.57,7476.66,0,34.24,1671.13,9910.32,45610.58,100412.36,0,3537.34,0,0
1995,0.0042245,0.018886,,4243.4,338811.1,11068.10087,,0.021312553,0.454496,3.38767975,,,,218963,264600,,,31402,4454,,,,,,,,,,,,,,,,,,,,,,,,,,,,,,,,,,,,,,,,,,,0.328892108,0.219741045,1.056525113,0.412568085,0.184735641,0.411068784,0.495714899,0,0,17415.49,3847.09,2150.53,5155.55,7138.77,11156.83,0,50.02,1878.18,9419.66,67907.18,69168.13,0,697.91,0,0
1996,0.0042245,0.01917,,4634.2,,10793.78301,9596.48772,0.021263783,,,,,,118696,193307,0.021552237,,40038,5426,0.000134012,1.64E-05,0.004195009,0.00124401,0.000463134,0.01665868,,0.140501149,0.088216201,0.052289699,1.954160349,6.643396891,0.286522401,0.936113147,1.230628119,0.237881906,3.374365303,1.077851139,0.002779398,0.361238368,0.222019139,0.648559387,2.132067909,3.218862222,0.129472766,0.026499969,0.935140082,0.062341823,0.404215083,1.94E-06,0.024865689,0.009233344,0.008164124,0.00236953,0.025696972,0.103655638,0.362728566,0.004901366,0.055327888,0.0001666,,6.02E-08,0.30164287,0.236187662,1.004746805,0.408157176,0.179143619,0.378903291,0.483243492,0,0,21555.61,5752.71,2941.25,7890.11,9858.68,15990.03,0,44.99,1280,8300.44,55391.66,49825.87,0,1407.08,0,0
1997,0.0042245,0.0196315,,4605.3,341900.9,10564.94141,9980.67816,0.022834182,,,,,,140247,250372,,,47044,6597,,,,,,,,,,,,,,,,,,,,,,,,,,,,,,,,,,,,,,,,,,,0.296611784,0.23283757,0.930507153,0.391562482,0.184676778,0.36436715,0.485808472,0,0,14758.28,3102.2,2295.98,6670.1,9328.14,17349.28,0,86.06,1916.94,7580.93,58920.58,84179.65,0,324.38,0,0
1998,0.0042245,0.0195605,,4369.6,264801.3,10389.41025,10077.37212,0.030422816,0.284756,3.61267725,,0.104748,,155729,252302,,,56011,7213,,,,,,,,,,,,,,,,,,,,,,,,,,,,,,,,,,,,,,,,,,,0.268751093,0.185564092,0.905845299,0.38013966,0.172892805,0.346841811,0.468608655,0,0,12377.19,2623.58,1593.05,3174.31,4928.82,11649.27,0,27.22,2288.41,7241.8,50218.95,5428.38,0,316.73,0,0
1999,0.0042245,0.0201285,,4418.3,259365.8,10198.29918,9993.99297,0.024141221,,,,,,151975,261399,0.010195351,,59323,7198,0.000205365,3.50E-05,0.000553399,0.001046453,0.00073066,0.06928119,,0.191768289,0.136096655,0.074697931,2.257162459,4.150223448,0.236115926,0.804573129,1.191208541,0.160501522,2.710685883,1.328461994,0.009614189,0.200041635,0.22937934,0.487458595,1.205201228,2.510791694,0.127754548,0.026035847,0.019996206,0.047302764,1.535439837,8.70E-05,0.007229955,0.004019605,0.01048045,0.000812073,0.025739026,0.148226866,0.185225899,0.005364611,0.009608197,0.000232384,,3.02E-05,0.256155368,0.114608362,0.94994135,0.400938705,0.188925126,0.365725136,0.497314744,0,0,14639.85,2986.31,801.41,2232.99,4116.45,13050.3,0,60.11,3741.82,7292.31,66264.67,90566.28,0,143.28,0,0
2000,0.003976,0.0202705,,4313.4,309401.3,10047.95641,9746.57019,0.025926209,,,,,,138657,245764,,,54638,8167,,,,,,,,,,,,,,,,,,,,,,,,,,,,,,,,,,,,,,,,,,,0.313010404,0.244641643,0.989705694,0.397661273,0.183843791,0.390442056,0.478389866,0,0,22982.44,3571.81,1433.53,5806.11,6645.05,16026.95,0,7.22,3175.74,7708.85,53384.87,5564.14,0,168.06,0,0
2001,0.0037275,0.0202705,,4211.5,335672.8,10042.46376,9070.48809,,0.266574,3.412136,,,,154522,250592,0.029870211,,66801,8686,0.12825726,6.11E-05,0.001243376,0.010017624,0.000300776,0.075020197,,0.163527444,0.098247948,0.05351422,1.521600179,6.199783986,0.261341116,0.782485459,1.427262536,0.178456734,3.647791339,2.870416938,0.008208971,0.212385047,0.217247068,0.947810082,1.155285836,1.017474622,0.146813394,0.028979391,0.875521718,0.062011395,1.261940651,1.15E-06,0.038974824,0.00615335,0.020918264,0.003765669,0.038285851,0.135072305,0.294203024,0.008199816,0.070403265,0.000156474,,,0.342875909,0.276959554,1.01276965,0.429795071,0.171846127,0.391654527,0.472198409,0,0,17412.14,2892.75,1608.5,5369.38,5571.17,15762.26,0,22.22,2519.1,7093.13,40517.41,3456.36,0,75.29,0,0
2002,0.003479,0.0202705,25650.0,4194.8,288274.1,10086.21575,10245.16458,0.017947413,0.357954,2.46488,,0.053664,,143294,280257,,,68743,8741,,,,,,,,,,,,,,,,,,,,,,,,,,,,,,,,,,,,,,,,,,,0.349666001,0.239352969,1.018549081,0.394499112,0.177254172,0.37430998,0.466244055,0,0,20173.56,2982.29,1926.71,6044.38,6245.11,17012.23,0,13.39,2841.7,8002.2,41567.99,1698.03,0,83.08,0,0
2003,0.0032305,0.0202705,28978.8,3951.5,,10172.03356,10446.95505,0.02566285,,,,,,181872,313854,0.090279597,,90819,14900,0.005113036,4.06E-05,0.06423373,0.001369875,0.000412242,0.211027799,0.019224606,0.157373746,0.119738097,0.082367285,2.300547116,11.46737167,0.338929034,1.269375114,1.515108627,0.240454975,2.184929715,0.758095991,0.006830641,0.298387296,0.411366467,1.018148663,1.321949802,2.022291695,0.116781697,0.020954904,0.275910299,0.04627492,1.916410062,1.92E-05,0.020366956,0.016935939,0.033981747,0.007449441,0.03068614,0.143701624,0.165047479,0.016450033,0.049545074,7.91E-05,,,0.348194336,0.283881876,0.97480853,0.403229418,0.174741706,0.365328483,0.461323868,0,0,30167.939,0,2391.902,0,0,10240.195,0,0,0,9111.956,52365.755,48591.91,0,581.149,0,0
2004,0.0032305,0.0202705,29396.8,3807.1,343114.2,10328.74776,10526.32683,0.026374894,0.361734,3.44441825,,,,184785,250161,,,114705,16536,,,,,,,,,,,,,,,,,,,,,,,,,,,,,,,,,,,,,,,,,,,0.28864643,0.252411958,0.895087118,0.380450171,0.173221071,0.360163315,0.464550855,0,0,15633.707,0,2339.139,0,0,10762.814,0,0,0,9482.791,56450.242,62435.641,0,820.41,0,0
2005,0.0032305,0.0202705,32015.8,4074.7,339555.2,10536.39216,11110.49796,0.026833333,0.413535,3.73068425,,0.048762,,214281,226174,0.04148447,4.61E-05,97274,18412,0.006345632,0.000143114,0.001942223,0.002691784,0.000704189,0.067750371,0.012091446,0.139767446,0.14103437,0.122993707,2.201666092,7.3534374,0.372550444,0.996064193,1.586575722,0.203912787,3.661909139,2.131438701,0.011399579,0.988110801,0.297938949,0.927006017,1.298144587,1.724166501,0.14359711,0.054765803,0.4089806,0.078761664,2.525590313,5.36E-05,0.016054371,0.004389296,0.022926912,0.002244266,0.032251539,0.13641962,0.283432984,0.010001643,0.042054062,0.000426823,9.72E-07,,0.30468139,0.288802583,0.94597384,0.394933356,0.178206237,0.3720171,0.471143479,0,0,19920.605,0,2460.675,0,0,10401.835,0,0,0,8635.39,47523.78,78305.76,0,800.365,0,0
2006,0.0032305,0.020661,32064.4,3694.6,,10780.87061,11366.32329,,0.437294,3.6308095,,0.082818,,156734,202395,,,83580,18120,,,,,,,,,,,,,,,,,,,,,,,,,,,,,,,,,,,,,,,,,,,0.303283276,0.180333545,0.997062103,0.410821975,0.177125798,0.371689531,0.477001355,0,0,27613.326,0,3083.586,0,0,12335.77,0,0,0,8071.413,47767.08,68937.681,0,878.148,0,0
2007,0.0032305,0.020661,37870.8,5593.3,,10983.83968,11437.93887,0.023214589,0.330287,4.150034,,0.060372,,174922,205024,0.017974727,0.004111679,82357,15992,0.008301467,1.74E-05,0.003351515,0.010694244,0.000550777,0.074179833,,0.105551493,0.111805474,0.135265881,1.532655274,7.668959584,0.460477348,1.220719147,1.785003927,0.221489196,3.307182851,1.409821925,0.004802343,0.317836404,0.224557511,0.658200002,1.07117552,1.280464886,0.140087472,0.033136324,0.355258959,0.063128924,1.667788633,1.77E-05,0.042369325,0.011364679,0.019631257,0.001383879,0.033447085,0.100308321,0.270046533,0.016374816,0.003527335,0.000163273,,5.68E-08,0.295593545,0.169042023,0.980473706,0.398592773,0.196433268,0.403519912,0.483248277,0,0,25333.328,0,3065.032,0,0,11712.817,0,0,0,8104.499,51812.178,51585.966,0,1462.086,0,0
2008,0.0032305,0.0208385,40213.1,4974.1,,11264.21675,11989.14615,0.03520229,,,,,,135621,184642,,,100282,21493,,,,,,,,,,,,,,,,,,,,,,,,,,,,,,,,,,,,,,,,,,,0.33235838,0.179102983,1.038032554,0.413407377,0.185817734,0.385910417,0.490383053,0,0,29202.416,0,3304.9,0,0,11360.76,0,0,0,7174.292,58386.384,50789.73,0,2111.56,0,0
2009,0.0032305,0.02272,40196.4,5823.3,465735.8,11631.54277,12674.01861,0.038606446,0.288129,4.147624,,0.071208,,136567,188432,0.03046024,5.29E-05,117514,18109,0.044128343,8.87E-06,0.001612737,0.002450939,0.000507337,0.040336207,,0.123075413,0.107138556,0.100834611,1.857814623,6.204336399,0.502057002,0.950654903,1.689125795,0.184233534,3.178324504,0.808318954,0.004417493,0.282871977,0.233477336,0.587896545,3.270338661,3.237670659,0.178066308,0.04253267,0.621516104,0.045827611,1.716925963,2.48E-05,0.033370754,0.016832898,0.092942192,0.001725884,0.021999993,0.129808959,0.272218842,0.006481863,0.016006629,4.03E-05,1.52E-06,,0.339631562,0.196193256,1.025968344,0.40650788,0.17911476,0.389822442,0.476611987,0,0,24828.236,0,3623.907,0,0,11838.062,0,0,0,6389.889,51788.98,41553.009,0,2223.521,0,0
2010,0.0032305,0.02272,34970.6,5582.6,436131.9,12031.84494,12444.95217,,0.321765,3.77702325,,,,140101,180234,,,114424,18469,,,,,,,,,,,,,,,,,,,,,,,,,,,,,,,,,,,,,,,,,,,0.318909564,0.199124869,0.992472432,0.413481119,0.182856367,0.381526859,0.487049275,0,0,24338.76448,0,3902.209868,0,0,13689.70302,0,0,0,5865.975467,76954.1545,73444.06632,0,2416.810247,0,0
2011,0.0032305,0.023146,45046.7,6014.2,,12405.95248,12821.51568,0.028247668,0.256553,3.31840425,,0.078432,,142446,214461,0.018401563,,107765,21906,0.073959913,1.50E-05,0.001385386,0.001226958,0.001094074,0.044297245,0.008724038,0.126352208,0.096787886,0.081743606,1.432332363,5.930313017,0.38867593,1.000084851,1.309518486,0.178520457,3.662948703,1.353682727,0.011211951,0.355669659,0.189447183,0.4801901,2.04086074,2.969771234,0.140019337,0.056179443,0.42897034,0.027369883,1.580847238,9.62E-06,0.015302398,0.024025269,0.031928345,0.002690029,0.02146678,0.085091981,0.224734128,0.008837714,0.006146413,0.00030269,,,0.293952626,0.161566664,0.956620686,0.363771592,0.179012087,0.341937223,0.431976626,289.4903864,0,30906.02086,0,2731.228171,0,0,12349.72961,0,0,0,6316.451031,83710.47547,77700.28056,757.6536354,1614.540698,228.4868139,948.9677628
2012,0.0032305,0.0248145,50901.8,6699.5,,12807.9273,12722.88267,0.033739186,0.407556,3.96905675,,0.07353,,133893,198250,,,76615,21384,,,,,,,,,,,,,,,,,,,,,,,,,,,,,,,,,,,,,,,,,,,0.321507436,0.244729656,1.05686961,0.418766314,0.187731022,0.391648004,0.499110594,412.769815,0,20743.25301,0,2167.034413,0,0,13232.47094,0,0,0,6680.5841,76871.10993,98953.34811,789.7953563,1187.719801,16.4737129,416.9024407
2013,0.0032305,0.0265895,48185.5,7466.2,,13140.36194,13238.66997,0.041717981,0.418722,4.38668675,,0.082044,,195004,234542,0.049949443,,74131,19773,0.015144435,1.71E-05,0.016852851,0.000801433,0.000681824,0.063595949,0.016806639,0.101981596,0.12770902,0.111753916,0.848977671,4.729833971,0.416290724,0.887671016,1.258586917,0.111080285,6.527919146,2.010541682,0.002984824,0.440452887,0.229184309,0.239058958,2.223687322,4.412549934,0.149998277,0.019602385,0.48379424,0.044228578,1.588044649,,0.026898539,0.012419535,0.010334646,0.003774576,0.038927315,0.096952247,0.161436276,0.00507005,0.08446125,0.000357029,,,0.311626758,0.219884268,0.973851726,0.421207491,0.179938769,0.371492695,0.477686798,1511.615213,14115.29461,21808.41214,0,2818.394002,0,0,11644.60168,0,0,0,6545.396923,66829.78161,90797.53188,1730.52203,1276.997886,318.4147575,412.3688953
2014,0.0032305,0.0265895,47489.4,5461.3,332922.7,13453.73933,13282.10469,,0.410655,4.363391,,0.085914,,112822,152774,,,71726,13770,,,,,,,,,,,,,,,,,,,,,,,,,,,,,,,,,,,,,,,,,,,0.348568327,0.280377306,0.964108648,0.403520205,0.18107313,0.369597275,0.469776626,1044.237141,8640.070924,36522.14021,0,2555.349883,0,0,15840.58855,0,0,0,5930.507257,83491.72823,138950.4233,1178.613397,1041.722306,91.7210213,1304.546012
2015,0.0032305,0.0265895,50555.2,2843.1,943600.0,13834.96741,13815.0849,,0.162576,0.1965665,,0.090042,,270331,253577,0.069783108,,64322,10650,0.011394855,1.05E-05,0.000226901,0.000627447,0.001356614,0.051908314,0.013386489,0.161903167,0.149554017,0.107707569,1.216608077,5.673151093,0.385840084,0.887115757,0.936434783,0.099262188,7.017115599,0.851621824,0.006556898,0.238148682,0.277169778,0.338886876,1.084110311,3.369324538,0.167465155,0.021075906,0.134156139,0.036429274,1.393700643,2.69E-05,0.051843351,0.056444969,0.012850977,0.004242009,0.046043914,0.132639823,0.268739164,0.006787764,0.096614047,0.000214193,3.06E-07,,0.270771825,0.257747722,0.867092517,0.37988942,0.179867537,0.332769673,0.466193379,996.8627339,8783.396851,19291.24034,0,2000.67635,0,0,16752.06302,0,0,0,5623.669575,77689.99193,162812.9928,1009.737588,1217.806106,408.9416498,962.0116448
2016,0.0034435,0.0265895,45375.0,,,14196.21912,13887.08829,,0.360905,1.757974,,0.144738,,,,,,74183,10193,,,,,,,,,,,,,,,,,,,,,,,,,,,,,,,,,,,,,,,,,,,0.319828289,0.314903567,0.867647423,0.383498799,0.174827314,0.34015151,0.460012216,1310.953484,8222.514803,19959.26972,0,2419.234694,0,0,20207.8129,0,0,0,5246.216831,62867.32752,173103.3768,1315.856602,1092.901095,238.3049366,384.4154584
2017,0.0034435,0.0262345,43212.1,1064.3,,14522.89165,14136.70866,0.024043681,0.26595,1.92776425,,0.108102,,,,0.050103551,4.92E-06,62819,13431,0.041348482,6.39E-05,0.00049879,0.003090104,0.00133871,0.097454044,,0.101997644,0.162909933,0.072033944,1.054035692,3.618514175,0.411729473,0.985031948,1.060854111,0.10119658,7.318393647,1.101934417,0.009470812,0.325577623,0.279816949,0.568014725,0.448072326,1.199789502,0.125679934,0.085931687,0.140614486,0.03763226,0.643924265,5.76E-05,0.005490247,0.003779911,0.015754133,0.003835516,0.029493992,0.091562581,0.181887408,0.002412999,0.038993692,0.003310233,,,0.280194227,0.169544399,0.943717615,0.412852577,0.198199934,0.376006445,0.496319404,1021.793555,8475.520449,27005.77587,0,2050.211245,0,0,21103.55047,0,0,0,6018.902464,48204.21456,184267.7617,1367.611325,1074.512233,36.91442649,231.0107961
2018,0.0034435,0.026838,40631.1,2037.3,,14779.66282,,,0.226162,1.951149,,0.058566,,,,,,55926,15983,,,,,,,,,,,,,,,,,,,,,,,,,,,,,,,,,,,,,,,,,,,0.299367841,0.187399721,0.928360945,0.404720506,0.173630136,0.356421795,0.467155022,1541.315459,6915.548645,18853.50534,0,2201.913854,0,0,21384.5257,0,0,0,7167.356931,14681.29828,150831.9379,581.8295703,1437.516134,38.30494944,203.5591919
2019,0.0034435,0.026838,39019.9,1520.4,720300.0,15028.56785,,,0.332105,2.06992675,,0.08385,,,,0.057247183,1.59E-05,151775,59215,0.222450864,5.49E-05,0.004954166,0.003960504,0.001214056,0.041444718,,0.123746495,0.113443761,0.045123608,0.952333438,3.753524331,0.340813357,0.725347172,0.938820233,0.06989033,5.708166159,0.875457453,0.013534771,0.508938703,0.272587326,1.174891889,0.711504696,1.2009851,0.117105327,0.042770825,0.004174306,0.035845977,0.841165938,1.19E-05,0.0138401,0.058872752,0.035765697,0.004312124,0.043405988,0.077826178,0.168049754,0.00346233,0.439629331,0.000195208,1.40E-07,,0.321581999,0.26938981,0.940483923,0.402442775,0.175129322,0.370661519,0.454364232,1058.925805,7097.102861,24540.97721,0,2667.392907,0,0,22182.64779,0,0,0,7812.864771,15200.42055,110675.3463,632.7687632,1254.373853,0,333.3510558
2020,0.0034435,0.02692675,43633.1,1748.5,,,,,,,,,,,,,,265316,101051,,,,,,,,,,,,,,,,,,,,,,,,,,,,,,,,,,,,,,,,,,,0.318290797,0.203414336,0.992219405,0.411800503,0.187222039,0.384215192,0.484635939,725.023792,5514.671276,20951.81512,0,1911.330361,0,0,23724.87764,0,0,0,7502.611566,6085.249334,100135.1492,542.6094921,607.4746681,0,77.03767091
2021,0.0034435,0.02926975,40526.2,1520.4,,,,,,,,,,,,0.061706026,7.14E-05,245302,96472,0.010361471,9.39E-05,0.023092711,0.004146604,0.001113933,0.038486826,0.007090214,0.081973616,0.13611221,0.058383181,0.823750176,4.469530386,0.455290912,0.702450249,0.995206553,0.078515128,8.876447359,0.638751996,0.029351411,0.811550523,0.210907433,1.599323538,0.672713279,2.903512477,0.097795311,0.078239728,0.05761108,0.025160994,0.756537442,8.46E-05,0.02989578,0.004766944,0.020306115,0.006919317,0.036323893,0.107571522,0.106993714,0.004149604,0.090866944,6.08E-05,9.98E-08,,0.298341495,0.232432108,0.893838206,0.370636516,0.188730433,0.336001316,0.482255485,970.071091,6110.656878,9649.557597,0,707.0648779,0,0,27237.55163,0,0,0,9318.556288,18686.81289,94066.6005,0,939.3250961,0,51.36430745
2022,0.0034435,0.02973125,,,,,,0.045678117,,,,,,,,,,225820,63250,,,,,,,,,,,,,,,,,,,,,,,,,,,,,,,,,,,,,,,,,,,0.260334185,0.134212279,0.945989295,0.382615018,0.190793575,0.350655671,0.492495186,1083.968641,6961.377493,11355.30805,0,563.441809,0,0,28085.43482,0,0,0,11192.7407,25387.997,123670.3775,0,879.6648687,0,146.4047064
2023,,,,,,,,,,,,,,,,0.080912053,,,,0.077706157,2.08E-05,0.016690278,0.001140735,0.000334351,0.159358004,0.009899717,0.132553712,0.109297812,0.030643532,0.683332324,4.005109803,0.388105573,0.545925099,1.055665549,0.083409838,4.316059682,0.333675343,0.019978735,0.474369759,0.166295667,0.653925217,0.910614161,4.114104438,0.102519509,0.054408016,0.338648071,0.022789232,0.449836844,5.91E-06,0.05010319,0.023518666,0.010183843,0.003768136,0.018604265,0.126170242,0.13649285,0.006190432,0.051638205,0.000112669,2.20E-07,,0.321853641,0.166125047,1.164655847,0.427299969,0.190326408,0.413837713,0.500710946,691.0521304,6320.050281,8987.59656,0,468.7901543,0,0,28397.60777,0,0,0,9245.891755,21013.84785,125072.391,0,462.5799769,0,182.8931928
2023,,,,,,,,,,,,,,,,,,0.080912,,,,0.077706,0.000021,0.016690,0.001141,0.000334,0.159358,0.009900,0.132554,0.109298,0.030644,0.683332,4.005110,0.388106,0.545925,1.055666,0.083410,4.316060,0.333675,0.019979,0.474370,0.166296,0.653925,0.910614,4.114104,0.102520,0.054408,0.338648,0.022789,0.449837,0.000006,0.050103,0.023519,0.010184,0.003768,0.018604,0.126170,0.136493,0.006190,0.051638,0.000113,0.000000,0.319291,0.164446,1.166711,0.430172,0.189938,0.414765,691.0521304,6320.050281,8987.59656,,468.7901543,,,28397.60777,,,,,,,,,,
