"varname","simulation","year","mean_biomass"
"Cop","ssp126",1980,32.8058132566423
"Cop","ssp126",1981,27.5073621058447
"Cop","ssp126",1982,29.3801202054277
"Cop","ssp126",1983,28.1366141971137
"Cop","ssp126",1984,27.3689223523041
"Cop","ssp126",1985,30.9507755593356
"Cop","ssp126",1986,27.1575470785082
"Cop","ssp126",1987,30.9888512032269
"Cop","ssp126",1988,28.2273265628887
"Cop","ssp126",1989,26.801318663958
"Cop","ssp126",1990,29.6068491342584
"Cop","ssp126",1991,33.7251918774451
"Cop","ssp126",1992,32.4232026341797
"Cop","ssp126",1993,26.7936156197139
"Cop","ssp126",1994,28.1402229189765
"Cop","ssp126",1995,28.6025330184656
"Cop","ssp126",1996,29.1701427989555
"Cop","ssp126",1997,26.6862458527234
"Cop","ssp126",1998,24.3835431041769
"Cop","ssp126",1999,26.6792271040205
"Cop","ssp126",2000,28.311475396901
"Cop","ssp126",2001,29.6388000188174
"Cop","ssp126",2002,29.8187264974891
"Cop","ssp126",2003,24.3371831503706
"Cop","ssp126",2004,25.3774068281609
"Cop","ssp126",2005,28.4075954864396
"Cop","ssp126",2006,26.5032707501238
"Cop","ssp126",2007,27.5270424633414
"Cop","ssp126",2008,29.9988061773193
"Cop","ssp126",2009,30.0849808883776
"Cop","ssp126",2010,27.1407349468478
"Cop","ssp126",2011,26.2857471198916
"Cop","ssp126",2012,31.9112734671024
"Cop","ssp126",2013,24.8289766209216
"Cop","ssp126",2014,28.3798510590953
"Cop","ssp126",2015,23.2169123439152
"Cop","ssp126",2016,22.8237017061664
"Cop","ssp126",2017,25.6165758882819
"Cop","ssp126",2018,22.6008606182382
"Cop","ssp126",2019,23.599401198576
"Cop","ssp126",2020,26.6858382125634
"Cop","ssp126",2021,17.6426860803085
"Cop","ssp126",2022,26.684764920413
"Cop","ssp126",2023,33.7781999328646
"Cop","ssp126",2024,33.707393548454
"Cop","ssp126",2025,30.0894760112375
"Cop","ssp126",2026,25.2846089026694
"Cop","ssp126",2027,24.7963892464978
"Cop","ssp126",2028,31.8829009020704
"Cop","ssp126",2029,23.2177787346327
"Cop","ssp126",2030,19.5891539957456
"Cop","ssp126",2031,21.0529681629801
"Cop","ssp126",2032,27.8294419146079
"Cop","ssp126",2033,30.5676829656594
"Cop","ssp126",2034,25.5392831356537
"Cop","ssp126",2035,26.3421013581513
"Cop","ssp126",2036,27.3540730340178
"Cop","ssp126",2037,24.9138686431879
"Cop","ssp126",2038,26.7570518447124
"Cop","ssp126",2039,26.4181442106001
"Cop","ssp126",2040,27.8112191405527
"Cop","ssp126",2041,27.7948802609668
"Cop","ssp126",2042,24.2362946937964
"Cop","ssp126",2043,26.5654885758448
"Cop","ssp126",2044,30.8415524198989
"Cop","ssp126",2045,28.4855153685637
"Cop","ssp126",2046,23.0702387301304
"Cop","ssp126",2047,25.7142962257371
"Cop","ssp126",2048,28.4915247228082
"Cop","ssp126",2049,26.8990665918995
"Cop","ssp126",2050,23.6207625936245
"Cop","ssp126",2051,29.8546230683902
"Cop","ssp126",2052,17.7091901278417
"Cop","ssp126",2053,31.774665207556
"Cop","ssp126",2054,29.1254030424265
"Cop","ssp126",2055,23.2355993006877
"Cop","ssp126",2056,25.9250732696123
"Cop","ssp126",2057,28.2111619169929
"Cop","ssp126",2058,28.4883412180524
"Cop","ssp126",2059,30.315796526773
"Cop","ssp126",2060,30.0462041824051
"Cop","ssp126",2061,25.4676375685158
"Cop","ssp126",2062,22.3813324779402
"Cop","ssp126",2063,25.2586575270723
"Cop","ssp126",2064,31.9061420334829
"Cop","ssp126",2065,34.4286714405678
"Cop","ssp126",2066,26.2813433353435
"Cop","ssp126",2067,23.0900358362474
"Cop","ssp126",2068,28.2519701975857
"Cop","ssp126",2069,29.0653324764533
"Cop","ssp126",2070,25.2401817322061
"Cop","ssp126",2071,29.6958135547512
"Cop","ssp126",2072,25.7525190503663
"Cop","ssp126",2073,28.5092195064277
"Cop","ssp126",2074,24.2171444109202
"Cop","ssp126",2075,22.1890015300353
"Cop","ssp126",2076,34.6099340000151
"Cop","ssp126",2077,36.7026790784916
"Cop","ssp126",2078,23.4383210349674
"Cop","ssp126",2079,27.429907376572
"Cop","ssp126",2080,25.0654100794591
"Cop","ssp126",2081,28.0069218089112
"Cop","ssp126",2082,21.1262731426116
"Cop","ssp126",2083,19.2676909275866
"Cop","ssp126",2084,28.7374618500078
"Cop","ssp126",2085,31.4051985638415
"Cop","ssp126",2086,27.8973903945627
"Cop","ssp126",2087,28.2161631366591
"Cop","ssp126",2088,21.2517875371252
"Cop","ssp126",2089,22.2856316455253
"Cop","ssp126",2090,27.6464987728879
"Cop","ssp126",2091,32.5704309575473
"Cop","ssp126",2092,27.2235897847085
"Cop","ssp126",2093,22.182562553933
"Cop","ssp126",2094,28.1814632586975
"Cop","ssp126",2095,29.0380520907508
"Cop","ssp126",2096,28.4039884714585
"Cop","ssp126",2097,20.7416299111163
"Cop","ssp126",2098,25.6650463161914
"Cop","ssp126",2099,21.9495829464141
"Cop","ssp245",1980,32.8058132566423
"Cop","ssp245",1981,27.5073621058447
"Cop","ssp245",1982,29.3801202054277
"Cop","ssp245",1983,28.1366141971137
"Cop","ssp245",1984,27.3689223523041
"Cop","ssp245",1985,30.9507755593356
"Cop","ssp245",1986,27.1575470785082
"Cop","ssp245",1987,30.9888512032269
"Cop","ssp245",1988,28.2273265628887
"Cop","ssp245",1989,26.801318663958
"Cop","ssp245",1990,29.6068491342584
"Cop","ssp245",1991,33.7251918774451
"Cop","ssp245",1992,32.4232026341797
"Cop","ssp245",1993,26.7936156197139
"Cop","ssp245",1994,28.1402229189765
"Cop","ssp245",1995,28.6025330184656
"Cop","ssp245",1996,29.1701427989555
"Cop","ssp245",1997,26.6862458527234
"Cop","ssp245",1998,24.3835431041769
"Cop","ssp245",1999,26.6792271040205
"Cop","ssp245",2000,28.311475396901
"Cop","ssp245",2001,29.6388000188174
"Cop","ssp245",2002,29.8187264974891
"Cop","ssp245",2003,24.3371831503706
"Cop","ssp245",2004,25.3774068281609
"Cop","ssp245",2005,28.4075954864396
"Cop","ssp245",2006,26.5032707501238
"Cop","ssp245",2007,27.5270424633414
"Cop","ssp245",2008,29.9988061773193
"Cop","ssp245",2009,30.0849808883776
"Cop","ssp245",2010,27.1407349468478
"Cop","ssp245",2011,26.2857471198916
"Cop","ssp245",2012,31.9112734671024
"Cop","ssp245",2013,24.8289766209216
"Cop","ssp245",2014,28.3798510590953
"Cop","ssp245",2015,23.2169123439152
"Cop","ssp245",2016,22.8237017061664
"Cop","ssp245",2017,25.6165758882819
"Cop","ssp245",2018,22.6008606182382
"Cop","ssp245",2019,23.599401198576
"Cop","ssp245",2020,26.6858382125634
"Cop","ssp245",2021,36.5699852722954
"Cop","ssp245",2022,23.9146155980428
"Cop","ssp245",2023,26.0257332497687
"Cop","ssp245",2024,27.1166616819375
"Cop","ssp245",2025,29.2455162821731
"Cop","ssp245",2026,27.9474501035159
"Cop","ssp245",2027,29.2835203022315
"Cop","ssp245",2028,29.7526392714678
"Cop","ssp245",2029,25.1373972932091
"Cop","ssp245",2030,24.5202559882101
"Cop","ssp245",2031,27.6285376002626
"Cop","ssp245",2032,26.3596680904119
"Cop","ssp245",2033,23.3912696744106
"Cop","ssp245",2034,27.8330493499373
"Cop","ssp245",2035,25.2721478286317
"Cop","ssp245",2036,24.4206190659119
"Cop","ssp245",2037,24.903731381542
"Cop","ssp245",2038,26.2417650024212
"Cop","ssp245",2039,24.2725769713188
"Cop","ssp245",2040,23.663896132536
"Cop","ssp245",2041,24.4377813962602
"Cop","ssp245",2042,26.6552893314206
"Cop","ssp245",2043,28.3875634422345
"Cop","ssp245",2044,26.9579188465126
"Cop","ssp245",2045,26.8393975726582
"Cop","ssp245",2046,29.2896405407826
"Cop","ssp245",2047,22.5059277127272
"Cop","ssp245",2048,24.3490428763633
"Cop","ssp245",2049,21.8217321495533
"Cop","ssp245",2050,24.9337459432754
"Cop","ssp245",2051,32.0361345159275
"Cop","ssp245",2052,24.0304316694927
"Cop","ssp245",2053,20.2557140143398
"Cop","ssp245",2054,20.6044329810648
"Cop","ssp245",2055,20.7895632466859
"Cop","ssp245",2056,24.2306706214334
"Cop","ssp245",2057,17.696440683526
"Cop","ssp245",2058,22.261133590274
"Cop","ssp245",2059,30.3229403308479
"Cop","ssp245",2060,21.6912352542042
"Cop","ssp245",2061,19.7540913135816
"Cop","ssp245",2062,21.3929306916942
"Cop","ssp245",2063,21.2718214099996
"Cop","ssp245",2064,21.6743047916773
"Cop","ssp245",2065,28.1489960071855
"Cop","ssp245",2066,32.326284571397
"Cop","ssp245",2067,29.7289336523979
"Cop","ssp245",2068,30.9687276714667
"Cop","ssp245",2069,20.4444527670763
"Cop","ssp245",2070,27.3534176464792
"Cop","ssp245",2071,32.4526139320775
"Cop","ssp245",2072,26.8670546401703
"Cop","ssp245",2073,19.7000342755089
"Cop","ssp245",2074,24.7682399922605
"Cop","ssp245",2075,25.6260609292035
"Cop","ssp245",2076,22.0020020761573
"Cop","ssp245",2077,23.7154680894903
"Cop","ssp245",2078,22.2431081671325
"Cop","ssp245",2079,23.877252161888
"Cop","ssp245",2080,21.3199015765476
"Cop","ssp245",2081,25.1664120632795
"Cop","ssp245",2082,23.0276116800067
"Cop","ssp245",2083,21.0228121648476
"Cop","ssp245",2084,26.143752986306
"Cop","ssp245",2085,23.237326253211
"Cop","ssp245",2086,24.9065471543259
"Cop","ssp245",2087,26.8368743359132
"Cop","ssp245",2088,22.4965990437464
"Cop","ssp245",2089,19.2482985694809
"Cop","ssp245",2090,17.6885041418897
"Cop","ssp245",2091,24.4681266391617
"Cop","ssp245",2092,21.4098931363346
"Cop","ssp245",2093,20.7263935903696
"Cop","ssp245",2094,24.0867098985296
"Cop","ssp245",2095,24.9302503989018
"Cop","ssp245",2096,26.5716097802283
"Cop","ssp245",2097,26.6006316598716
"Cop","ssp245",2098,18.2136276586304
"Cop","ssp245",2099,33.3467895212569
"Cop","ssp585",1980,32.8058132566423
"Cop","ssp585",1981,27.5073621058447
"Cop","ssp585",1982,29.3801202054277
"Cop","ssp585",1983,28.1366141971137
"Cop","ssp585",1984,27.3689223523041
"Cop","ssp585",1985,30.9507755593356
"Cop","ssp585",1986,27.1575470785082
"Cop","ssp585",1987,30.9888512032269
"Cop","ssp585",1988,28.2273265628887
"Cop","ssp585",1989,26.801318663958
"Cop","ssp585",1990,29.6068491342584
"Cop","ssp585",1991,33.7251918774451
"Cop","ssp585",1992,32.4232026341797
"Cop","ssp585",1993,26.7936156197139
"Cop","ssp585",1994,28.1402229189765
"Cop","ssp585",1995,28.6025330184656
"Cop","ssp585",1996,29.1701427989555
"Cop","ssp585",1997,26.6862458527234
"Cop","ssp585",1998,24.3835431041769
"Cop","ssp585",1999,26.6792271040205
"Cop","ssp585",2000,28.311475396901
"Cop","ssp585",2001,29.6388000188174
"Cop","ssp585",2002,29.8187264974891
"Cop","ssp585",2003,24.3371831503706
"Cop","ssp585",2004,25.3774068281609
"Cop","ssp585",2005,28.4075954864396
"Cop","ssp585",2006,26.5032707501238
"Cop","ssp585",2007,27.5270424633414
"Cop","ssp585",2008,29.9988061773193
"Cop","ssp585",2009,30.0849808883776
"Cop","ssp585",2010,27.1407349468478
"Cop","ssp585",2011,26.2857471198916
"Cop","ssp585",2012,31.9112734671024
"Cop","ssp585",2013,24.8289766209216
"Cop","ssp585",2014,28.3798510590953
"Cop","ssp585",2015,23.2169123439152
"Cop","ssp585",2016,22.8237017061664
"Cop","ssp585",2017,25.6165758882819
"Cop","ssp585",2018,22.6008606182382
"Cop","ssp585",2019,23.599401198576
"Cop","ssp585",2020,26.6858382125634
"Cop","ssp585",2021,27.1059955926738
"Cop","ssp585",2022,29.8556991876986
"Cop","ssp585",2023,27.7653683631149
"Cop","ssp585",2024,35.190282875531
"Cop","ssp585",2025,30.3205313344786
"Cop","ssp585",2026,29.5124866107077
"Cop","ssp585",2027,29.1560789104447
"Cop","ssp585",2028,24.1613456822935
"Cop","ssp585",2029,20.8825180714669
"Cop","ssp585",2030,26.5932397551307
"Cop","ssp585",2031,24.2651882165374
"Cop","ssp585",2032,23.761819617873
"Cop","ssp585",2033,23.0064747926031
"Cop","ssp585",2034,25.3876073849915
"Cop","ssp585",2035,36.476457651872
"Cop","ssp585",2036,28.3885093530105
"Cop","ssp585",2037,20.3881546341579
"Cop","ssp585",2038,23.6126765691965
"Cop","ssp585",2039,26.2216596462628
"Cop","ssp585",2040,25.5110102006974
"Cop","ssp585",2041,25.7556253416561
"Cop","ssp585",2042,26.2162262289432
"Cop","ssp585",2043,21.7402069924716
"Cop","ssp585",2044,23.6376888695484
"Cop","ssp585",2045,24.6276657942689
"Cop","ssp585",2046,28.1999650599566
"Cop","ssp585",2047,34.737349122575
"Cop","ssp585",2048,29.7427159685399
"Cop","ssp585",2049,23.3877661462364
"Cop","ssp585",2050,24.737865266467
"Cop","ssp585",2051,28.2425007194137
"Cop","ssp585",2052,24.7435097753053
"Cop","ssp585",2053,22.7506702659244
"Cop","ssp585",2054,23.5404045004233
"Cop","ssp585",2055,21.0662743490803
"Cop","ssp585",2056,23.5577979534396
"Cop","ssp585",2057,24.3374128035971
"Cop","ssp585",2058,26.9115315728094
"Cop","ssp585",2059,24.4659888766997
"Cop","ssp585",2060,25.8898685907978
"Cop","ssp585",2061,23.7727779966501
"Cop","ssp585",2062,24.2464054687602
"Cop","ssp585",2063,29.7754855309282
"Cop","ssp585",2064,22.2977539178978
"Cop","ssp585",2065,18.8530674303604
"Cop","ssp585",2066,23.2262687432366
"Cop","ssp585",2067,19.678176276435
"Cop","ssp585",2068,20.8822470703958
"Cop","ssp585",2069,22.9628591657461
"Cop","ssp585",2070,20.1791419026718
"Cop","ssp585",2071,19.7119294487017
"Cop","ssp585",2072,19.7725476461413
"Cop","ssp585",2073,17.5507524160806
"Cop","ssp585",2074,18.2331071201101
"Cop","ssp585",2075,19.2796877257024
"Cop","ssp585",2076,28.0524810945401
"Cop","ssp585",2077,26.2192432340319
"Cop","ssp585",2078,22.161494698284
"Cop","ssp585",2079,18.5246405693419
"Cop","ssp585",2080,23.7186813938212
"Cop","ssp585",2081,20.2244892468562
"Cop","ssp585",2082,19.4191332043844
"Cop","ssp585",2083,22.082861514482
"Cop","ssp585",2084,24.1565873495124
"Cop","ssp585",2085,25.2996724438873
"Cop","ssp585",2086,16.517466441882
"Cop","ssp585",2087,19.9838116910806
"Cop","ssp585",2088,26.1543017278379
"Cop","ssp585",2089,18.2067806638278
"Cop","ssp585",2090,18.2775512986323
"Cop","ssp585",2091,20.2020483425019
"Cop","ssp585",2092,19.2375417161818
"Cop","ssp585",2093,17.2453911890113
"Cop","ssp585",2094,17.0006138773358
"Cop","ssp585",2095,23.1463055466265
"Cop","ssp585",2096,22.8972606513694
"Cop","ssp585",2097,30.1582203818218
"Cop","ssp585",2098,22.0177985627747
"Cop","ssp585",2099,17.1238883675739
"Eup","ssp126",1980,8.36725788331905
"Eup","ssp126",1981,7.64491603477305
"Eup","ssp126",1982,8.17138708737929
"Eup","ssp126",1983,6.83974535066081
"Eup","ssp126",1984,7.54914014930852
"Eup","ssp126",1985,8.77351390387131
"Eup","ssp126",1986,7.97993136106217
"Eup","ssp126",1987,8.59128260311712
"Eup","ssp126",1988,8.17804248959659
"Eup","ssp126",1989,7.61894158759435
"Eup","ssp126",1990,9.09011189252426
"Eup","ssp126",1991,8.81579444191613
"Eup","ssp126",1992,8.84479738830217
"Eup","ssp126",1993,6.82951168865493
"Eup","ssp126",1994,6.88698245067137
"Eup","ssp126",1995,7.73322426988198
"Eup","ssp126",1996,7.24979780575488
"Eup","ssp126",1997,6.88516656360774
"Eup","ssp126",1998,6.64943738458203
"Eup","ssp126",1999,7.74145748063552
"Eup","ssp126",2000,8.03774896371835
"Eup","ssp126",2001,8.40643124763687
"Eup","ssp126",2002,8.96791331711824
"Eup","ssp126",2003,6.90329557700526
"Eup","ssp126",2004,6.6342463335876
"Eup","ssp126",2005,7.75996262563822
"Eup","ssp126",2006,7.55449822656144
"Eup","ssp126",2007,7.71195644969359
"Eup","ssp126",2008,8.87966643162714
"Eup","ssp126",2009,8.67278953217798
"Eup","ssp126",2010,8.38834433312009
"Eup","ssp126",2011,7.96716831752496
"Eup","ssp126",2012,8.48368113741299
"Eup","ssp126",2013,6.72514811821014
"Eup","ssp126",2014,8.45685126035352
"Eup","ssp126",2015,6.15887464125307
"Eup","ssp126",2016,6.78995072341942
"Eup","ssp126",2017,6.5003182182749
"Eup","ssp126",2018,5.42822107889071
"Eup","ssp126",2019,6.10866149368963
"Eup","ssp126",2020,7.12891757812063
"Eup","ssp126",2021,5.13712253275615
"Eup","ssp126",2022,6.70768043024487
"Eup","ssp126",2023,9.17181632454108
"Eup","ssp126",2024,10.1722629405757
"Eup","ssp126",2025,9.04423552245084
"Eup","ssp126",2026,7.26394203130861
"Eup","ssp126",2027,6.90940645783333
"Eup","ssp126",2028,8.67435074516934
"Eup","ssp126",2029,7.19489848341575
"Eup","ssp126",2030,5.87639148326792
"Eup","ssp126",2031,6.44321791331495
"Eup","ssp126",2032,7.99285071662191
"Eup","ssp126",2033,9.18046115124561
"Eup","ssp126",2034,6.96013758654711
"Eup","ssp126",2035,6.6494431892118
"Eup","ssp126",2036,7.78043475044563
"Eup","ssp126",2037,6.87523172477292
"Eup","ssp126",2038,7.58277632481608
"Eup","ssp126",2039,7.93613954445294
"Eup","ssp126",2040,8.17793036452237
"Eup","ssp126",2041,8.84884953451686
"Eup","ssp126",2042,7.35528576292313
"Eup","ssp126",2043,7.88478829740349
"Eup","ssp126",2044,9.70568281471926
"Eup","ssp126",2045,9.13898211001316
"Eup","ssp126",2046,6.58463380803583
"Eup","ssp126",2047,7.72685743254666
"Eup","ssp126",2048,8.24236824154544
"Eup","ssp126",2049,7.50027321395374
"Eup","ssp126",2050,6.18212320191545
"Eup","ssp126",2051,7.1572766448318
"Eup","ssp126",2052,5.17819249152033
"Eup","ssp126",2053,9.40552213084244
"Eup","ssp126",2054,9.18753525701526
"Eup","ssp126",2055,7.38356137970283
"Eup","ssp126",2056,7.43284092647937
"Eup","ssp126",2057,9.13192100181462
"Eup","ssp126",2058,9.88775371731726
"Eup","ssp126",2059,9.63588651706975
"Eup","ssp126",2060,8.8836950179371
"Eup","ssp126",2061,8.43951878216594
"Eup","ssp126",2062,6.35961643008431
"Eup","ssp126",2063,6.83157684988794
"Eup","ssp126",2064,10.6501932502844
"Eup","ssp126",2065,10.0764956255488
"Eup","ssp126",2066,8.52431303892858
"Eup","ssp126",2067,6.03478045829524
"Eup","ssp126",2068,7.75714339305749
"Eup","ssp126",2069,8.37672416077656
"Eup","ssp126",2070,7.21252180146646
"Eup","ssp126",2071,8.7784052106842
"Eup","ssp126",2072,7.57067976132322
"Eup","ssp126",2073,7.82262311253483
"Eup","ssp126",2074,7.73617606849846
"Eup","ssp126",2075,6.91642718262828
"Eup","ssp126",2076,10.2610052850032
"Eup","ssp126",2077,10.8841319717046
"Eup","ssp126",2078,6.69661835918635
"Eup","ssp126",2079,7.18328899304773
"Eup","ssp126",2080,7.27749166692769
"Eup","ssp126",2081,8.54189382633909
"Eup","ssp126",2082,6.74675826387919
"Eup","ssp126",2083,5.44024525583384
"Eup","ssp126",2084,8.01028661629459
"Eup","ssp126",2085,10.6923606839887
"Eup","ssp126",2086,8.8274780189483
"Eup","ssp126",2087,8.00028183824866
"Eup","ssp126",2088,6.3979422130295
"Eup","ssp126",2089,6.25370971463423
"Eup","ssp126",2090,8.05253964196485
"Eup","ssp126",2091,8.40998527694304
"Eup","ssp126",2092,7.4160982412248
"Eup","ssp126",2093,5.94130727794667
"Eup","ssp126",2094,7.9521995636257
"Eup","ssp126",2095,8.09081092103634
"Eup","ssp126",2096,9.00663910064326
"Eup","ssp126",2097,6.61267563567088
"Eup","ssp126",2098,6.37221310207768
"Eup","ssp126",2099,7.14160288712604
"Eup","ssp245",1980,8.36725788331905
"Eup","ssp245",1981,7.64491603477305
"Eup","ssp245",1982,8.17138708737929
"Eup","ssp245",1983,6.83974535066081
"Eup","ssp245",1984,7.54914014930852
"Eup","ssp245",1985,8.77351390387131
"Eup","ssp245",1986,7.97993136106217
"Eup","ssp245",1987,8.59128260311712
"Eup","ssp245",1988,8.17804248959659
"Eup","ssp245",1989,7.61894158759435
"Eup","ssp245",1990,9.09011189252426
"Eup","ssp245",1991,8.81579444191613
"Eup","ssp245",1992,8.84479738830217
"Eup","ssp245",1993,6.82951168865493
"Eup","ssp245",1994,6.88698245067137
"Eup","ssp245",1995,7.73322426988198
"Eup","ssp245",1996,7.24979780575488
"Eup","ssp245",1997,6.88516656360774
"Eup","ssp245",1998,6.64943738458203
"Eup","ssp245",1999,7.74145748063552
"Eup","ssp245",2000,8.03774896371835
"Eup","ssp245",2001,8.40643124763687
"Eup","ssp245",2002,8.96791331711824
"Eup","ssp245",2003,6.90329557700526
"Eup","ssp245",2004,6.6342463335876
"Eup","ssp245",2005,7.75996262563822
"Eup","ssp245",2006,7.55449822656144
"Eup","ssp245",2007,7.71195644969359
"Eup","ssp245",2008,8.87966643162714
"Eup","ssp245",2009,8.67278953217798
"Eup","ssp245",2010,8.38834433312009
"Eup","ssp245",2011,7.96716831752496
"Eup","ssp245",2012,8.48368113741299
"Eup","ssp245",2013,6.72514811821014
"Eup","ssp245",2014,8.45685126035352
"Eup","ssp245",2015,6.15887464125307
"Eup","ssp245",2016,6.78995072341942
"Eup","ssp245",2017,6.5003182182749
"Eup","ssp245",2018,5.42822107889071
"Eup","ssp245",2019,6.10866149368963
"Eup","ssp245",2020,7.12891757812063
"Eup","ssp245",2021,10.9631058163278
"Eup","ssp245",2022,7.08170858316591
"Eup","ssp245",2023,7.25964726852047
"Eup","ssp245",2024,8.57380412502772
"Eup","ssp245",2025,8.53986696883229
"Eup","ssp245",2026,9.28003841134211
"Eup","ssp245",2027,8.38660971931097
"Eup","ssp245",2028,9.41796573462616
"Eup","ssp245",2029,7.89324019903996
"Eup","ssp245",2030,7.09620793770343
"Eup","ssp245",2031,8.07570478782513
"Eup","ssp245",2032,8.97256291901742
"Eup","ssp245",2033,7.40987348957823
"Eup","ssp245",2034,8.27540693861471
"Eup","ssp245",2035,8.33416105748487
"Eup","ssp245",2036,7.34849311269268
"Eup","ssp245",2037,8.27793396927209
"Eup","ssp245",2038,8.52727072982713
"Eup","ssp245",2039,8.06358059521008
"Eup","ssp245",2040,8.39995532624901
"Eup","ssp245",2041,7.28628663593369
"Eup","ssp245",2042,6.99090270045617
"Eup","ssp245",2043,9.44106878143761
"Eup","ssp245",2044,9.86401018687121
"Eup","ssp245",2045,8.33605716519854
"Eup","ssp245",2046,9.25847374772843
"Eup","ssp245",2047,7.07935993976621
"Eup","ssp245",2048,6.498941296965
"Eup","ssp245",2049,6.38891807522164
"Eup","ssp245",2050,7.22868612175135
"Eup","ssp245",2051,9.77617298280927
"Eup","ssp245",2052,7.58110013072121
"Eup","ssp245",2053,6.89134862442254
"Eup","ssp245",2054,5.95239388734125
"Eup","ssp245",2055,5.72072033228933
"Eup","ssp245",2056,6.92692344314503
"Eup","ssp245",2057,5.14390553141825
"Eup","ssp245",2058,6.8449592983007
"Eup","ssp245",2059,9.01415258692676
"Eup","ssp245",2060,7.02588904999297
"Eup","ssp245",2061,6.67642334913218
"Eup","ssp245",2062,6.88587748426947
"Eup","ssp245",2063,6.30106851584691
"Eup","ssp245",2064,6.51552817594259
"Eup","ssp245",2065,7.4969816034649
"Eup","ssp245",2066,11.0475583421601
"Eup","ssp245",2067,9.02531314258679
"Eup","ssp245",2068,8.12152154509015
"Eup","ssp245",2069,6.15911355293239
"Eup","ssp245",2070,8.68740929744992
"Eup","ssp245",2071,10.5679515335174
"Eup","ssp245",2072,8.38104567619052
"Eup","ssp245",2073,5.62509353892418
"Eup","ssp245",2074,7.30810235112722
"Eup","ssp245",2075,6.99485636643826
"Eup","ssp245",2076,6.8601939151294
"Eup","ssp245",2077,6.34549397900194
"Eup","ssp245",2078,5.70062574952352
"Eup","ssp245",2079,6.86159446066456
"Eup","ssp245",2080,6.71416558977038
"Eup","ssp245",2081,8.10414272883221
"Eup","ssp245",2082,7.70585306404766
"Eup","ssp245",2083,7.05174612184679
"Eup","ssp245",2084,7.67410932474893
"Eup","ssp245",2085,7.7616028557563
"Eup","ssp245",2086,8.34433319264293
"Eup","ssp245",2087,8.38417358013999
"Eup","ssp245",2088,7.77693931729103
"Eup","ssp245",2089,5.5264475121438
"Eup","ssp245",2090,5.35744322415777
"Eup","ssp245",2091,7.00717950658908
"Eup","ssp245",2092,6.55262616567574
"Eup","ssp245",2093,6.50085648830366
"Eup","ssp245",2094,7.43493597541359
"Eup","ssp245",2095,7.41346091443987
"Eup","ssp245",2096,7.57690215208509
"Eup","ssp245",2097,8.01619242305861
"Eup","ssp245",2098,5.65347217472382
"Eup","ssp245",2099,9.6283004830066
"Eup","ssp585",1980,8.36725788331905
"Eup","ssp585",1981,7.64491603477305
"Eup","ssp585",1982,8.17138708737929
"Eup","ssp585",1983,6.83974535066081
"Eup","ssp585",1984,7.54914014930852
"Eup","ssp585",1985,8.77351390387131
"Eup","ssp585",1986,7.97993136106217
"Eup","ssp585",1987,8.59128260311712
"Eup","ssp585",1988,8.17804248959659
"Eup","ssp585",1989,7.61894158759435
"Eup","ssp585",1990,9.09011189252426
"Eup","ssp585",1991,8.81579444191613
"Eup","ssp585",1992,8.84479738830217
"Eup","ssp585",1993,6.82951168865493
"Eup","ssp585",1994,6.88698245067137
"Eup","ssp585",1995,7.73322426988198
"Eup","ssp585",1996,7.24979780575488
"Eup","ssp585",1997,6.88516656360774
"Eup","ssp585",1998,6.64943738458203
"Eup","ssp585",1999,7.74145748063552
"Eup","ssp585",2000,8.03774896371835
"Eup","ssp585",2001,8.40643124763687
"Eup","ssp585",2002,8.96791331711824
"Eup","ssp585",2003,6.90329557700526
"Eup","ssp585",2004,6.6342463335876
"Eup","ssp585",2005,7.75996262563822
"Eup","ssp585",2006,7.55449822656144
"Eup","ssp585",2007,7.71195644969359
"Eup","ssp585",2008,8.87966643162714
"Eup","ssp585",2009,8.67278953217798
"Eup","ssp585",2010,8.38834433312009
"Eup","ssp585",2011,7.96716831752496
"Eup","ssp585",2012,8.48368113741299
"Eup","ssp585",2013,6.72514811821014
"Eup","ssp585",2014,8.45685126035352
"Eup","ssp585",2015,6.15887464125307
"Eup","ssp585",2016,6.78995072341942
"Eup","ssp585",2017,6.5003182182749
"Eup","ssp585",2018,5.42822107889071
"Eup","ssp585",2019,6.10866149368963
"Eup","ssp585",2020,7.12891757812063
"Eup","ssp585",2021,8.36840851222755
"Eup","ssp585",2022,8.33042843119863
"Eup","ssp585",2023,8.32087668880703
"Eup","ssp585",2024,10.9137320523737
"Eup","ssp585",2025,8.99258817835493
"Eup","ssp585",2026,8.71048153640697
"Eup","ssp585",2027,7.65159422666174
"Eup","ssp585",2028,7.78297056134013
"Eup","ssp585",2029,6.64297867624441
"Eup","ssp585",2030,7.05654641897674
"Eup","ssp585",2031,7.20072289053342
"Eup","ssp585",2032,7.03630929756196
"Eup","ssp585",2033,7.24385535875865
"Eup","ssp585",2034,7.82901323846906
"Eup","ssp585",2035,11.0130859991175
"Eup","ssp585",2036,9.43262633342026
"Eup","ssp585",2037,6.09759860551302
"Eup","ssp585",2038,7.65879660737653
"Eup","ssp585",2039,8.50781291065359
"Eup","ssp585",2040,7.74457972405366
"Eup","ssp585",2041,8.16583011258987
"Eup","ssp585",2042,8.04390061041288
"Eup","ssp585",2043,6.32871189498124
"Eup","ssp585",2044,6.26890974564413
"Eup","ssp585",2045,6.87424098684433
"Eup","ssp585",2046,7.91171714650907
"Eup","ssp585",2047,10.8157764700529
"Eup","ssp585",2048,9.34106903662608
"Eup","ssp585",2049,7.29693377929292
"Eup","ssp585",2050,7.26676432474748
"Eup","ssp585",2051,9.09791282243586
"Eup","ssp585",2052,7.88493096051866
"Eup","ssp585",2053,7.05562785874897
"Eup","ssp585",2054,7.02294743173321
"Eup","ssp585",2055,5.9577657650142
"Eup","ssp585",2056,6.01067456596052
"Eup","ssp585",2057,7.20266444985629
"Eup","ssp585",2058,8.00390067411494
"Eup","ssp585",2059,7.51437946692243
"Eup","ssp585",2060,7.76731994400228
"Eup","ssp585",2061,8.28943263258135
"Eup","ssp585",2062,7.18853376158636
"Eup","ssp585",2063,9.03808403397589
"Eup","ssp585",2064,6.46327790782741
"Eup","ssp585",2065,5.21507221766186
"Eup","ssp585",2066,6.55646892464587
"Eup","ssp585",2067,6.04401859603025
"Eup","ssp585",2068,6.22642569446724
"Eup","ssp585",2069,7.04118388879521
"Eup","ssp585",2070,6.23965915561423
"Eup","ssp585",2071,5.9571512975001
"Eup","ssp585",2072,6.18011179659495
"Eup","ssp585",2073,5.64643294568397
"Eup","ssp585",2074,5.81538927080351
"Eup","ssp585",2075,5.81019050928696
"Eup","ssp585",2076,8.99596649766079
"Eup","ssp585",2077,9.30141077126091
"Eup","ssp585",2078,7.33331272051674
"Eup","ssp585",2079,5.57667426134212
"Eup","ssp585",2080,7.43478997974178
"Eup","ssp585",2081,6.65448063499152
"Eup","ssp585",2082,6.13835592526972
"Eup","ssp585",2083,6.40559688790414
"Eup","ssp585",2084,7.04128959066295
"Eup","ssp585",2085,7.54818405233952
"Eup","ssp585",2086,4.87262069516175
"Eup","ssp585",2087,5.25332885588666
"Eup","ssp585",2088,6.29899675635775
"Eup","ssp585",2089,4.95596552877836
"Eup","ssp585",2090,5.00686035613368
"Eup","ssp585",2091,6.17397085230247
"Eup","ssp585",2092,6.16255165885525
"Eup","ssp585",2093,5.37547489513129
"Eup","ssp585",2094,4.97374858500815
"Eup","ssp585",2095,6.84106167591133
"Eup","ssp585",2096,6.60024705165268
"Eup","ssp585",2097,9.68818432200271
"Eup","ssp585",2098,6.69371150469071
"Eup","ssp585",2099,6.19812358266538
"MZL","ssp126",1980,63.1329026592394
"MZL","ssp126",1981,63.6886814941471
"MZL","ssp126",1982,65.2503754724159
"MZL","ssp126",1983,65.3037784561286
"MZL","ssp126",1984,56.3756610864415
"MZL","ssp126",1985,59.9174462742019
"MZL","ssp126",1986,63.1876714443883
"MZL","ssp126",1987,61.5169636852068
"MZL","ssp126",1988,59.0722921935861
"MZL","ssp126",1989,57.8339670122114
"MZL","ssp126",1990,63.573723354173
"MZL","ssp126",1991,70.4614799574389
"MZL","ssp126",1992,67.230409387558
"MZL","ssp126",1993,67.9426437320894
"MZL","ssp126",1994,65.5555130627271
"MZL","ssp126",1995,67.2265161250877
"MZL","ssp126",1996,63.2925505428343
"MZL","ssp126",1997,61.6777185867731
"MZL","ssp126",1998,60.8680450776536
"MZL","ssp126",1999,63.0211718073275
"MZL","ssp126",2000,64.3698252424399
"MZL","ssp126",2001,66.5744954079632
"MZL","ssp126",2002,63.7413978419971
"MZL","ssp126",2003,61.9886516959627
"MZL","ssp126",2004,58.9625771658189
"MZL","ssp126",2005,63.1196268625995
"MZL","ssp126",2006,64.5709254758365
"MZL","ssp126",2007,63.4491773243487
"MZL","ssp126",2008,62.0232556855837
"MZL","ssp126",2009,64.0598610301319
"MZL","ssp126",2010,61.7494332010866
"MZL","ssp126",2011,56.3170510089815
"MZL","ssp126",2012,63.4218202298547
"MZL","ssp126",2013,59.8934348792203
"MZL","ssp126",2014,64.4236263877805
"MZL","ssp126",2015,58.8420390545149
"MZL","ssp126",2016,57.0419759798247
"MZL","ssp126",2017,63.7909251275655
"MZL","ssp126",2018,60.5531822185161
"MZL","ssp126",2019,60.8041584988917
"MZL","ssp126",2020,62.4652077476965
"MZL","ssp126",2021,63.0482623331789
"MZL","ssp126",2022,70.6707062169229
"MZL","ssp126",2023,71.1785913084046
"MZL","ssp126",2024,65.2586906029175
"MZL","ssp126",2025,67.8933859361267
"MZL","ssp126",2026,67.6293737108374
"MZL","ssp126",2027,61.9771611484073
"MZL","ssp126",2028,61.647489981193
"MZL","ssp126",2029,64.9030139857425
"MZL","ssp126",2030,62.2170097432461
"MZL","ssp126",2031,61.9215434243844
"MZL","ssp126",2032,56.8163550287881
"MZL","ssp126",2033,61.7163817115558
"MZL","ssp126",2034,65.0186841884613
"MZL","ssp126",2035,62.0129478779505
"MZL","ssp126",2036,63.014653275651
"MZL","ssp126",2037,63.7581890501296
"MZL","ssp126",2038,64.5131469873232
"MZL","ssp126",2039,74.6163434814245
"MZL","ssp126",2040,68.0569336353719
"MZL","ssp126",2041,73.8850702222386
"MZL","ssp126",2042,62.8536676587666
"MZL","ssp126",2043,64.4388486419632
"MZL","ssp126",2044,67.1834868895734
"MZL","ssp126",2045,62.2322803004247
"MZL","ssp126",2046,58.5752346908018
"MZL","ssp126",2047,58.6490219058765
"MZL","ssp126",2048,60.4176635804734
"MZL","ssp126",2049,62.8879705287137
"MZL","ssp126",2050,61.7628859647097
"MZL","ssp126",2051,74.0935971051027
"MZL","ssp126",2052,56.2292596646902
"MZL","ssp126",2053,62.2131418529464
"MZL","ssp126",2054,65.1514349162437
"MZL","ssp126",2055,67.4892369937375
"MZL","ssp126",2056,60.1718726049845
"MZL","ssp126",2057,61.7748569412226
"MZL","ssp126",2058,56.5812070598046
"MZL","ssp126",2059,61.5099172872948
"MZL","ssp126",2060,75.3625182478346
"MZL","ssp126",2061,55.9770729693844
"MZL","ssp126",2062,56.2190369693679
"MZL","ssp126",2063,57.6624330737766
"MZL","ssp126",2064,61.710948769205
"MZL","ssp126",2065,69.4944594392311
"MZL","ssp126",2066,59.6873547329962
"MZL","ssp126",2067,62.413710019804
"MZL","ssp126",2068,59.5271228776993
"MZL","ssp126",2069,62.7324519012924
"MZL","ssp126",2070,59.6957372311242
"MZL","ssp126",2071,56.4401470257383
"MZL","ssp126",2072,62.1282337450341
"MZL","ssp126",2073,59.0090487813226
"MZL","ssp126",2074,74.4953027454119
"MZL","ssp126",2075,61.3866311722642
"MZL","ssp126",2076,67.8156195654799
"MZL","ssp126",2077,71.5487659100498
"MZL","ssp126",2078,79.087286891801
"MZL","ssp126",2079,64.6948753638524
"MZL","ssp126",2080,60.8145888783664
"MZL","ssp126",2081,53.5435936333068
"MZL","ssp126",2082,60.2979191496091
"MZL","ssp126",2083,64.7686419875421
"MZL","ssp126",2084,60.1978725779443
"MZL","ssp126",2085,60.99718741794
"MZL","ssp126",2086,61.6352598455272
"MZL","ssp126",2087,57.4703814663956
"MZL","ssp126",2088,54.9528317787584
"MZL","ssp126",2089,58.1820944185868
"MZL","ssp126",2090,58.5210937691997
"MZL","ssp126",2091,67.827852558815
"MZL","ssp126",2092,72.0827035444668
"MZL","ssp126",2093,68.3164598415878
"MZL","ssp126",2094,69.0367989375758
"MZL","ssp126",2095,64.3635727597778
"MZL","ssp126",2096,58.7298712425491
"MZL","ssp126",2097,60.1016240728608
"MZL","ssp126",2098,64.7525552406626
"MZL","ssp126",2099,57.7538989020651
"MZL","ssp245",1980,63.1329026592394
"MZL","ssp245",1981,63.6886814941471
"MZL","ssp245",1982,65.2503754724159
"MZL","ssp245",1983,65.3037784561286
"MZL","ssp245",1984,56.3756610864415
"MZL","ssp245",1985,59.9174462742019
"MZL","ssp245",1986,63.1876714443883
"MZL","ssp245",1987,61.5169636852068
"MZL","ssp245",1988,59.0722921935861
"MZL","ssp245",1989,57.8339670122114
"MZL","ssp245",1990,63.573723354173
"MZL","ssp245",1991,70.4614799574389
"MZL","ssp245",1992,67.230409387558
"MZL","ssp245",1993,67.9426437320894
"MZL","ssp245",1994,65.5555130627271
"MZL","ssp245",1995,67.2265161250877
"MZL","ssp245",1996,63.2925505428343
"MZL","ssp245",1997,61.6777185867731
"MZL","ssp245",1998,60.8680450776536
"MZL","ssp245",1999,63.0211718073275
"MZL","ssp245",2000,64.3698252424399
"MZL","ssp245",2001,66.5744954079632
"MZL","ssp245",2002,63.7413978419971
"MZL","ssp245",2003,61.9886516959627
"MZL","ssp245",2004,58.9625771658189
"MZL","ssp245",2005,63.1196268625995
"MZL","ssp245",2006,64.5709254758365
"MZL","ssp245",2007,63.4491773243487
"MZL","ssp245",2008,62.0232556855837
"MZL","ssp245",2009,64.0598610301319
"MZL","ssp245",2010,61.7494332010866
"MZL","ssp245",2011,56.3170510089815
"MZL","ssp245",2012,63.4218202298547
"MZL","ssp245",2013,59.8934348792203
"MZL","ssp245",2014,64.4236263877805
"MZL","ssp245",2015,58.8420390545149
"MZL","ssp245",2016,57.0419759798247
"MZL","ssp245",2017,63.7909251275655
"MZL","ssp245",2018,60.5531822185161
"MZL","ssp245",2019,60.8041584988917
"MZL","ssp245",2020,62.4652077476965
"MZL","ssp245",2021,97.9954149920689
"MZL","ssp245",2022,70.7157616827401
"MZL","ssp245",2023,67.0426893386987
"MZL","ssp245",2024,64.674911350282
"MZL","ssp245",2025,80.5879306737051
"MZL","ssp245",2026,75.7493221862832
"MZL","ssp245",2027,70.427701894993
"MZL","ssp245",2028,66.5533991948543
"MZL","ssp245",2029,69.9320313401661
"MZL","ssp245",2030,75.8720553049367
"MZL","ssp245",2031,73.9115386588029
"MZL","ssp245",2032,65.3791760912706
"MZL","ssp245",2033,89.4754429588858
"MZL","ssp245",2034,69.3503190917968
"MZL","ssp245",2035,61.2409586208668
"MZL","ssp245",2036,73.6644386240073
"MZL","ssp245",2037,63.8927061894326
"MZL","ssp245",2038,73.7687712667125
"MZL","ssp245",2039,76.4779667656108
"MZL","ssp245",2040,71.1158851640724
"MZL","ssp245",2041,77.2076050489201
"MZL","ssp245",2042,76.7294127754054
"MZL","ssp245",2043,85.0131732620785
"MZL","ssp245",2044,59.9757348991775
"MZL","ssp245",2045,67.4558086136366
"MZL","ssp245",2046,74.0989579162066
"MZL","ssp245",2047,78.564113449901
"MZL","ssp245",2048,75.2690798327043
"MZL","ssp245",2049,75.0222496613705
"MZL","ssp245",2050,67.9647414044217
"MZL","ssp245",2051,76.762214528827
"MZL","ssp245",2052,83.433448918426
"MZL","ssp245",2053,67.4460447923973
"MZL","ssp245",2054,66.573544174361
"MZL","ssp245",2055,65.5292561461051
"MZL","ssp245",2056,72.1658158802646
"MZL","ssp245",2057,74.1420388418801
"MZL","ssp245",2058,75.0922090618581
"MZL","ssp245",2059,70.1032063992507
"MZL","ssp245",2060,76.3644303188886
"MZL","ssp245",2061,77.9015306282252
"MZL","ssp245",2062,59.0254585682058
"MZL","ssp245",2063,64.9130285141448
"MZL","ssp245",2064,79.5333698432597
"MZL","ssp245",2065,83.6207375962574
"MZL","ssp245",2066,70.1450407066071
"MZL","ssp245",2067,83.393420396682
"MZL","ssp245",2068,73.7867814739496
"MZL","ssp245",2069,65.9443868508382
"MZL","ssp245",2070,79.5468806571622
"MZL","ssp245",2071,71.1385115125729
"MZL","ssp245",2072,62.8603395774642
"MZL","ssp245",2073,64.0012820225597
"MZL","ssp245",2074,64.8122959355976
"MZL","ssp245",2075,64.9565824173452
"MZL","ssp245",2076,64.9897318597414
"MZL","ssp245",2077,70.1972349354232
"MZL","ssp245",2078,68.504741445516
"MZL","ssp245",2079,75.2023972312799
"MZL","ssp245",2080,70.7159803519982
"MZL","ssp245",2081,77.4264272358488
"MZL","ssp245",2082,60.8135864795669
"MZL","ssp245",2083,74.8470222158367
"MZL","ssp245",2084,61.1201257372698
"MZL","ssp245",2085,77.6834372588103
"MZL","ssp245",2086,87.6608913908426
"MZL","ssp245",2087,62.8783292525071
"MZL","ssp245",2088,71.5126790795386
"MZL","ssp245",2089,63.1771414569308
"MZL","ssp245",2090,69.2167904189929
"MZL","ssp245",2091,81.5104750743132
"MZL","ssp245",2092,69.8565549533121
"MZL","ssp245",2093,57.4874433238171
"MZL","ssp245",2094,66.6175139395352
"MZL","ssp245",2095,85.1432246369756
"MZL","ssp245",2096,75.9092701586614
"MZL","ssp245",2097,69.0185288955604
"MZL","ssp245",2098,68.2417917515952
"MZL","ssp245",2099,66.9708066165046
"MZL","ssp585",1980,63.1329026592394
"MZL","ssp585",1981,63.6886814941471
"MZL","ssp585",1982,65.2503754724159
"MZL","ssp585",1983,65.3037784561286
"MZL","ssp585",1984,56.3756610864415
"MZL","ssp585",1985,59.9174462742019
"MZL","ssp585",1986,63.1876714443883
"MZL","ssp585",1987,61.5169636852068
"MZL","ssp585",1988,59.0722921935861
"MZL","ssp585",1989,57.8339670122114
"MZL","ssp585",1990,63.573723354173
"MZL","ssp585",1991,70.4614799574389
"MZL","ssp585",1992,67.230409387558
"MZL","ssp585",1993,67.9426437320894
"MZL","ssp585",1994,65.5555130627271
"MZL","ssp585",1995,67.2265161250877
"MZL","ssp585",1996,63.2925505428343
"MZL","ssp585",1997,61.6777185867731
"MZL","ssp585",1998,60.8680450776536
"MZL","ssp585",1999,63.0211718073275
"MZL","ssp585",2000,64.3698252424399
"MZL","ssp585",2001,66.5744954079632
"MZL","ssp585",2002,63.7413978419971
"MZL","ssp585",2003,61.9886516959627
"MZL","ssp585",2004,58.9625771658189
"MZL","ssp585",2005,63.1196268625995
"MZL","ssp585",2006,64.5709254758365
"MZL","ssp585",2007,63.4491773243487
"MZL","ssp585",2008,62.0232556855837
"MZL","ssp585",2009,64.0598610301319
"MZL","ssp585",2010,61.7494332010866
"MZL","ssp585",2011,56.3170510089815
"MZL","ssp585",2012,63.4218202298547
"MZL","ssp585",2013,59.8934348792203
"MZL","ssp585",2014,64.4236263877805
"MZL","ssp585",2015,58.8420390545149
"MZL","ssp585",2016,57.0419759798247
"MZL","ssp585",2017,63.7909251275655
"MZL","ssp585",2018,60.5531822185161
"MZL","ssp585",2019,60.8041584988917
"MZL","ssp585",2020,62.4652077476965
"MZL","ssp585",2021,57.2949437808039
"MZL","ssp585",2022,68.007067555818
"MZL","ssp585",2023,67.0049905021947
"MZL","ssp585",2024,68.7548676143415
"MZL","ssp585",2025,64.0632675519326
"MZL","ssp585",2026,69.280337814144
"MZL","ssp585",2027,60.5819657604347
"MZL","ssp585",2028,59.9360113749552
"MZL","ssp585",2029,75.0672335428413
"MZL","ssp585",2030,63.890059876536
"MZL","ssp585",2031,65.9013513405967
"MZL","ssp585",2032,76.2825745287952
"MZL","ssp585",2033,68.5857646691051
"MZL","ssp585",2034,61.9637454453674
"MZL","ssp585",2035,72.504664733204
"MZL","ssp585",2036,64.1454248804918
"MZL","ssp585",2037,54.8423365262606
"MZL","ssp585",2038,57.3451964389138
"MZL","ssp585",2039,63.6057131460679
"MZL","ssp585",2040,70.0269026816214
"MZL","ssp585",2041,55.658594865716
"MZL","ssp585",2042,64.3205552494737
"MZL","ssp585",2043,60.5913673916802
"MZL","ssp585",2044,55.8755737352931
"MZL","ssp585",2045,57.9209306637444
"MZL","ssp585",2046,62.5202220665462
"MZL","ssp585",2047,69.784615170277
"MZL","ssp585",2048,70.2856787097803
"MZL","ssp585",2049,61.9640959317891
"MZL","ssp585",2050,76.5470926754407
"MZL","ssp585",2051,59.1859936027246
"MZL","ssp585",2052,70.0882512729559
"MZL","ssp585",2053,66.6494361576064
"MZL","ssp585",2054,56.8035768101907
"MZL","ssp585",2055,59.634409571407
"MZL","ssp585",2056,61.9275457339151
"MZL","ssp585",2057,56.6449000295059
"MZL","ssp585",2058,65.9780589685085
"MZL","ssp585",2059,61.2171471807956
"MZL","ssp585",2060,58.2075038323875
"MZL","ssp585",2061,59.5783725218111
"MZL","ssp585",2062,64.4454057820869
"MZL","ssp585",2063,62.9684374680039
"MZL","ssp585",2064,61.5445228929073
"MZL","ssp585",2065,64.3333142152071
"MZL","ssp585",2066,66.274705244501
"MZL","ssp585",2067,73.4620374556415
"MZL","ssp585",2068,64.5129482144909
"MZL","ssp585",2069,58.1413261897954
"MZL","ssp585",2070,57.2061490959468
"MZL","ssp585",2071,53.1934076345309
"MZL","ssp585",2072,57.4156068473589
"MZL","ssp585",2073,55.8992367336737
"MZL","ssp585",2074,68.2612069515345
"MZL","ssp585",2075,58.2245751367513
"MZL","ssp585",2076,54.7260684387352
"MZL","ssp585",2077,60.1742229361922
"MZL","ssp585",2078,64.5010102178221
"MZL","ssp585",2079,53.1241055789018
"MZL","ssp585",2080,55.6700199486677
"MZL","ssp585",2081,64.3200199339181
"MZL","ssp585",2082,68.1779651963794
"MZL","ssp585",2083,56.0358900728243
"MZL","ssp585",2084,59.383749853688
"MZL","ssp585",2085,59.6061006095208
"MZL","ssp585",2086,59.2053964914568
"MZL","ssp585",2087,57.534554760483
"MZL","ssp585",2088,65.125500592931
"MZL","ssp585",2089,62.2106800543723
"MZL","ssp585",2090,54.7478078921756
"MZL","ssp585",2091,57.4636950229459
"MZL","ssp585",2092,56.2261221475813
"MZL","ssp585",2093,52.6788744294089
"MZL","ssp585",2094,51.0426787534864
"MZL","ssp585",2095,54.7463256756816
"MZL","ssp585",2096,60.0287327868228
"MZL","ssp585",2097,64.9122287446425
"MZL","ssp585",2098,58.8907495853218
"MZL","ssp585",2099,69.7859670050779
"MZS","ssp126",1980,31.1816771177503
"MZS","ssp126",1981,22.7384094906714
"MZS","ssp126",1982,21.5814291555856
"MZS","ssp126",1983,29.8445730874835
"MZS","ssp126",1984,23.4175840728232
"MZS","ssp126",1985,23.7636577538706
"MZS","ssp126",1986,25.9447950505183
"MZS","ssp126",1987,23.9697086337927
"MZS","ssp126",1988,23.0067598947944
"MZS","ssp126",1989,24.2024341076849
"MZS","ssp126",1990,24.7940887682049
"MZS","ssp126",1991,28.4571195507326
"MZS","ssp126",1992,28.8267759533989
"MZS","ssp126",1993,27.5835413568638
"MZS","ssp126",1994,27.5530934194191
"MZS","ssp126",1995,26.8451706348741
"MZS","ssp126",1996,27.3781821225346
"MZS","ssp126",1997,27.6042258918469
"MZS","ssp126",1998,27.2362690098346
"MZS","ssp126",1999,31.8016610161486
"MZS","ssp126",2000,28.5449360659701
"MZS","ssp126",2001,27.5291129246731
"MZS","ssp126",2002,27.4385261357646
"MZS","ssp126",2003,25.8951048064783
"MZS","ssp126",2004,25.9367991713912
"MZS","ssp126",2005,27.300573078257
"MZS","ssp126",2006,27.3212800754054
"MZS","ssp126",2007,30.81689965569
"MZS","ssp126",2008,27.913246892245
"MZS","ssp126",2009,27.6916708700817
"MZS","ssp126",2010,28.8840644070464
"MZS","ssp126",2011,29.7312169627853
"MZS","ssp126",2012,26.329801236479
"MZS","ssp126",2013,24.9509096197848
"MZS","ssp126",2014,27.0123642739761
"MZS","ssp126",2015,25.7738446439788
"MZS","ssp126",2016,26.3877893071011
"MZS","ssp126",2017,32.2390985474184
"MZS","ssp126",2018,29.5061000102423
"MZS","ssp126",2019,29.2820920071843
"MZS","ssp126",2020,28.6022315470346
"MZS","ssp126",2021,34.0278832518317
"MZS","ssp126",2022,26.5936395892071
"MZS","ssp126",2023,29.8714718899883
"MZS","ssp126",2024,32.6090378972053
"MZS","ssp126",2025,30.247912449561
"MZS","ssp126",2026,27.155876579643
"MZS","ssp126",2027,22.7950616112673
"MZS","ssp126",2028,31.0612178558001
"MZS","ssp126",2029,24.9582183449018
"MZS","ssp126",2030,28.1096431256659
"MZS","ssp126",2031,22.6992637883027
"MZS","ssp126",2032,23.020309611345
"MZS","ssp126",2033,28.7193388292377
"MZS","ssp126",2034,30.8988643182485
"MZS","ssp126",2035,26.0367055875173
"MZS","ssp126",2036,22.7737352488547
"MZS","ssp126",2037,28.8534789177212
"MZS","ssp126",2038,28.7432013985176
"MZS","ssp126",2039,29.6545130849925
"MZS","ssp126",2040,27.3509845051629
"MZS","ssp126",2041,29.840004182779
"MZS","ssp126",2042,25.1726370525889
"MZS","ssp126",2043,25.284266204461
"MZS","ssp126",2044,26.6074146523571
"MZS","ssp126",2045,25.2060125648685
"MZS","ssp126",2046,26.9351518250942
"MZS","ssp126",2047,24.8053991901806
"MZS","ssp126",2048,23.9511661270188
"MZS","ssp126",2049,26.0230861444763
"MZS","ssp126",2050,25.6865497876282
"MZS","ssp126",2051,25.3352897354008
"MZS","ssp126",2052,20.9515263744017
"MZS","ssp126",2053,24.2842413302232
"MZS","ssp126",2054,25.2530909627732
"MZS","ssp126",2055,26.7190588458396
"MZS","ssp126",2056,25.2557942408133
"MZS","ssp126",2057,25.4827510645266
"MZS","ssp126",2058,21.7854385888096
"MZS","ssp126",2059,21.7193622439058
"MZS","ssp126",2060,31.6673030781074
"MZS","ssp126",2061,23.3391441980608
"MZS","ssp126",2062,23.1898999022159
"MZS","ssp126",2063,22.216720285453
"MZS","ssp126",2064,24.796015058598
"MZS","ssp126",2065,28.3903605028388
"MZS","ssp126",2066,24.8600576609885
"MZS","ssp126",2067,24.810959074635
"MZS","ssp126",2068,22.5328909023189
"MZS","ssp126",2069,24.7052414888067
"MZS","ssp126",2070,23.6558017798698
"MZS","ssp126",2071,19.0916687793395
"MZS","ssp126",2072,27.311523925255
"MZS","ssp126",2073,25.4393400133221
"MZS","ssp126",2074,24.4110559095432
"MZS","ssp126",2075,22.6445921435038
"MZS","ssp126",2076,24.7025740198113
"MZS","ssp126",2077,29.6614659496103
"MZS","ssp126",2078,37.5739553897581
"MZS","ssp126",2079,26.243923933189
"MZS","ssp126",2080,27.0280112748225
"MZS","ssp126",2081,27.2281854784556
"MZS","ssp126",2082,27.1879950150523
"MZS","ssp126",2083,25.6608988307612
"MZS","ssp126",2084,28.3367868127565
"MZS","ssp126",2085,27.1993373932602
"MZS","ssp126",2086,25.2786431532509
"MZS","ssp126",2087,26.1975004730102
"MZS","ssp126",2088,23.2425937044816
"MZS","ssp126",2089,22.7137445213035
"MZS","ssp126",2090,24.7086758893248
"MZS","ssp126",2091,25.4487221381582
"MZS","ssp126",2092,35.3065799838824
"MZS","ssp126",2093,26.9773703870611
"MZS","ssp126",2094,27.3889701377392
"MZS","ssp126",2095,25.1748281354244
"MZS","ssp126",2096,20.477631251012
"MZS","ssp126",2097,30.8733178701989
"MZS","ssp126",2098,25.5642669290915
"MZS","ssp126",2099,23.3926388003738
"MZS","ssp245",1980,31.1816771177503
"MZS","ssp245",1981,22.7384094906714
"MZS","ssp245",1982,21.5814291555856
"MZS","ssp245",1983,29.8445730874835
"MZS","ssp245",1984,23.4175840728232
"MZS","ssp245",1985,23.7636577538706
"MZS","ssp245",1986,25.9447950505183
"MZS","ssp245",1987,23.9697086337927
"MZS","ssp245",1988,23.0067598947944
"MZS","ssp245",1989,24.2024341076849
"MZS","ssp245",1990,24.7940887682049
"MZS","ssp245",1991,28.4571195507326
"MZS","ssp245",1992,28.8267759533989
"MZS","ssp245",1993,27.5835413568638
"MZS","ssp245",1994,27.5530934194191
"MZS","ssp245",1995,26.8451706348741
"MZS","ssp245",1996,27.3781821225346
"MZS","ssp245",1997,27.6042258918469
"MZS","ssp245",1998,27.2362690098346
"MZS","ssp245",1999,31.8016610161486
"MZS","ssp245",2000,28.5449360659701
"MZS","ssp245",2001,27.5291129246731
"MZS","ssp245",2002,27.4385261357646
"MZS","ssp245",2003,25.8951048064783
"MZS","ssp245",2004,25.9367991713912
"MZS","ssp245",2005,27.300573078257
"MZS","ssp245",2006,27.3212800754054
"MZS","ssp245",2007,30.81689965569
"MZS","ssp245",2008,27.913246892245
"MZS","ssp245",2009,27.6916708700817
"MZS","ssp245",2010,28.8840644070464
"MZS","ssp245",2011,29.7312169627853
"MZS","ssp245",2012,26.329801236479
"MZS","ssp245",2013,24.9509096197848
"MZS","ssp245",2014,27.0123642739761
"MZS","ssp245",2015,25.7738446439788
"MZS","ssp245",2016,26.3877893071011
"MZS","ssp245",2017,32.2390985474184
"MZS","ssp245",2018,29.5061000102423
"MZS","ssp245",2019,29.2820920071843
"MZS","ssp245",2020,28.6022315470346
"MZS","ssp245",2021,37.3582974660543
"MZS","ssp245",2022,34.233784522066
"MZS","ssp245",2023,32.3106199541318
"MZS","ssp245",2024,26.4117396590873
"MZS","ssp245",2025,29.3878448131633
"MZS","ssp245",2026,29.3339660766482
"MZS","ssp245",2027,25.3268420519393
"MZS","ssp245",2028,29.2427036313148
"MZS","ssp245",2029,30.4590629419758
"MZS","ssp245",2030,35.6336546422961
"MZS","ssp245",2031,30.6206742246961
"MZS","ssp245",2032,28.2738568322748
"MZS","ssp245",2033,36.540276751302
"MZS","ssp245",2034,26.1369548773523
"MZS","ssp245",2035,27.7192241468639
"MZS","ssp245",2036,30.2474362060706
"MZS","ssp245",2037,28.5945657746761
"MZS","ssp245",2038,32.6493106260457
"MZS","ssp245",2039,32.110037529168
"MZS","ssp245",2040,28.4608844451078
"MZS","ssp245",2041,34.3697387019268
"MZS","ssp245",2042,38.2575952272428
"MZS","ssp245",2043,33.1774624122288
"MZS","ssp245",2044,28.6967342088736
"MZS","ssp245",2045,26.6803021539564
"MZS","ssp245",2046,29.8997457629328
"MZS","ssp245",2047,38.5182779891742
"MZS","ssp245",2048,31.0313491160993
"MZS","ssp245",2049,31.8262099324866
"MZS","ssp245",2050,28.0483164241617
"MZS","ssp245",2051,31.2548538356571
"MZS","ssp245",2052,31.2144998800563
"MZS","ssp245",2053,34.7042402847357
"MZS","ssp245",2054,33.4645187733467
"MZS","ssp245",2055,27.1135740926691
"MZS","ssp245",2056,27.1520900812022
"MZS","ssp245",2057,32.6276906455994
"MZS","ssp245",2058,29.51001091971
"MZS","ssp245",2059,31.3673249464355
"MZS","ssp245",2060,37.9380002836375
"MZS","ssp245",2061,30.1325115677364
"MZS","ssp245",2062,23.5141735292739
"MZS","ssp245",2063,27.3354893492885
"MZS","ssp245",2064,34.2712763844234
"MZS","ssp245",2065,36.1298435565575
"MZS","ssp245",2066,29.8767783948095
"MZS","ssp245",2067,32.8850903208315
"MZS","ssp245",2068,40.7728334746774
"MZS","ssp245",2069,32.4934220056387
"MZS","ssp245",2070,31.0872891977391
"MZS","ssp245",2071,27.4144429486177
"MZS","ssp245",2072,28.827177688653
"MZS","ssp245",2073,32.1758885556427
"MZS","ssp245",2074,28.3719716160188
"MZS","ssp245",2075,30.2324141584799
"MZS","ssp245",2076,26.1003731880852
"MZS","ssp245",2077,33.9768242771083
"MZS","ssp245",2078,27.6147324823806
"MZS","ssp245",2079,28.4748700528807
"MZS","ssp245",2080,27.736428371242
"MZS","ssp245",2081,27.2278298008882
"MZS","ssp245",2082,26.612384895382
"MZS","ssp245",2083,34.049887282269
"MZS","ssp245",2084,32.0079896482794
"MZS","ssp245",2085,33.1526371729849
"MZS","ssp245",2086,38.4097674700002
"MZS","ssp245",2087,32.0295248644995
"MZS","ssp245",2088,35.0354884348389
"MZS","ssp245",2089,29.1533830361915
"MZS","ssp245",2090,25.7413023349978
"MZS","ssp245",2091,28.671688580296
"MZS","ssp245",2092,26.7887574592574
"MZS","ssp245",2093,25.3309178727478
"MZS","ssp245",2094,27.4906372380918
"MZS","ssp245",2095,32.6477522449031
"MZS","ssp245",2096,31.909179345062
"MZS","ssp245",2097,31.0022247696421
"MZS","ssp245",2098,29.3851899424808
"MZS","ssp245",2099,30.8715590849397
"MZS","ssp585",1980,31.1816771177503
"MZS","ssp585",1981,22.7384094906714
"MZS","ssp585",1982,21.5814291555856
"MZS","ssp585",1983,29.8445730874835
"MZS","ssp585",1984,23.4175840728232
"MZS","ssp585",1985,23.7636577538706
"MZS","ssp585",1986,25.9447950505183
"MZS","ssp585",1987,23.9697086337927
"MZS","ssp585",1988,23.0067598947944
"MZS","ssp585",1989,24.2024341076849
"MZS","ssp585",1990,24.7940887682049
"MZS","ssp585",1991,28.4571195507326
"MZS","ssp585",1992,28.8267759533989
"MZS","ssp585",1993,27.5835413568638
"MZS","ssp585",1994,27.5530934194191
"MZS","ssp585",1995,26.8451706348741
"MZS","ssp585",1996,27.3781821225346
"MZS","ssp585",1997,27.6042258918469
"MZS","ssp585",1998,27.2362690098346
"MZS","ssp585",1999,31.8016610161486
"MZS","ssp585",2000,28.5449360659701
"MZS","ssp585",2001,27.5291129246731
"MZS","ssp585",2002,27.4385261357646
"MZS","ssp585",2003,25.8951048064783
"MZS","ssp585",2004,25.9367991713912
"MZS","ssp585",2005,27.300573078257
"MZS","ssp585",2006,27.3212800754054
"MZS","ssp585",2007,30.81689965569
"MZS","ssp585",2008,27.913246892245
"MZS","ssp585",2009,27.6916708700817
"MZS","ssp585",2010,28.8840644070464
"MZS","ssp585",2011,29.7312169627853
"MZS","ssp585",2012,26.329801236479
"MZS","ssp585",2013,24.9509096197848
"MZS","ssp585",2014,27.0123642739761
"MZS","ssp585",2015,25.7738446439788
"MZS","ssp585",2016,26.3877893071011
"MZS","ssp585",2017,32.2390985474184
"MZS","ssp585",2018,29.5061000102423
"MZS","ssp585",2019,29.2820920071843
"MZS","ssp585",2020,28.6022315470346
"MZS","ssp585",2021,27.5170140226168
"MZS","ssp585",2022,29.9885313076481
"MZS","ssp585",2023,29.3111500965292
"MZS","ssp585",2024,31.9757035448851
"MZS","ssp585",2025,28.8291274477412
"MZS","ssp585",2026,26.6893665853562
"MZS","ssp585",2027,27.3350521462357
"MZS","ssp585",2028,24.9164396122922
"MZS","ssp585",2029,31.126129195194
"MZS","ssp585",2030,31.7915250678573
"MZS","ssp585",2031,27.0603574471358
"MZS","ssp585",2032,31.8030608306265
"MZS","ssp585",2033,34.7991810099991
"MZS","ssp585",2034,24.7131527248527
"MZS","ssp585",2035,29.1115359806464
"MZS","ssp585",2036,28.4517910057577
"MZS","ssp585",2037,24.4061053038845
"MZS","ssp585",2038,22.5298272987772
"MZS","ssp585",2039,21.2001206985054
"MZS","ssp585",2040,28.0756218228337
"MZS","ssp585",2041,25.2547873832009
"MZS","ssp585",2042,28.8210199855395
"MZS","ssp585",2043,23.7848320725967
"MZS","ssp585",2044,21.414937744043
"MZS","ssp585",2045,25.378166410253
"MZS","ssp585",2046,24.5919904736636
"MZS","ssp585",2047,30.29615264013
"MZS","ssp585",2048,29.7917804696967
"MZS","ssp585",2049,27.4571514976964
"MZS","ssp585",2050,31.0937964281727
"MZS","ssp585",2051,25.1586776712185
"MZS","ssp585",2052,29.7064583864811
"MZS","ssp585",2053,26.9923991805281
"MZS","ssp585",2054,19.58553354876
"MZS","ssp585",2055,28.3701725395621
"MZS","ssp585",2056,26.1829375439748
"MZS","ssp585",2057,21.4361987964088
"MZS","ssp585",2058,26.5879085309203
"MZS","ssp585",2059,27.8363810169455
"MZS","ssp585",2060,24.5536225972934
"MZS","ssp585",2061,27.668351066388
"MZS","ssp585",2062,25.3563296819798
"MZS","ssp585",2063,24.4536671595745
"MZS","ssp585",2064,31.2870041394106
"MZS","ssp585",2065,27.9410519321015
"MZS","ssp585",2066,26.1005638042653
"MZS","ssp585",2067,27.9989337125317
"MZS","ssp585",2068,24.39363619974
"MZS","ssp585",2069,25.0684652819675
"MZS","ssp585",2070,22.0542355267924
"MZS","ssp585",2071,22.7165698900841
"MZS","ssp585",2072,25.3818893859822
"MZS","ssp585",2073,27.9221559459768
"MZS","ssp585",2074,25.0846483145123
"MZS","ssp585",2075,22.1777262619076
"MZS","ssp585",2076,22.7470599824265
"MZS","ssp585",2077,26.1667918322613
"MZS","ssp585",2078,25.871485129625
"MZS","ssp585",2079,23.7386311120201
"MZS","ssp585",2080,19.9139931199492
"MZS","ssp585",2081,28.8348187249644
"MZS","ssp585",2082,28.0711408257856
"MZS","ssp585",2083,21.9476516118775
"MZS","ssp585",2084,22.5565290748158
"MZS","ssp585",2085,20.7698865068508
"MZS","ssp585",2086,21.641965201193
"MZS","ssp585",2087,22.19975794453
"MZS","ssp585",2088,25.5090153981205
"MZS","ssp585",2089,27.4930794560975
"MZS","ssp585",2090,24.6251058744179
"MZS","ssp585",2091,24.2943222295571
"MZS","ssp585",2092,23.6062409225866
"MZS","ssp585",2093,18.7758281241098
"MZS","ssp585",2094,19.2792954216554
"MZS","ssp585",2095,21.422900948483
"MZS","ssp585",2096,24.4138555174212
"MZS","ssp585",2097,27.1981905981454
"MZS","ssp585",2098,23.8146353163468
"MZS","ssp585",2099,26.2529530460551
"NCa","ssp126",1980,18.5433467357011
"NCa","ssp126",1981,9.58724219917357
"NCa","ssp126",1982,8.00676205801829
"NCa","ssp126",1983,12.68474026582
"NCa","ssp126",1984,10.1560748984937
"NCa","ssp126",1985,9.87486357612812
"NCa","ssp126",1986,11.9340935650372
"NCa","ssp126",1987,12.0558705434438
"NCa","ssp126",1988,12.7425425832545
"NCa","ssp126",1989,12.068523662656
"NCa","ssp126",1990,14.2507361160125
"NCa","ssp126",1991,17.940391827789
"NCa","ssp126",1992,16.9017691053767
"NCa","ssp126",1993,13.7504124579752
"NCa","ssp126",1994,15.0526930649246
"NCa","ssp126",1995,11.4013003246009
"NCa","ssp126",1996,14.129213212786
"NCa","ssp126",1997,12.2538839603215
"NCa","ssp126",1998,9.34725671634173
"NCa","ssp126",1999,10.2101427973995
"NCa","ssp126",2000,12.238426079543
"NCa","ssp126",2001,13.8309806005643
"NCa","ssp126",2002,11.9327191281414
"NCa","ssp126",2003,10.3345136431641
"NCa","ssp126",2004,13.9364150262961
"NCa","ssp126",2005,16.067983286119
"NCa","ssp126",2006,11.3143867178208
"NCa","ssp126",2007,10.6662104803304
"NCa","ssp126",2008,12.7034181466403
"NCa","ssp126",2009,13.3966745815832
"NCa","ssp126",2010,12.1984694542171
"NCa","ssp126",2011,8.26843230720839
"NCa","ssp126",2012,14.4791844693045
"NCa","ssp126",2013,12.6569240310274
"NCa","ssp126",2014,11.0210729088198
"NCa","ssp126",2015,10.7457133148485
"NCa","ssp126",2016,10.3224291904617
"NCa","ssp126",2017,8.82129138483093
"NCa","ssp126",2018,8.2467402118668
"NCa","ssp126",2019,9.78456243004898
"NCa","ssp126",2020,12.0160724279446
"NCa","ssp126",2021,7.35393529055941
"NCa","ssp126",2022,15.7272080682692
"NCa","ssp126",2023,13.1705551910607
"NCa","ssp126",2024,16.5295279094894
"NCa","ssp126",2025,18.9828786407483
"NCa","ssp126",2026,12.2483985766791
"NCa","ssp126",2027,11.4843493574048
"NCa","ssp126",2028,21.6615143736483
"NCa","ssp126",2029,14.3699950381512
"NCa","ssp126",2030,11.2028467867215
"NCa","ssp126",2031,11.1467464760693
"NCa","ssp126",2032,14.6482627035622
"NCa","ssp126",2033,19.0163060797809
"NCa","ssp126",2034,16.1086837361033
"NCa","ssp126",2035,13.5393773544989
"NCa","ssp126",2036,12.4754761612768
"NCa","ssp126",2037,13.4574026801331
"NCa","ssp126",2038,15.3117363767378
"NCa","ssp126",2039,14.0805740564448
"NCa","ssp126",2040,14.9148076263442
"NCa","ssp126",2041,17.0953510047742
"NCa","ssp126",2042,12.085774639159
"NCa","ssp126",2043,14.8871760318151
"NCa","ssp126",2044,16.1629653640211
"NCa","ssp126",2045,15.1749588147302
"NCa","ssp126",2046,12.7443874761433
"NCa","ssp126",2047,14.6063857765867
"NCa","ssp126",2048,13.9070322592583
"NCa","ssp126",2049,15.2785369316075
"NCa","ssp126",2050,9.52996171442835
"NCa","ssp126",2051,10.7679464060573
"NCa","ssp126",2052,9.17654390411015
"NCa","ssp126",2053,17.6684037607434
"NCa","ssp126",2054,18.2419379490746
"NCa","ssp126",2055,18.3808468820544
"NCa","ssp126",2056,17.3781044304891
"NCa","ssp126",2057,15.1561729737698
"NCa","ssp126",2058,18.3722057593621
"NCa","ssp126",2059,15.6983117883348
"NCa","ssp126",2060,16.3381403312434
"NCa","ssp126",2061,15.1088097543907
"NCa","ssp126",2062,14.5849727418233
"NCa","ssp126",2063,14.5185957029073
"NCa","ssp126",2064,16.8449019776678
"NCa","ssp126",2065,13.620165023194
"NCa","ssp126",2066,19.9458596614572
"NCa","ssp126",2067,16.0328619692549
"NCa","ssp126",2068,14.6259215908622
"NCa","ssp126",2069,14.2875863896566
"NCa","ssp126",2070,15.2136439072575
"NCa","ssp126",2071,10.9448571925039
"NCa","ssp126",2072,16.1352383094729
"NCa","ssp126",2073,20.5333157362289
"NCa","ssp126",2074,16.7133987232774
"NCa","ssp126",2075,12.6624459774342
"NCa","ssp126",2076,15.2513718058462
"NCa","ssp126",2077,17.3783431163031
"NCa","ssp126",2078,13.4157095071224
"NCa","ssp126",2079,16.6882834591801
"NCa","ssp126",2080,13.5893438712646
"NCa","ssp126",2081,22.54786368613
"NCa","ssp126",2082,16.3903477866816
"NCa","ssp126",2083,10.5084514154487
"NCa","ssp126",2084,23.3901098163404
"NCa","ssp126",2085,19.0804108918878
"NCa","ssp126",2086,15.153626984624
"NCa","ssp126",2087,16.2975755195546
"NCa","ssp126",2088,13.0242468184438
"NCa","ssp126",2089,12.0980392498077
"NCa","ssp126",2090,16.8418731086855
"NCa","ssp126",2091,19.3178224431982
"NCa","ssp126",2092,15.7635901909563
"NCa","ssp126",2093,10.3189850677862
"NCa","ssp126",2094,14.2639776861311
"NCa","ssp126",2095,15.3370918093444
"NCa","ssp126",2096,14.1398032513546
"NCa","ssp126",2097,14.5850460586204
"NCa","ssp126",2098,17.6327815408738
"NCa","ssp126",2099,16.1192265995954
"NCa","ssp245",1980,18.5433467357011
"NCa","ssp245",1981,9.58724219917357
"NCa","ssp245",1982,8.00676205801829
"NCa","ssp245",1983,12.68474026582
"NCa","ssp245",1984,10.1560748984937
"NCa","ssp245",1985,9.87486357612812
"NCa","ssp245",1986,11.9340935650372
"NCa","ssp245",1987,12.0558705434438
"NCa","ssp245",1988,12.7425425832545
"NCa","ssp245",1989,12.068523662656
"NCa","ssp245",1990,14.2507361160125
"NCa","ssp245",1991,17.940391827789
"NCa","ssp245",1992,16.9017691053767
"NCa","ssp245",1993,13.7504124579752
"NCa","ssp245",1994,15.0526930649246
"NCa","ssp245",1995,11.4013003246009
"NCa","ssp245",1996,14.129213212786
"NCa","ssp245",1997,12.2538839603215
"NCa","ssp245",1998,9.34725671634173
"NCa","ssp245",1999,10.2101427973995
"NCa","ssp245",2000,12.238426079543
"NCa","ssp245",2001,13.8309806005643
"NCa","ssp245",2002,11.9327191281414
"NCa","ssp245",2003,10.3345136431641
"NCa","ssp245",2004,13.9364150262961
"NCa","ssp245",2005,16.067983286119
"NCa","ssp245",2006,11.3143867178208
"NCa","ssp245",2007,10.6662104803304
"NCa","ssp245",2008,12.7034181466403
"NCa","ssp245",2009,13.3966745815832
"NCa","ssp245",2010,12.1984694542171
"NCa","ssp245",2011,8.26843230720839
"NCa","ssp245",2012,14.4791844693045
"NCa","ssp245",2013,12.6569240310274
"NCa","ssp245",2014,11.0210729088198
"NCa","ssp245",2015,10.7457133148485
"NCa","ssp245",2016,10.3224291904617
"NCa","ssp245",2017,8.82129138483093
"NCa","ssp245",2018,8.2467402118668
"NCa","ssp245",2019,9.78456243004898
"NCa","ssp245",2020,12.0160724279446
"NCa","ssp245",2021,21.3488419281187
"NCa","ssp245",2022,15.6181676779928
"NCa","ssp245",2023,16.9891612107815
"NCa","ssp245",2024,12.3929743703539
"NCa","ssp245",2025,11.5148491638532
"NCa","ssp245",2026,17.8569242577298
"NCa","ssp245",2027,14.9369225571085
"NCa","ssp245",2028,16.779903810107
"NCa","ssp245",2029,14.9775058851479
"NCa","ssp245",2030,13.9100168549866
"NCa","ssp245",2031,12.477215677619
"NCa","ssp245",2032,15.6486908913422
"NCa","ssp245",2033,11.7590044232161
"NCa","ssp245",2034,14.922191483496
"NCa","ssp245",2035,12.7035820182289
"NCa","ssp245",2036,15.6753035118161
"NCa","ssp245",2037,15.8598603968511
"NCa","ssp245",2038,13.3206200948806
"NCa","ssp245",2039,13.9049904517083
"NCa","ssp245",2040,17.1829358236988
"NCa","ssp245",2041,14.0444476988624
"NCa","ssp245",2042,13.5104196400459
"NCa","ssp245",2043,12.8308614580805
"NCa","ssp245",2044,18.311859611146
"NCa","ssp245",2045,15.6516773560363
"NCa","ssp245",2046,14.2427418053002
"NCa","ssp245",2047,15.9363751630653
"NCa","ssp245",2048,13.8267630089198
"NCa","ssp245",2049,12.8818414648159
"NCa","ssp245",2050,13.3097985054126
"NCa","ssp245",2051,13.3249383325055
"NCa","ssp245",2052,16.3027668716471
"NCa","ssp245",2053,11.3516335182008
"NCa","ssp245",2054,13.2860697547504
"NCa","ssp245",2055,11.7936154635937
"NCa","ssp245",2056,11.9208007727043
"NCa","ssp245",2057,9.85883417561472
"NCa","ssp245",2058,12.8672195711901
"NCa","ssp245",2059,17.6792434104974
"NCa","ssp245",2060,12.7341476188896
"NCa","ssp245",2061,13.7741700681455
"NCa","ssp245",2062,13.4536461587953
"NCa","ssp245",2063,12.6766959371159
"NCa","ssp245",2064,11.9628842654782
"NCa","ssp245",2065,16.7966294488169
"NCa","ssp245",2066,16.5027127583637
"NCa","ssp245",2067,11.2746861516515
"NCa","ssp245",2068,18.5086375209642
"NCa","ssp245",2069,13.0704422119266
"NCa","ssp245",2070,12.2636763379328
"NCa","ssp245",2071,17.8582239944429
"NCa","ssp245",2072,16.9342845206794
"NCa","ssp245",2073,11.0102007246494
"NCa","ssp245",2074,10.5610387074246
"NCa","ssp245",2075,14.2191177487595
"NCa","ssp245",2076,12.1702016904041
"NCa","ssp245",2077,12.3847335849825
"NCa","ssp245",2078,12.5891238444555
"NCa","ssp245",2079,15.2581605160028
"NCa","ssp245",2080,16.0458525423433
"NCa","ssp245",2081,15.6377965724346
"NCa","ssp245",2082,14.4914924789755
"NCa","ssp245",2083,13.0155030924864
"NCa","ssp245",2084,19.8131371631156
"NCa","ssp245",2085,13.2786687451791
"NCa","ssp245",2086,14.0149794951822
"NCa","ssp245",2087,14.819693717407
"NCa","ssp245",2088,13.0946227011354
"NCa","ssp245",2089,12.7990509977694
"NCa","ssp245",2090,9.19219054171904
"NCa","ssp245",2091,12.233113076477
"NCa","ssp245",2092,11.9738169166995
"NCa","ssp245",2093,14.9603245289989
"NCa","ssp245",2094,10.209728889311
"NCa","ssp245",2095,11.4465769461161
"NCa","ssp245",2096,15.0484561346715
"NCa","ssp245",2097,18.3689453610339
"NCa","ssp245",2098,11.6477178606044
"NCa","ssp245",2099,20.3075269699804
"NCa","ssp585",1980,18.5433467357011
"NCa","ssp585",1981,9.58724219917357
"NCa","ssp585",1982,8.00676205801829
"NCa","ssp585",1983,12.68474026582
"NCa","ssp585",1984,10.1560748984937
"NCa","ssp585",1985,9.87486357612812
"NCa","ssp585",1986,11.9340935650372
"NCa","ssp585",1987,12.0558705434438
"NCa","ssp585",1988,12.7425425832545
"NCa","ssp585",1989,12.068523662656
"NCa","ssp585",1990,14.2507361160125
"NCa","ssp585",1991,17.940391827789
"NCa","ssp585",1992,16.9017691053767
"NCa","ssp585",1993,13.7504124579752
"NCa","ssp585",1994,15.0526930649246
"NCa","ssp585",1995,11.4013003246009
"NCa","ssp585",1996,14.129213212786
"NCa","ssp585",1997,12.2538839603215
"NCa","ssp585",1998,9.34725671634173
"NCa","ssp585",1999,10.2101427973995
"NCa","ssp585",2000,12.238426079543
"NCa","ssp585",2001,13.8309806005643
"NCa","ssp585",2002,11.9327191281414
"NCa","ssp585",2003,10.3345136431641
"NCa","ssp585",2004,13.9364150262961
"NCa","ssp585",2005,16.067983286119
"NCa","ssp585",2006,11.3143867178208
"NCa","ssp585",2007,10.6662104803304
"NCa","ssp585",2008,12.7034181466403
"NCa","ssp585",2009,13.3966745815832
"NCa","ssp585",2010,12.1984694542171
"NCa","ssp585",2011,8.26843230720839
"NCa","ssp585",2012,14.4791844693045
"NCa","ssp585",2013,12.6569240310274
"NCa","ssp585",2014,11.0210729088198
"NCa","ssp585",2015,10.7457133148485
"NCa","ssp585",2016,10.3224291904617
"NCa","ssp585",2017,8.82129138483093
"NCa","ssp585",2018,8.2467402118668
"NCa","ssp585",2019,9.78456243004898
"NCa","ssp585",2020,12.0160724279446
"NCa","ssp585",2021,17.7221693989021
"NCa","ssp585",2022,12.7605103634658
"NCa","ssp585",2023,14.1847376958155
"NCa","ssp585",2024,14.7499979556524
"NCa","ssp585",2025,16.7708030453145
"NCa","ssp585",2026,16.4521172225611
"NCa","ssp585",2027,16.5310392877034
"NCa","ssp585",2028,12.3069132179156
"NCa","ssp585",2029,11.4054172003842
"NCa","ssp585",2030,17.8633307676048
"NCa","ssp585",2031,11.6486824652159
"NCa","ssp585",2032,12.8768819250245
"NCa","ssp585",2033,13.4733271159825
"NCa","ssp585",2034,14.6707274336545
"NCa","ssp585",2035,14.8524913659914
"NCa","ssp585",2036,14.0045746283757
"NCa","ssp585",2037,10.3239131888087
"NCa","ssp585",2038,11.3558977303425
"NCa","ssp585",2039,10.2987848161874
"NCa","ssp585",2040,10.1702039764537
"NCa","ssp585",2041,15.4805677731444
"NCa","ssp585",2042,14.7183343681057
"NCa","ssp585",2043,17.7843253820646
"NCa","ssp585",2044,12.1875034824859
"NCa","ssp585",2045,14.9191799657097
"NCa","ssp585",2046,13.6314824516755
"NCa","ssp585",2047,12.9148230527716
"NCa","ssp585",2048,17.742242110363
"NCa","ssp585",2049,11.9815281657004
"NCa","ssp585",2050,15.2570815689643
"NCa","ssp585",2051,20.6208271367648
"NCa","ssp585",2052,15.2815750612423
"NCa","ssp585",2053,14.2782399048691
"NCa","ssp585",2054,12.1233706264762
"NCa","ssp585",2055,9.60002081716365
"NCa","ssp585",2056,10.1721972602797
"NCa","ssp585",2057,14.7528443553905
"NCa","ssp585",2058,12.5606251624185
"NCa","ssp585",2059,16.598520101825
"NCa","ssp585",2060,13.9434537684008
"NCa","ssp585",2061,14.0372414148321
"NCa","ssp585",2062,14.4795590979475
"NCa","ssp585",2063,12.6239732680414
"NCa","ssp585",2064,9.32227347520944
"NCa","ssp585",2065,11.5582894635677
"NCa","ssp585",2066,14.0563330120139
"NCa","ssp585",2067,13.511860089225
"NCa","ssp585",2068,13.0416630435746
"NCa","ssp585",2069,15.4360208161775
"NCa","ssp585",2070,10.9879904717208
"NCa","ssp585",2071,11.8292983342674
"NCa","ssp585",2072,10.7150817619633
"NCa","ssp585",2073,9.04234617924245
"NCa","ssp585",2074,10.0980128888645
"NCa","ssp585",2075,12.5097621706642
"NCa","ssp585",2076,17.9906344779118
"NCa","ssp585",2077,16.3890792124563
"NCa","ssp585",2078,12.9248238075287
"NCa","ssp585",2079,10.2563953864784
"NCa","ssp585",2080,14.9123723982008
"NCa","ssp585",2081,17.1453398782853
"NCa","ssp585",2082,11.1111778361495
"NCa","ssp585",2083,13.731211986597
"NCa","ssp585",2084,14.633828375071
"NCa","ssp585",2085,10.4360828254503
"NCa","ssp585",2086,9.72700461443748
"NCa","ssp585",2087,12.7385144732708
"NCa","ssp585",2088,13.6467646859547
"NCa","ssp585",2089,11.4283092474612
"NCa","ssp585",2090,13.8111366155549
"NCa","ssp585",2091,13.9665731126563
"NCa","ssp585",2092,14.0649116756392
"NCa","ssp585",2093,8.97781973479819
"NCa","ssp585",2094,10.6364863725325
"NCa","ssp585",2095,15.2135097490749
"NCa","ssp585",2096,13.0029974198829
"NCa","ssp585",2097,19.9354509617032
"NCa","ssp585",2098,14.3814794440859
"NCa","ssp585",2099,11.9095305488736
"PhL","ssp126",1980,8.76064662391977
"PhL","ssp126",1981,5.70546929672325
"PhL","ssp126",1982,6.26896389292005
"PhL","ssp126",1983,7.16529123995268
"PhL","ssp126",1984,4.94017349285161
"PhL","ssp126",1985,5.97414639376833
"PhL","ssp126",1986,6.09735479269771
"PhL","ssp126",1987,6.4265228029795
"PhL","ssp126",1988,5.39122032050987
"PhL","ssp126",1989,5.83141065714756
"PhL","ssp126",1990,7.1309981888623
"PhL","ssp126",1991,8.16362740390311
"PhL","ssp126",1992,7.93315923329736
"PhL","ssp126",1993,6.79200981412866
"PhL","ssp126",1994,6.96704210361485
"PhL","ssp126",1995,6.99318402689579
"PhL","ssp126",1996,6.55220295189436
"PhL","ssp126",1997,6.20269566489608
"PhL","ssp126",1998,5.57604401369836
"PhL","ssp126",1999,6.16825382471345
"PhL","ssp126",2000,6.78322392742465
"PhL","ssp126",2001,6.58049251112104
"PhL","ssp126",2002,6.17293299791605
"PhL","ssp126",2003,5.51141659061039
"PhL","ssp126",2004,6.36776670444098
"PhL","ssp126",2005,6.76669127959214
"PhL","ssp126",2006,6.27260601329483
"PhL","ssp126",2007,6.73732559618835
"PhL","ssp126",2008,6.39833803453403
"PhL","ssp126",2009,7.34564511900187
"PhL","ssp126",2010,6.13271741165884
"PhL","ssp126",2011,5.79933226247108
"PhL","ssp126",2012,6.45390680465063
"PhL","ssp126",2013,5.55167361852386
"PhL","ssp126",2014,6.26504684882319
"PhL","ssp126",2015,5.62927035801916
"PhL","ssp126",2016,5.13572865182663
"PhL","ssp126",2017,6.53138489930905
"PhL","ssp126",2018,5.7044115155196
"PhL","ssp126",2019,6.4364959017594
"PhL","ssp126",2020,6.55211027722643
"PhL","ssp126",2021,4.23836069845846
"PhL","ssp126",2022,5.55779156908326
"PhL","ssp126",2023,7.38895048778546
"PhL","ssp126",2024,7.84696736068362
"PhL","ssp126",2025,7.88877240369757
"PhL","ssp126",2026,5.53975848723573
"PhL","ssp126",2027,4.95683364611293
"PhL","ssp126",2028,7.73782045711493
"PhL","ssp126",2029,5.18720253439567
"PhL","ssp126",2030,4.64889076151833
"PhL","ssp126",2031,5.4714309722246
"PhL","ssp126",2032,5.94606439510891
"PhL","ssp126",2033,8.0817572869197
"PhL","ssp126",2034,8.05336044176563
"PhL","ssp126",2035,5.30818123815983
"PhL","ssp126",2036,6.25164475408388
"PhL","ssp126",2037,6.87599455012854
"PhL","ssp126",2038,5.78461968841181
"PhL","ssp126",2039,6.89176242575024
"PhL","ssp126",2040,6.78017315747238
"PhL","ssp126",2041,6.97064715989563
"PhL","ssp126",2042,4.7491483083563
"PhL","ssp126",2043,5.692190567332
"PhL","ssp126",2044,7.02543177085339
"PhL","ssp126",2045,6.27028962337338
"PhL","ssp126",2046,6.28872605836946
"PhL","ssp126",2047,6.34159035389176
"PhL","ssp126",2048,6.8756182448637
"PhL","ssp126",2049,6.6950545783456
"PhL","ssp126",2050,5.62343514623113
"PhL","ssp126",2051,7.39477942997403
"PhL","ssp126",2052,4.26470925069955
"PhL","ssp126",2053,7.42248291289698
"PhL","ssp126",2054,6.1983815403902
"PhL","ssp126",2055,5.5211338576939
"PhL","ssp126",2056,5.58587403103144
"PhL","ssp126",2057,7.33788730119027
"PhL","ssp126",2058,6.68194515383097
"PhL","ssp126",2059,6.77662695108186
"PhL","ssp126",2060,8.91843587520456
"PhL","ssp126",2061,5.79343772969711
"PhL","ssp126",2062,5.31007708957801
"PhL","ssp126",2063,5.0470967889348
"PhL","ssp126",2064,6.90307918973814
"PhL","ssp126",2065,7.67231240157487
"PhL","ssp126",2066,6.5953148417492
"PhL","ssp126",2067,5.84588598488509
"PhL","ssp126",2068,7.08936409883131
"PhL","ssp126",2069,6.45054499542257
"PhL","ssp126",2070,5.96637555626493
"PhL","ssp126",2071,5.92923576655737
"PhL","ssp126",2072,7.43120112025581
"PhL","ssp126",2073,6.79292972800426
"PhL","ssp126",2074,6.13841861352941
"PhL","ssp126",2075,5.45416774730195
"PhL","ssp126",2076,7.30195492381324
"PhL","ssp126",2077,8.93891953528739
"PhL","ssp126",2078,8.00333936172499
"PhL","ssp126",2079,6.54205873392116
"PhL","ssp126",2080,5.92639275117656
"PhL","ssp126",2081,7.27595621679483
"PhL","ssp126",2082,5.79980927939658
"PhL","ssp126",2083,5.628465219184
"PhL","ssp126",2084,6.8605186881358
"PhL","ssp126",2085,8.19021509584892
"PhL","ssp126",2086,6.65735599941296
"PhL","ssp126",2087,5.94645916486259
"PhL","ssp126",2088,4.95972862072766
"PhL","ssp126",2089,6.15737807982541
"PhL","ssp126",2090,7.03340186554879
"PhL","ssp126",2091,7.4285747253107
"PhL","ssp126",2092,9.24061804194821
"PhL","ssp126",2093,5.48862062930612
"PhL","ssp126",2094,7.89365298389294
"PhL","ssp126",2095,6.84617445381626
"PhL","ssp126",2096,6.88229717913341
"PhL","ssp126",2097,7.36497769300339
"PhL","ssp126",2098,6.7633120011305
"PhL","ssp126",2099,5.80235217220723
"PhL","ssp245",1980,8.76064662391977
"PhL","ssp245",1981,5.70546929672325
"PhL","ssp245",1982,6.26896389292005
"PhL","ssp245",1983,7.16529123995268
"PhL","ssp245",1984,4.94017349285161
"PhL","ssp245",1985,5.97414639376833
"PhL","ssp245",1986,6.09735479269771
"PhL","ssp245",1987,6.4265228029795
"PhL","ssp245",1988,5.39122032050987
"PhL","ssp245",1989,5.83141065714756
"PhL","ssp245",1990,7.1309981888623
"PhL","ssp245",1991,8.16362740390311
"PhL","ssp245",1992,7.93315923329736
"PhL","ssp245",1993,6.79200981412866
"PhL","ssp245",1994,6.96704210361485
"PhL","ssp245",1995,6.99318402689579
"PhL","ssp245",1996,6.55220295189436
"PhL","ssp245",1997,6.20269566489608
"PhL","ssp245",1998,5.57604401369836
"PhL","ssp245",1999,6.16825382471345
"PhL","ssp245",2000,6.78322392742465
"PhL","ssp245",2001,6.58049251112104
"PhL","ssp245",2002,6.17293299791605
"PhL","ssp245",2003,5.51141659061039
"PhL","ssp245",2004,6.36776670444098
"PhL","ssp245",2005,6.76669127959214
"PhL","ssp245",2006,6.27260601329483
"PhL","ssp245",2007,6.73732559618835
"PhL","ssp245",2008,6.39833803453403
"PhL","ssp245",2009,7.34564511900187
"PhL","ssp245",2010,6.13271741165884
"PhL","ssp245",2011,5.79933226247108
"PhL","ssp245",2012,6.45390680465063
"PhL","ssp245",2013,5.55167361852386
"PhL","ssp245",2014,6.26504684882319
"PhL","ssp245",2015,5.62927035801916
"PhL","ssp245",2016,5.13572865182663
"PhL","ssp245",2017,6.53138489930905
"PhL","ssp245",2018,5.7044115155196
"PhL","ssp245",2019,6.4364959017594
"PhL","ssp245",2020,6.55211027722643
"PhL","ssp245",2021,10.5985450330222
"PhL","ssp245",2022,6.11155762067387
"PhL","ssp245",2023,7.11732114977797
"PhL","ssp245",2024,5.69449866559538
"PhL","ssp245",2025,5.61540398675784
"PhL","ssp245",2026,6.45799174276409
"PhL","ssp245",2027,5.40620126244347
"PhL","ssp245",2028,7.02307269241493
"PhL","ssp245",2029,6.43319724431473
"PhL","ssp245",2030,6.31335077763415
"PhL","ssp245",2031,6.98301768982173
"PhL","ssp245",2032,6.72739469289918
"PhL","ssp245",2033,6.30517347784367
"PhL","ssp245",2034,5.49010243867579
"PhL","ssp245",2035,6.1197466398785
"PhL","ssp245",2036,5.69710611041288
"PhL","ssp245",2037,6.2773682135337
"PhL","ssp245",2038,5.75115792843422
"PhL","ssp245",2039,5.36529746409335
"PhL","ssp245",2040,4.81961252422854
"PhL","ssp245",2041,7.05860041444731
"PhL","ssp245",2042,6.8517587024577
"PhL","ssp245",2043,6.73091587411902
"PhL","ssp245",2044,6.66987604232178
"PhL","ssp245",2045,6.08420499241906
"PhL","ssp245",2046,6.90920749062763
"PhL","ssp245",2047,6.49770603509364
"PhL","ssp245",2048,5.40847367229468
"PhL","ssp245",2049,5.27820798764789
"PhL","ssp245",2050,5.4348368216959
"PhL","ssp245",2051,7.57359337610819
"PhL","ssp245",2052,5.62604885727928
"PhL","ssp245",2053,5.17190638015554
"PhL","ssp245",2054,6.86572155110197
"PhL","ssp245",2055,5.31440020375147
"PhL","ssp245",2056,5.80014073272041
"PhL","ssp245",2057,4.9489148239717
"PhL","ssp245",2058,5.9126457209679
"PhL","ssp245",2059,8.0680171335759
"PhL","ssp245",2060,5.70378581023039
"PhL","ssp245",2061,4.97117795917943
"PhL","ssp245",2062,4.3612009922732
"PhL","ssp245",2063,5.77431546518666
"PhL","ssp245",2064,6.88394531964914
"PhL","ssp245",2065,7.37906920855066
"PhL","ssp245",2066,7.38889822419145
"PhL","ssp245",2067,7.06397868704367
"PhL","ssp245",2068,10.5251179811261
"PhL","ssp245",2069,7.11568411454449
"PhL","ssp245",2070,7.55677597485986
"PhL","ssp245",2071,7.31756795006862
"PhL","ssp245",2072,6.91312249725619
"PhL","ssp245",2073,3.93506714080223
"PhL","ssp245",2074,6.14651137002865
"PhL","ssp245",2075,6.55940409516232
"PhL","ssp245",2076,6.00793147876784
"PhL","ssp245",2077,7.42234768485841
"PhL","ssp245",2078,5.24848648908337
"PhL","ssp245",2079,6.50309821307482
"PhL","ssp245",2080,5.11618794388637
"PhL","ssp245",2081,6.0374667365634
"PhL","ssp245",2082,5.49648607153816
"PhL","ssp245",2083,6.22506630605221
"PhL","ssp245",2084,6.36578063954324
"PhL","ssp245",2085,6.4761048509259
"PhL","ssp245",2086,6.15983110456235
"PhL","ssp245",2087,6.15203252094222
"PhL","ssp245",2088,6.7301640601827
"PhL","ssp245",2089,5.69805872256688
"PhL","ssp245",2090,4.1956905370303
"PhL","ssp245",2091,5.49181804974074
"PhL","ssp245",2092,5.13659291581357
"PhL","ssp245",2093,5.28663651771192
"PhL","ssp245",2094,6.392434645435
"PhL","ssp245",2095,6.4618365675311
"PhL","ssp245",2096,5.94639027632226
"PhL","ssp245",2097,7.16726182873378
"PhL","ssp245",2098,5.03598582716116
"PhL","ssp245",2099,7.24074835280959
"PhL","ssp585",1980,8.76064662391977
"PhL","ssp585",1981,5.70546929672325
"PhL","ssp585",1982,6.26896389292005
"PhL","ssp585",1983,7.16529123995268
"PhL","ssp585",1984,4.94017349285161
"PhL","ssp585",1985,5.97414639376833
"PhL","ssp585",1986,6.09735479269771
"PhL","ssp585",1987,6.4265228029795
"PhL","ssp585",1988,5.39122032050987
"PhL","ssp585",1989,5.83141065714756
"PhL","ssp585",1990,7.1309981888623
"PhL","ssp585",1991,8.16362740390311
"PhL","ssp585",1992,7.93315923329736
"PhL","ssp585",1993,6.79200981412866
"PhL","ssp585",1994,6.96704210361485
"PhL","ssp585",1995,6.99318402689579
"PhL","ssp585",1996,6.55220295189436
"PhL","ssp585",1997,6.20269566489608
"PhL","ssp585",1998,5.57604401369836
"PhL","ssp585",1999,6.16825382471345
"PhL","ssp585",2000,6.78322392742465
"PhL","ssp585",2001,6.58049251112104
"PhL","ssp585",2002,6.17293299791605
"PhL","ssp585",2003,5.51141659061039
"PhL","ssp585",2004,6.36776670444098
"PhL","ssp585",2005,6.76669127959214
"PhL","ssp585",2006,6.27260601329483
"PhL","ssp585",2007,6.73732559618835
"PhL","ssp585",2008,6.39833803453403
"PhL","ssp585",2009,7.34564511900187
"PhL","ssp585",2010,6.13271741165884
"PhL","ssp585",2011,5.79933226247108
"PhL","ssp585",2012,6.45390680465063
"PhL","ssp585",2013,5.55167361852386
"PhL","ssp585",2014,6.26504684882319
"PhL","ssp585",2015,5.62927035801916
"PhL","ssp585",2016,5.13572865182663
"PhL","ssp585",2017,6.53138489930905
"PhL","ssp585",2018,5.7044115155196
"PhL","ssp585",2019,6.4364959017594
"PhL","ssp585",2020,6.55211027722643
"PhL","ssp585",2021,6.93496955309874
"PhL","ssp585",2022,6.97113001772415
"PhL","ssp585",2023,6.66066026660903
"PhL","ssp585",2024,8.18910224924194
"PhL","ssp585",2025,6.60858041880974
"PhL","ssp585",2026,6.6081638750668
"PhL","ssp585",2027,6.28764244385277
"PhL","ssp585",2028,5.015764521684
"PhL","ssp585",2029,4.69633119964253
"PhL","ssp585",2030,6.34349237337697
"PhL","ssp585",2031,5.38826796119152
"PhL","ssp585",2032,5.61558388394272
"PhL","ssp585",2033,4.69596491993938
"PhL","ssp585",2034,4.78777534646334
"PhL","ssp585",2035,8.1845684965777
"PhL","ssp585",2036,6.63180047434708
"PhL","ssp585",2037,4.64626755546445
"PhL","ssp585",2038,4.99034666295746
"PhL","ssp585",2039,5.15312249598182
"PhL","ssp585",2040,5.90388748653316
"PhL","ssp585",2041,5.54707743010439
"PhL","ssp585",2042,7.0273010783842
"PhL","ssp585",2043,4.270739438393
"PhL","ssp585",2044,5.03074983255141
"PhL","ssp585",2045,6.10704395034343
"PhL","ssp585",2046,5.89704232985651
"PhL","ssp585",2047,7.49866904804348
"PhL","ssp585",2048,6.52283749503654
"PhL","ssp585",2049,5.53939575455157
"PhL","ssp585",2050,4.92320608393686
"PhL","ssp585",2051,5.49806925227699
"PhL","ssp585",2052,6.02295908060646
"PhL","ssp585",2053,4.34129087299818
"PhL","ssp585",2054,4.65741971078302
"PhL","ssp585",2055,5.65344718441918
"PhL","ssp585",2056,5.18956650008626
"PhL","ssp585",2057,5.29548478418824
"PhL","ssp585",2058,7.22268905328705
"PhL","ssp585",2059,5.81294048768478
"PhL","ssp585",2060,5.29851166621975
"PhL","ssp585",2061,5.97848618086335
"PhL","ssp585",2062,5.43518724760088
"PhL","ssp585",2063,6.09378355055431
"PhL","ssp585",2064,6.08710845993559
"PhL","ssp585",2065,4.73206148228995
"PhL","ssp585",2066,5.53253749105118
"PhL","ssp585",2067,4.60809804585907
"PhL","ssp585",2068,4.2491423389531
"PhL","ssp585",2069,5.8029907343092
"PhL","ssp585",2070,4.77621466039142
"PhL","ssp585",2071,4.58443990037392
"PhL","ssp585",2072,4.64334877679569
"PhL","ssp585",2073,4.73208284839686
"PhL","ssp585",2074,4.46711362773406
"PhL","ssp585",2075,5.10400928271849
"PhL","ssp585",2076,5.61890304215097
"PhL","ssp585",2077,5.69927449743634
"PhL","ssp585",2078,5.34312220802431
"PhL","ssp585",2079,4.28224556250056
"PhL","ssp585",2080,4.94875753907631
"PhL","ssp585",2081,5.22533150540466
"PhL","ssp585",2082,5.61332145914097
"PhL","ssp585",2083,4.95462407278751
"PhL","ssp585",2084,5.54549483320219
"PhL","ssp585",2085,6.56194181894971
"PhL","ssp585",2086,4.89768256019978
"PhL","ssp585",2087,5.5042443993885
"PhL","ssp585",2088,6.28052482266761
"PhL","ssp585",2089,5.50175343345932
"PhL","ssp585",2090,5.68957106533935
"PhL","ssp585",2091,5.37514516505692
"PhL","ssp585",2092,5.18355432697782
"PhL","ssp585",2093,4.18361942910864
"PhL","ssp585",2094,4.21474552668505
"PhL","ssp585",2095,5.78773275949198
"PhL","ssp585",2096,5.77967908479309
"PhL","ssp585",2097,8.23234872652721
"PhL","ssp585",2098,5.00029660087083
"PhL","ssp585",2099,4.02557736385506
"PhS","ssp126",1980,8.01375045748729
"PhS","ssp126",1981,6.96330457073808
"PhS","ssp126",1982,6.99030110990217
"PhS","ssp126",1983,7.62205765311794
"PhS","ssp126",1984,6.87291503303311
"PhS","ssp126",1985,7.02863412170183
"PhS","ssp126",1986,7.40617215291311
"PhS","ssp126",1987,7.33766677869214
"PhS","ssp126",1988,7.21423109417801
"PhS","ssp126",1989,7.065236101156
"PhS","ssp126",1990,7.46202887786826
"PhS","ssp126",1991,7.92473699577038
"PhS","ssp126",1992,8.05311484004655
"PhS","ssp126",1993,8.08936596119532
"PhS","ssp126",1994,7.95115350294173
"PhS","ssp126",1995,7.97628749605902
"PhS","ssp126",1996,7.72710169780711
"PhS","ssp126",1997,7.61080527174227
"PhS","ssp126",1998,7.64012327350716
"PhS","ssp126",1999,8.0899984090044
"PhS","ssp126",2000,7.59669338306777
"PhS","ssp126",2001,7.51404964016181
"PhS","ssp126",2002,7.5054016479351
"PhS","ssp126",2003,7.35728278731496
"PhS","ssp126",2004,7.34544043457791
"PhS","ssp126",2005,7.45208450229315
"PhS","ssp126",2006,7.5855474265043
"PhS","ssp126",2007,7.58292761687344
"PhS","ssp126",2008,7.39437548275446
"PhS","ssp126",2009,7.66075014942891
"PhS","ssp126",2010,7.96299521769636
"PhS","ssp126",2011,7.01228244126277
"PhS","ssp126",2012,7.58901153354961
"PhS","ssp126",2013,7.26958772954149
"PhS","ssp126",2014,7.25183542894468
"PhS","ssp126",2015,7.0523690505586
"PhS","ssp126",2016,7.26858291932964
"PhS","ssp126",2017,8.322023621413
"PhS","ssp126",2018,7.9827334182692
"PhS","ssp126",2019,7.74470186900521
"PhS","ssp126",2020,7.74349489657264
"PhS","ssp126",2021,7.91883799211407
"PhS","ssp126",2022,7.37775543784226
"PhS","ssp126",2023,8.14596271862203
"PhS","ssp126",2024,7.99750312092686
"PhS","ssp126",2025,7.69880194832371
"PhS","ssp126",2026,7.46932330704666
"PhS","ssp126",2027,6.73731640626021
"PhS","ssp126",2028,7.44718185903056
"PhS","ssp126",2029,7.09382210474484
"PhS","ssp126",2030,6.99031880720077
"PhS","ssp126",2031,6.98570442190612
"PhS","ssp126",2032,7.11923685351861
"PhS","ssp126",2033,7.60468405989078
"PhS","ssp126",2034,7.87945566666038
"PhS","ssp126",2035,7.27755231476458
"PhS","ssp126",2036,7.15229394750342
"PhS","ssp126",2037,7.59784392950426
"PhS","ssp126",2038,7.67921976034859
"PhS","ssp126",2039,8.02285067378383
"PhS","ssp126",2040,7.6084171025131
"PhS","ssp126",2041,7.46700040119807
"PhS","ssp126",2042,7.16206718195667
"PhS","ssp126",2043,7.09779720736421
"PhS","ssp126",2044,7.18748925590611
"PhS","ssp126",2045,7.20467660025489
"PhS","ssp126",2046,7.25255343906425
"PhS","ssp126",2047,7.16348721994177
"PhS","ssp126",2048,7.1103380965324
"PhS","ssp126",2049,7.6019301182132
"PhS","ssp126",2050,7.25373606822021
"PhS","ssp126",2051,7.50082284846571
"PhS","ssp126",2052,6.61928559897237
"PhS","ssp126",2053,6.72161495692069
"PhS","ssp126",2054,7.31506954107697
"PhS","ssp126",2055,7.33021295294196
"PhS","ssp126",2056,6.95819183279962
"PhS","ssp126",2057,7.02392156189223
"PhS","ssp126",2058,6.76991265271142
"PhS","ssp126",2059,7.02677728953942
"PhS","ssp126",2060,8.15979432612239
"PhS","ssp126",2061,6.73109674738796
"PhS","ssp126",2062,6.86443292202172
"PhS","ssp126",2063,6.80978371596318
"PhS","ssp126",2064,6.76707585611575
"PhS","ssp126",2065,7.41151089081345
"PhS","ssp126",2066,6.79815063039996
"PhS","ssp126",2067,7.05161129726317
"PhS","ssp126",2068,6.85186103439401
"PhS","ssp126",2069,7.11436822149413
"PhS","ssp126",2070,7.10753294335164
"PhS","ssp126",2071,6.59206792825034
"PhS","ssp126",2072,7.2889891831943
"PhS","ssp126",2073,6.93734077638166
"PhS","ssp126",2074,7.34658414111683
"PhS","ssp126",2075,7.27209820975539
"PhS","ssp126",2076,7.36754109973376
"PhS","ssp126",2077,7.55346595264058
"PhS","ssp126",2078,8.53437244665352
"PhS","ssp126",2079,7.14747440726566
"PhS","ssp126",2080,7.53009611966918
"PhS","ssp126",2081,6.92246506935921
"PhS","ssp126",2082,7.45799513015303
"PhS","ssp126",2083,7.58855244407959
"PhS","ssp126",2084,7.09285598816225
"PhS","ssp126",2085,7.36075679760088
"PhS","ssp126",2086,7.12715996842941
"PhS","ssp126",2087,6.79995024643748
"PhS","ssp126",2088,6.87270991103646
"PhS","ssp126",2089,7.1076907066106
"PhS","ssp126",2090,7.21975083132539
"PhS","ssp126",2091,7.33307691378755
"PhS","ssp126",2092,8.3530017397193
"PhS","ssp126",2093,7.55022196620732
"PhS","ssp126",2094,7.48330216988155
"PhS","ssp126",2095,7.06561631384514
"PhS","ssp126",2096,6.91259130301398
"PhS","ssp126",2097,7.77115331594653
"PhS","ssp126",2098,7.19524342159669
"PhS","ssp126",2099,6.8017236986854
"PhS","ssp245",1980,8.01375045748729
"PhS","ssp245",1981,6.96330457073808
"PhS","ssp245",1982,6.99030110990217
"PhS","ssp245",1983,7.62205765311794
"PhS","ssp245",1984,6.87291503303311
"PhS","ssp245",1985,7.02863412170183
"PhS","ssp245",1986,7.40617215291311
"PhS","ssp245",1987,7.33766677869214
"PhS","ssp245",1988,7.21423109417801
"PhS","ssp245",1989,7.065236101156
"PhS","ssp245",1990,7.46202887786826
"PhS","ssp245",1991,7.92473699577038
"PhS","ssp245",1992,8.05311484004655
"PhS","ssp245",1993,8.08936596119532
"PhS","ssp245",1994,7.95115350294173
"PhS","ssp245",1995,7.97628749605902
"PhS","ssp245",1996,7.72710169780711
"PhS","ssp245",1997,7.61080527174227
"PhS","ssp245",1998,7.64012327350716
"PhS","ssp245",1999,8.0899984090044
"PhS","ssp245",2000,7.59669338306777
"PhS","ssp245",2001,7.51404964016181
"PhS","ssp245",2002,7.5054016479351
"PhS","ssp245",2003,7.35728278731496
"PhS","ssp245",2004,7.34544043457791
"PhS","ssp245",2005,7.45208450229315
"PhS","ssp245",2006,7.5855474265043
"PhS","ssp245",2007,7.58292761687344
"PhS","ssp245",2008,7.39437548275446
"PhS","ssp245",2009,7.66075014942891
"PhS","ssp245",2010,7.96299521769636
"PhS","ssp245",2011,7.01228244126277
"PhS","ssp245",2012,7.58901153354961
"PhS","ssp245",2013,7.26958772954149
"PhS","ssp245",2014,7.25183542894468
"PhS","ssp245",2015,7.0523690505586
"PhS","ssp245",2016,7.26858291932964
"PhS","ssp245",2017,8.322023621413
"PhS","ssp245",2018,7.9827334182692
"PhS","ssp245",2019,7.74470186900521
"PhS","ssp245",2020,7.74349489657264
"PhS","ssp245",2021,8.84762285971288
"PhS","ssp245",2022,8.20352497138205
"PhS","ssp245",2023,7.74579038153324
"PhS","ssp245",2024,7.22233375390269
"PhS","ssp245",2025,7.99013922573175
"PhS","ssp245",2026,7.65058904824937
"PhS","ssp245",2027,7.26350725492892
"PhS","ssp245",2028,7.66826326161821
"PhS","ssp245",2029,7.89207014674663
"PhS","ssp245",2030,8.0904157636942
"PhS","ssp245",2031,7.9369235827756
"PhS","ssp245",2032,7.70311160269568
"PhS","ssp245",2033,8.69689995093853
"PhS","ssp245",2034,7.35442205194726
"PhS","ssp245",2035,7.55986977814059
"PhS","ssp245",2036,7.5074385279019
"PhS","ssp245",2037,7.3896325496951
"PhS","ssp245",2038,7.880571178404
"PhS","ssp245",2039,7.83553424749863
"PhS","ssp245",2040,7.50228859797422
"PhS","ssp245",2041,8.11431099422844
"PhS","ssp245",2042,8.55155151308275
"PhS","ssp245",2043,8.04852925022265
"PhS","ssp245",2044,7.51192581321707
"PhS","ssp245",2045,7.30916148650903
"PhS","ssp245",2046,8.07131691418941
"PhS","ssp245",2047,8.58884677680793
"PhS","ssp245",2048,7.93033112060367
"PhS","ssp245",2049,7.88211193510271
"PhS","ssp245",2050,7.54455367881923
"PhS","ssp245",2051,8.06112686980573
"PhS","ssp245",2052,7.76097577127177
"PhS","ssp245",2053,7.97359970578528
"PhS","ssp245",2054,8.06881866549181
"PhS","ssp245",2055,7.62228472810386
"PhS","ssp245",2056,7.67709919172351
"PhS","ssp245",2057,8.14804732051125
"PhS","ssp245",2058,7.71276651646861
"PhS","ssp245",2059,8.18234314956884
"PhS","ssp245",2060,8.4137707385184
"PhS","ssp245",2061,7.6477663694984
"PhS","ssp245",2062,6.86520492751185
"PhS","ssp245",2063,7.22042359673794
"PhS","ssp245",2064,8.16549741957231
"PhS","ssp245",2065,8.50852392921682
"PhS","ssp245",2066,8.02754768403741
"PhS","ssp245",2067,8.38904291848721
"PhS","ssp245",2068,8.7065542043078
"PhS","ssp245",2069,8.08189316718447
"PhS","ssp245",2070,8.21804179028102
"PhS","ssp245",2071,7.48864296077339
"PhS","ssp245",2072,7.81960575553491
"PhS","ssp245",2073,7.81665664678059
"PhS","ssp245",2074,7.67602500275233
"PhS","ssp245",2075,7.67647282899743
"PhS","ssp245",2076,7.31179034919486
"PhS","ssp245",2077,8.23367573011506
"PhS","ssp245",2078,7.56115642025125
"PhS","ssp245",2079,7.65940433526059
"PhS","ssp245",2080,7.46254943042241
"PhS","ssp245",2081,7.55403142927286
"PhS","ssp245",2082,7.57166299991073
"PhS","ssp245",2083,7.85347134497828
"PhS","ssp245",2084,7.64559569789976
"PhS","ssp245",2085,8.12695514281722
"PhS","ssp245",2086,8.64907467136707
"PhS","ssp245",2087,7.85270225099802
"PhS","ssp245",2088,8.0323008957208
"PhS","ssp245",2089,7.34469351521259
"PhS","ssp245",2090,7.39700149330775
"PhS","ssp245",2091,7.75978407137991
"PhS","ssp245",2092,7.3967793806046
"PhS","ssp245",2093,6.98937916385246
"PhS","ssp245",2094,7.81911088751064
"PhS","ssp245",2095,8.47979975470524
"PhS","ssp245",2096,7.84947842210166
"PhS","ssp245",2097,7.74794346588401
"PhS","ssp245",2098,7.68412875828187
"PhS","ssp245",2099,7.44665659061182
"PhS","ssp585",1980,8.01375045748729
"PhS","ssp585",1981,6.96330457073808
"PhS","ssp585",1982,6.99030110990217
"PhS","ssp585",1983,7.62205765311794
"PhS","ssp585",1984,6.87291503303311
"PhS","ssp585",1985,7.02863412170183
"PhS","ssp585",1986,7.40617215291311
"PhS","ssp585",1987,7.33766677869214
"PhS","ssp585",1988,7.21423109417801
"PhS","ssp585",1989,7.065236101156
"PhS","ssp585",1990,7.46202887786826
"PhS","ssp585",1991,7.92473699577038
"PhS","ssp585",1992,8.05311484004655
"PhS","ssp585",1993,8.08936596119532
"PhS","ssp585",1994,7.95115350294173
"PhS","ssp585",1995,7.97628749605902
"PhS","ssp585",1996,7.72710169780711
"PhS","ssp585",1997,7.61080527174227
"PhS","ssp585",1998,7.64012327350716
"PhS","ssp585",1999,8.0899984090044
"PhS","ssp585",2000,7.59669338306777
"PhS","ssp585",2001,7.51404964016181
"PhS","ssp585",2002,7.5054016479351
"PhS","ssp585",2003,7.35728278731496
"PhS","ssp585",2004,7.34544043457791
"PhS","ssp585",2005,7.45208450229315
"PhS","ssp585",2006,7.5855474265043
"PhS","ssp585",2007,7.58292761687344
"PhS","ssp585",2008,7.39437548275446
"PhS","ssp585",2009,7.66075014942891
"PhS","ssp585",2010,7.96299521769636
"PhS","ssp585",2011,7.01228244126277
"PhS","ssp585",2012,7.58901153354961
"PhS","ssp585",2013,7.26958772954149
"PhS","ssp585",2014,7.25183542894468
"PhS","ssp585",2015,7.0523690505586
"PhS","ssp585",2016,7.26858291932964
"PhS","ssp585",2017,8.322023621413
"PhS","ssp585",2018,7.9827334182692
"PhS","ssp585",2019,7.74470186900521
"PhS","ssp585",2020,7.74349489657264
"PhS","ssp585",2021,7.36605171979727
"PhS","ssp585",2022,7.92859943991033
"PhS","ssp585",2023,7.66998361557135
"PhS","ssp585",2024,8.07931465615458
"PhS","ssp585",2025,7.58188286620494
"PhS","ssp585",2026,7.38413292937294
"PhS","ssp585",2027,7.61877485183318
"PhS","ssp585",2028,7.23613826083936
"PhS","ssp585",2029,7.78795653476903
"PhS","ssp585",2030,7.54378251341519
"PhS","ssp585",2031,7.39839077982534
"PhS","ssp585",2032,8.10519161205881
"PhS","ssp585",2033,8.0252520469206
"PhS","ssp585",2034,6.7713478142482
"PhS","ssp585",2035,7.71834193738044
"PhS","ssp585",2036,7.54305759258732
"PhS","ssp585",2037,6.9275307585083
"PhS","ssp585",2038,6.75746628877538
"PhS","ssp585",2039,6.83630300518745
"PhS","ssp585",2040,7.75003360043635
"PhS","ssp585",2041,7.25755776703603
"PhS","ssp585",2042,7.42195065861068
"PhS","ssp585",2043,6.6435758577031
"PhS","ssp585",2044,6.65768421538357
"PhS","ssp585",2045,7.10206080359458
"PhS","ssp585",2046,7.16043196629541
"PhS","ssp585",2047,7.70571881806565
"PhS","ssp585",2048,7.73751039716528
"PhS","ssp585",2049,7.43969113128832
"PhS","ssp585",2050,7.63197979415544
"PhS","ssp585",2051,6.83786889819033
"PhS","ssp585",2052,7.66299476936351
"PhS","ssp585",2053,7.37710905400734
"PhS","ssp585",2054,6.75018257284698
"PhS","ssp585",2055,7.48495588210084
"PhS","ssp585",2056,7.21635133080919
"PhS","ssp585",2057,6.61035738096425
"PhS","ssp585",2058,7.29626611616725
"PhS","ssp585",2059,7.2280800088675
"PhS","ssp585",2060,6.92184036607887
"PhS","ssp585",2061,7.31743906940503
"PhS","ssp585",2062,7.13816921821899
"PhS","ssp585",2063,7.28024433873879
"PhS","ssp585",2064,7.77507876327145
"PhS","ssp585",2065,7.55657769359503
"PhS","ssp585",2066,7.15245976661587
"PhS","ssp585",2067,7.26847897316973
"PhS","ssp585",2068,6.78143253046168
"PhS","ssp585",2069,7.0524661973574
"PhS","ssp585",2070,6.86472988960437
"PhS","ssp585",2071,6.74591366039633
"PhS","ssp585",2072,7.23720619960061
"PhS","ssp585",2073,7.2182592310977
"PhS","ssp585",2074,7.06816601349162
"PhS","ssp585",2075,6.73872070323886
"PhS","ssp585",2076,6.77666624976791
"PhS","ssp585",2077,7.23151588186923
"PhS","ssp585",2078,7.34503609440847
"PhS","ssp585",2079,6.75860535986943
"PhS","ssp585",2080,6.64179310906931
"PhS","ssp585",2081,7.2601933108594
"PhS","ssp585",2082,7.61926098284872
"PhS","ssp585",2083,6.77198820390699
"PhS","ssp585",2084,6.84138276818542
"PhS","ssp585",2085,6.87553169151661
"PhS","ssp585",2086,6.72944236258563
"PhS","ssp585",2087,6.97385071117357
"PhS","ssp585",2088,7.24571615869826
"PhS","ssp585",2089,7.39401406899766
"PhS","ssp585",2090,7.02205926307497
"PhS","ssp585",2091,7.00846882395835
"PhS","ssp585",2092,6.90842642979473
"PhS","ssp585",2093,6.50386087766013
"PhS","ssp585",2094,6.4135028665884
"PhS","ssp585",2095,6.73287807249376
"PhS","ssp585",2096,7.03858911963605
"PhS","ssp585",2097,7.11628486714601
"PhS","ssp585",2098,6.76353557348331
"PhS","ssp585",2099,7.14610158836522
