"year","model","race_group","bio_tkm2","cv_tkm2"
1990,"EGOA","Arrowtooth flounder adult",2.11503144892955,0.494355482240196
1990,"EGOA","Arrowtooth flounder juvenile",0.00471176715283837,0.494355482240196
1990,"EGOA","Big skate",0.134928310752021,1.10453372985443
1990,"EGOA","Chinook (king) salmon",0.0101451184965659,1.042178210841
1990,"EGOA","Chum (dog) salmon",0.00926735982365728,1.09187453339933
1990,"EGOA","Coho (silver) salmon",4.68643974318312e-05,2.82842712474619
1990,"EGOA","Deep-water flatfish",0.279678411517319,0.422842176631207
1990,"EGOA","Demersal shelf rockfish",0.0173624646965691,0.861918214649973
1990,"EGOA","Flathead sole adult",0.269861659712884,0.907439365375003
1990,"EGOA","Flathead sole juvenile",0.000660601440776636,0.907439365375003
1990,"EGOA","Gelatinous carnivores",0.401779237536732,0.356471145780055
1990,"EGOA","Infauna",0.000144809089278872,1.17717784910534
1990,"EGOA","King crab",8.99840298710642e-05,2.69573088067258
1990,"EGOA","Large sculpins",0.00181635709366291,2.21587702662517
1990,"EGOA","Lingcod",0.110204966290611,0.544845602888028
1990,"EGOA","Longnose skate",0.0263072268031058,0.889695199325186
1990,"EGOA","Miscellaneous deep-sea fish",2.93476296888754e-05,1.35433945779406
1990,"EGOA","Motile epifauna",0.0625737818238524,0.444990980586393
1990,"EGOA","Octopus",0.00060840205477289,0.787843504333235
1990,"EGOA","Other skates",0.00732101148759042,1.09710379231114
1990,"EGOA","Pacific capelin",0.000168352665279518,1.85163019435523
1990,"EGOA","Pacific cod adult",0.29844066426327,0.452789315100946
1990,"EGOA","Pacific cod juvenile",0.00336245234680976,0.452789315100946
1990,"EGOA","Pacific dogfish",0.0381428545788456,0.566057178995161
1990,"EGOA","Pacific halibut adult",0.337040942301204,0.466684217340105
1990,"EGOA","Pacific herring",0.0953860940646543,2.00505072048168
1990,"EGOA","Pacific ocean perch adult",1.19036472189773,1.27235632032296
1990,"EGOA","Pacific ocean perch juvenile",0.00252158765704028,1.27235632032296
1990,"EGOA","Pacific sandlance",1.56166945499598e-05,2.55458596038689
1990,"EGOA","Pacific sleeper shark",0.00202804918217961,5.09901951359279
1990,"EGOA","Pandalid shrimp",0.0230759169972464,0.699064161478143
1990,"EGOA","Pelagic shelf rockfish",0.0820884169525333,2.21033134155476
1990,"EGOA","Pink (humpback) salmon",0.00140700832729986,2.9312073978332
1990,"EGOA","Rex sole adult",0.19087343377389,0.691022392664402
1990,"EGOA","Rex sole juvenile",0.000514186626225186,0.691022392664402
1990,"EGOA","Sablefish adult",0.272678779236194,0.455569312893545
1990,"EGOA","Sablefish juvenile",0.000875172391847324,0.455569312893545
1990,"EGOA","Salmon shark",0.0310910253139529,2.34506889199492
1990,"EGOA","Sessile epifauna",0.126497796757044,1.64322836563725
1990,"EGOA","Shallow-water flatfish",0.166494740973039,1.0964705308012
1990,"EGOA","Shelf demersal fish",0.0547968026020906,0.883397680046229
1990,"EGOA","Shelf forage fish",0.105427847106734,0.533924713616349
1990,"EGOA","Slope demersal fish",0.0242020933459971,1.26791286606959
1990,"EGOA","Slope forage fish",0.000295809191461047,1.30766330764812
1990,"EGOA","Slope rockfish",1.18974993215347,1.03036844680901
1990,"EGOA","Sockeye (red) salmon",0.000588318918761982,3.38983335008732
1990,"EGOA","Squid",0.0143619723882439,0.722231230054561
1990,"EGOA","Tanner crab",0.000341746246859174,1.12687008568245
1990,"EGOA","Thornyheads",0.140770033525672,0.364895460454712
1990,"EGOA","Walleye pollock adult",0.58052231706545,0.43999059883618
1990,"EGOA","Walleye pollock juvenile",0.122614227624437,0.43999059883618
1993,"EGOA","Arrowtooth flounder adult",2.60132538239494,0.342476600030242
1993,"EGOA","Arrowtooth flounder juvenile",0.00334539427469348,0.342476600030242
1993,"EGOA","Big skate",0.185781661192061,0.974964859542359
1993,"EGOA","Chinook (king) salmon",0.00468803227844711,1.96941895672672
1993,"EGOA","Coho (silver) salmon",0.000479995380649051,2.55493773035224
1993,"EGOA","Deep-water flatfish",0.465326533888599,0.62008452396921
1993,"EGOA","Demersal shelf rockfish",0.0156435976146006,1.10532480592685
1993,"EGOA","Flathead sole adult",0.195875383585483,0.895174743788466
1993,"EGOA","Flathead sole juvenile",0.00172663320761124,0.895174743788466
1993,"EGOA","Gelatinous carnivores",0.098710732325645,1.26134788020266
1993,"EGOA","Infauna",0.00378548666518898,1.48114962967936
1993,"EGOA","King crab",2.89357256902258e-05,3.46410161513775
1993,"EGOA","Large sculpins",0.00309905270703646,1.77889570707125
1993,"EGOA","Lingcod",0.149532563794744,0.556232727245518
1993,"EGOA","Longnose skate",0.0415194493234395,0.675387412158963
1993,"EGOA","Miscellaneous deep-sea fish",0.00207913344097775,1.9735500048736
1993,"EGOA","Motile epifauna",0.0748532854292414,0.372726810900448
1993,"EGOA","Octopus",0.000625915263875095,0.933142991933312
1993,"EGOA","Other skates",0.0172069447769399,0.922914979450996
1993,"EGOA","Pacific capelin",0.00089329069661365,1.64572701165012
1993,"EGOA","Pacific cod adult",0.239558923156043,0.651604569437882
1993,"EGOA","Pacific cod juvenile",0.00057264235609945,0.651604569437882
1993,"EGOA","Pacific dogfish",0.304006253046553,0.698104266732296
1993,"EGOA","Pacific hake",0.0203728306114076,1.27548056805682
1993,"EGOA","Pacific halibut adult",0.518940424132877,0.494301171300577
1993,"EGOA","Pacific halibut juvenile",2.84119610294245e-05,0.494301171300577
1993,"EGOA","Pacific herring",0.145028371819846,2.82924903550443
1993,"EGOA","Pacific ocean perch adult",1.7749637154322,1.65777197896097
1993,"EGOA","Pacific ocean perch juvenile",0.00337814384308674,1.65777197896097
1993,"EGOA","Pacific sleeper shark",0.0135525413056906,2.12967246934967
1993,"EGOA","Pandalid shrimp",0.0331086261631013,0.670880380959521
1993,"EGOA","Pelagic shelf rockfish",0.106850994770122,1.36226103326318
1993,"EGOA","Pink (humpback) salmon",0.000808830350154259,2.67707501615191
1993,"EGOA","Rex sole adult",0.244715463549196,0.663148430495594
1993,"EGOA","Rex sole juvenile",0.000491122516865006,0.663148430495594
1993,"EGOA","Sablefish adult",0.474042720442843,0.972628153414329
1993,"EGOA","Sablefish juvenile",0.0042956780473138,0.972628153414329
1993,"EGOA","Salmon shark",0.0214127888015392,2.72228839144143
1993,"EGOA","Sessile epifauna",0.0352689631281853,0.855833537199601
1993,"EGOA","Shallow-water flatfish",0.188172821174899,1.02538070959224
1993,"EGOA","Shelf demersal fish",0.0515346631321805,0.612346921784661
1993,"EGOA","Shelf forage fish",0.102139054226464,0.44437049815153
1993,"EGOA","Slope demersal fish",0.0293802981714644,1.27534951522392
1993,"EGOA","Slope forage fish",0.004809878081502,0.948555529659982
1993,"EGOA","Slope rockfish",1.07533341604982,1.00330186119139
1993,"EGOA","Sockeye (red) salmon",0.000189478425060845,1.90227522112564
1993,"EGOA","Squid",0.0268003385288178,0.40593148451093
1993,"EGOA","Tanner crab",0.000289670038451007,1.00310730109731
1993,"EGOA","Thornyheads",0.197098069450464,0.316026524323078
1993,"EGOA","Walleye pollock adult",0.365308064880112,0.594788222427318
1993,"EGOA","Walleye pollock juvenile",0.0605026265256467,0.594788222427318
1996,"EGOA","Arrowtooth flounder adult",3.04742026893088,0.399490448275578
1996,"EGOA","Arrowtooth flounder juvenile",0.00669004767231404,0.399490448275578
1996,"EGOA","Big skate",0.0397802539231834,1.24764959605848
1996,"EGOA","Chinook (king) salmon",0.0104753539207508,1.15947821362518
1996,"EGOA","Chum (dog) salmon",0.00313655683688954,2.33786375533991
1996,"EGOA","Coho (silver) salmon",0.00188583397840002,1.93261865419366
1996,"EGOA","Deep-water flatfish",0.480165657144104,0.397830616791867
1996,"EGOA","Demersal shelf rockfish",0.0561695029800248,1.23607745137255
1996,"EGOA","Flathead sole adult",0.185866395423803,0.547277272594866
1996,"EGOA","Flathead sole juvenile",0.00253655155977504,0.547277272594866
1996,"EGOA","Gelatinous carnivores",0.12885906734901,1.60413474079953
1996,"EGOA","Infauna",0.0115067622095383,1.95040409499527
1996,"EGOA","Large sculpins",0.00142720646978504,2.65496049233495
1996,"EGOA","Lingcod",0.125679751232405,0.634222960990897
1996,"EGOA","Longnose skate",0.0659315711545822,0.627311458887033
1996,"EGOA","Miscellaneous deep-sea fish",4.42200768667992e-05,3.30088718323749
1996,"EGOA","Motile epifauna",0.077647589681371,0.562050989512141
1996,"EGOA","Octopus",0.000192082359190323,1.93315978225734
1996,"EGOA","Other gelatinous zooplankton",0.00323080169101408,1.61013535924753
1996,"EGOA","Other skates",0.017320119785235,1.0563700878952
1996,"EGOA","Pacific capelin",0.00885887926826297,2.35034454288485
1996,"EGOA","Pacific cod adult",0.145649237494172,0.762575738959156
1996,"EGOA","Pacific cod juvenile",0.00262047981575061,0.762575738959156
1996,"EGOA","Pacific dogfish",0.293780342330532,3.82954337672715
1996,"EGOA","Pacific hake",0.0116152501612587,1.4535718766871
1996,"EGOA","Pacific halibut adult",0.582641738049176,0.656756767526643
1996,"EGOA","Pacific halibut juvenile",3.26565458060348e-05,0.656756767526643
1996,"EGOA","Pacific herring",0.0225320317621259,1.24191488981966
1996,"EGOA","Pacific ocean perch adult",2.48264958936206,1.07411165724815
1996,"EGOA","Pacific ocean perch juvenile",0.00494674276620921,1.07411165724815
1996,"EGOA","Pacific sleeper shark",0.0352318326520214,1.9935388396717
1996,"EGOA","Pandalid shrimp",0.0372846055213364,0.871801509228188
1996,"EGOA","Pelagic shelf rockfish",0.195424539284993,1.6856025420691
1996,"EGOA","Pink (humpback) salmon",0.000615939283517407,2.29006138462347
1996,"EGOA","Rex sole adult",0.22855868490942,0.470330462902384
1996,"EGOA","Rex sole juvenile",0.000924717220745609,0.470330462902384
1996,"EGOA","Sablefish adult",0.376302858419814,0.649787444702191
1996,"EGOA","Sablefish juvenile",0.0230255369104191,0.649787444702191
1996,"EGOA","Salmon shark",0.0387394499116073,2.64575131106459
1996,"EGOA","Sessile epifauna",0.056219350449118,0.984781159404026
1996,"EGOA","Shallow-water flatfish",0.150322861808857,0.617715873166435
1996,"EGOA","Shelf demersal fish",0.207497536492566,0.613396347727461
1996,"EGOA","Shelf forage fish",0.0520586479758098,0.539705956305674
1996,"EGOA","Slope demersal fish",0.0181143643743125,0.894467841077995
1996,"EGOA","Slope forage fish",0.00139083682910404,0.725540122198642
1996,"EGOA","Slope rockfish",1.69911656974244,1.23213917896286
1996,"EGOA","Squid",0.00844543643982234,0.667530289650986
1996,"EGOA","Tanner crab",6.76909662805767e-05,1.00523029458849
1996,"EGOA","Thornyheads",0.292253585545177,0.319206998690851
1996,"EGOA","Walleye pollock adult",0.365567377038473,1.05972971243698
1996,"EGOA","Walleye pollock juvenile",0.66270906004375,1.05972971243698
1999,"EGOA","Arrowtooth flounder adult",3.20604659646905,0.79014796923638
1999,"EGOA","Arrowtooth flounder juvenile",0.00383173189268976,0.79014796923638
1999,"EGOA","Big skate",0.112692637797735,1.21974203985025
1999,"EGOA","Chinook (king) salmon",0.00339092941597897,2.34466698184343
1999,"EGOA","Chum (dog) salmon",0.00784886986741623,1.60671860374397
1999,"EGOA","Coho (silver) salmon",0.00166909135074436,2.97415400602611
1999,"EGOA","Deep-water flatfish",0.453420506734731,0.320674841603003
1999,"EGOA","Demersal shelf rockfish",0.0605106686129312,1.06148759704755
1999,"EGOA","Flathead sole adult",0.21629383073954,1.76332480596368
1999,"EGOA","Flathead sole juvenile",0.00189546054299001,1.76332480596368
1999,"EGOA","Gelatinous carnivores",0.0840066680999346,0.478952698103827
1999,"EGOA","Infauna",0.0026276547929589,1.27984524231657
1999,"EGOA","King crab",0.00061645387936339,2.04718016906455
1999,"EGOA","Large sculpins",0.00113940087068794,2
1999,"EGOA","Lingcod",0.178225391723447,0.662059582888644
1999,"EGOA","Longnose skate",0.0904989551728908,0.628611286862264
1999,"EGOA","Miscellaneous deep-sea fish",0.000455357496780229,0.680918642115014
1999,"EGOA","Motile epifauna",0.0796267262133932,0.803214926260362
1999,"EGOA","Mysids",6.93685495839373e-07,1
1999,"EGOA","Octopus",0.00166338208124032,0.720966956020446
1999,"EGOA","Other gelatinous zooplankton",0.00914849010550685,1.24573388583361
1999,"EGOA","Other skates",0.0201858201728781,1.21441267142426
1999,"EGOA","Pacific capelin",0.00124311515266072,2.28421672365613
1999,"EGOA","Pacific cod adult",0.25264520258425,0.841019349706609
1999,"EGOA","Pacific cod juvenile",0.00214898918978711,0.841019349706609
1999,"EGOA","Pacific dogfish",0.180027755050313,1.03318352003345
1999,"EGOA","Pacific hake",0.0737142682192377,0.803209606452268
1999,"EGOA","Pacific halibut adult",0.657544658071711,0.599682859250889
1999,"EGOA","Pacific halibut juvenile",0.00017337948937114,0.599682859250889
1999,"EGOA","Pacific herring",0.369220173058695,2.80614538670229
1999,"EGOA","Pacific ocean perch adult",0.897649209800015,0.596710607853287
1999,"EGOA","Pacific ocean perch juvenile",0.0070712170098738,0.596710607853287
1999,"EGOA","Pacific sandlance",1.8707752672382e-05,2.76828824285753
1999,"EGOA","Pacific sleeper shark",0.0243285988464028,1.42188606850029
1999,"EGOA","Pandalid shrimp",0.0309547896580498,1.70358346954981
1999,"EGOA","Pelagic shelf rockfish",0.199328586431216,2.88739041175044
1999,"EGOA","Pink (humpback) salmon",0.000751014159329793,2.33820900697251
1999,"EGOA","Rex sole adult",0.227416458963496,0.35357917952728
1999,"EGOA","Rex sole juvenile",0.00093343715465553,0.35357917952728
1999,"EGOA","Sablefish adult",0.634605880420626,0.185313929610588
1999,"EGOA","Sablefish juvenile",0.0201133957111489,0.185313929610588
1999,"EGOA","Sessile epifauna",0.177435193024427,1.60836925134515
1999,"EGOA","Shallow-water flatfish",0.331486250796585,0.77721835433407
1999,"EGOA","Shelf demersal fish",0.309764911843191,0.497931408421246
1999,"EGOA","Shelf forage fish",0.0375320921963053,0.880727984660699
1999,"EGOA","Slope demersal fish",0.51958742402416,0.579475337145475
1999,"EGOA","Slope forage fish",0.00599745045688012,0.295835771865958
1999,"EGOA","Slope rockfish",1.19204288128009,0.672265266966355
1999,"EGOA","Sockeye (red) salmon",0.000184626856448941,3.87298334620742
1999,"EGOA","Squid",0.00751721047594992,0.443020264715996
1999,"EGOA","Tanner crab",0.00843409562089775,4.10669122236971
1999,"EGOA","Thornyheads",0.38739752011611,0.229711759191792
1999,"EGOA","Walleye pollock adult",0.400834743411712,0.986970671320979
1999,"EGOA","Walleye pollock juvenile",0.0758478679873557,0.986970671320979
2003,"EGOA","Arrowtooth flounder adult",3.27576117381934,0.530739390221111
2003,"EGOA","Arrowtooth flounder juvenile",0.0370975416511334,0.530739390221111
2003,"EGOA","Big skate",0.140555164458332,1.19587753237654
2003,"EGOA","Chinook (king) salmon",0.0184828841283249,1.01892739580052
2003,"EGOA","Chum (dog) salmon",0.00226114788930624,1.98199270657042
2003,"EGOA","Coho (silver) salmon",0.00264533867122825,2.2368618458048
2003,"EGOA","Deep-water flatfish",0.5504114721815,0.547339267285111
2003,"EGOA","Demersal shelf rockfish",0.034831661077952,1.2019267804793
2003,"EGOA","Flathead sole adult",0.223245413699675,0.440948940916379
2003,"EGOA","Flathead sole juvenile",0.00421671813920471,0.440948940916379
2003,"EGOA","Gelatinous carnivores",0.0607210334063837,0.422224730097746
2003,"EGOA","Infauna",0.00162759255831348,0.988037037908608
2003,"EGOA","King crab",0.000113441584986913,1.4142135623731
2003,"EGOA","Large sculpins",0.000848239537173507,2.64575131106459
2003,"EGOA","Lingcod",0.310846028266446,0.845285484566252
2003,"EGOA","Longnose skate",0.153463201187531,0.434981800414279
2003,"EGOA","Miscellaneous deep-sea fish",8.78525517742516e-05,0.723240225053804
2003,"EGOA","Motile epifauna",0.045400862766271,0.351641690107828
2003,"EGOA","Mysids",6.86819723085246e-07,1.4142135623731
2003,"EGOA","Octopus",0.00107207543339844,0.647564475363115
2003,"EGOA","Other gelatinous zooplankton",0.000665021112645637,0.789429349192282
2003,"EGOA","Other skates",0.0115565844601797,1.03039666238061
2003,"EGOA","Pacific capelin",0.00349696134812893,2.30344341821687
2003,"EGOA","Pacific cod adult",0.168882173960017,0.67186855800582
2003,"EGOA","Pacific cod juvenile",0.00345193878920398,0.67186855800582
2003,"EGOA","Pacific dogfish",0.455317035359779,0.547785257993003
2003,"EGOA","Pacific hake",0.0840373712697823,1.38502217490468
2003,"EGOA","Pacific halibut adult",1.36471212707256,0.841572099538988
2003,"EGOA","Pacific halibut juvenile",9.025963221135e-05,0.841572099538988
2003,"EGOA","Pacific herring",0.12087748049617,1.17799196215017
2003,"EGOA","Pacific ocean perch adult",1.17600436599196,0.896728674206432
2003,"EGOA","Pacific ocean perch juvenile",0.014770174156592,0.896728674206432
2003,"EGOA","Pacific sandlance",1.12638515289791e-05,3.46410161513775
2003,"EGOA","Pandalid shrimp",0.0883292358247157,1.1843287868715
2003,"EGOA","Pelagic shelf rockfish",0.159952152606331,1.96749350152988
2003,"EGOA","Pink (humpback) salmon",0.00268440515626621,1.96131023256466
2003,"EGOA","Rex sole adult",0.333043513604798,0.452594292609756
2003,"EGOA","Rex sole juvenile",0.00317768463111666,0.452594292609756
2003,"EGOA","Sablefish adult",0.531880488864265,0.254755119840589
2003,"EGOA","Sablefish juvenile",0.00864533945087108,0.254755119840589
2003,"EGOA","Sessile epifauna",0.0561095251244072,1.80959115969128
2003,"EGOA","Shallow-water flatfish",0.343625241806086,0.72568212932201
2003,"EGOA","Shelf demersal fish",0.248305032502429,0.662552250331001
2003,"EGOA","Shelf forage fish",0.246177621943729,0.576912304574144
2003,"EGOA","Slope demersal fish",0.69457062961098,0.794037428274868
2003,"EGOA","Slope forage fish",0.00404184466477837,0.56358515735739
2003,"EGOA","Slope rockfish",1.11835202623185,1.85155484066988
2003,"EGOA","Sockeye (red) salmon",0.000396723149764889,3.32014018073161
2003,"EGOA","Squid",0.0226140203828065,0.575730799991431
2003,"EGOA","Tanner crab",0.00248186145893562,0.470002811531072
2003,"EGOA","Thornyheads",0.337376466123327,0.165953504770235
2003,"EGOA","Walleye pollock adult",0.300608665789589,0.53177352112137
2003,"EGOA","Walleye pollock juvenile",0.139047196430045,0.53177352112137
2005,"EGOA","Arrowtooth flounder adult",2.84523237663316,0.605310504034915
2005,"EGOA","Arrowtooth flounder juvenile",0.0109655966362084,0.605310504034915
2005,"EGOA","Big skate",0.0467365866083634,1.01048800382871
2005,"EGOA","Chinook (king) salmon",0.0371343624828233,1.33718970251325
2005,"EGOA","Chum (dog) salmon",0.0106734799048223,1.68481152664651
2005,"EGOA","Coho (silver) salmon",0.000661297265559147,2.60891123466734
2005,"EGOA","Deep-water flatfish",0.457182410320462,0.451208727808028
2005,"EGOA","Demersal shelf rockfish",0.0446334728957194,1.58918612735255
2005,"EGOA","Flathead sole adult",0.13472845329714,0.902703750532818
2005,"EGOA","Flathead sole juvenile",0.00267316138556628,0.902703750532819
2005,"EGOA","Gelatinous carnivores",0.118919808309479,0.411250804926251
2005,"EGOA","Infauna",0.00274207581087794,0.934673805041251
2005,"EGOA","King crab",0.000110265081018717,2.04109721528453
2005,"EGOA","Large sculpins",0.000548988950203851,2.34751646812525
2005,"EGOA","Lingcod",0.274472325848992,0.58334126429948
2005,"EGOA","Longnose skate",0.114945888378853,0.509583702076254
2005,"EGOA","Miscellaneous deep-sea fish",0.0101043051275452,0.843424179901498
2005,"EGOA","Motile epifauna",0.0782092707642173,0.545639376419202
2005,"EGOA","Mysids",3.27972181523431e-07,1.73205080756888
2005,"EGOA","Octopus",0.00106423503624528,0.825517566842542
2005,"EGOA","Other gelatinous zooplankton",0.00144879838336618,1.82889754829873
2005,"EGOA","Other skates",0.00918878945023052,1.50021615657777
2005,"EGOA","Pacific capelin",0.00687318697203905,1.11295445563516
2005,"EGOA","Pacific cod adult",0.161894541347833,0.866554737519269
2005,"EGOA","Pacific cod juvenile",0.00287264428333192,0.866554737519269
2005,"EGOA","Pacific dogfish",0.375114095892661,0.610334215871399
2005,"EGOA","Pacific hake",0.178192949228506,0.928758362416811
2005,"EGOA","Pacific halibut adult",1.01388789880649,0.583601852913904
2005,"EGOA","Pacific herring",0.526868228086735,2.45308677592611
2005,"EGOA","Pacific ocean perch adult",1.6009276874793,0.693882063654503
2005,"EGOA","Pacific ocean perch juvenile",0.0225194824673022,0.693882063654503
2005,"EGOA","Pacific sleeper shark",0.0388585502128555,3.31658482357938
2005,"EGOA","Pandalid shrimp",0.0292135736317489,1.07477580680064
2005,"EGOA","Pelagic shelf rockfish",0.0481696291074245,1.27004048819791
2005,"EGOA","Pink (humpback) salmon",0.00633126011530648,2.10094989863173
2005,"EGOA","Rex sole adult",0.325412818237291,0.475082734664332
2005,"EGOA","Rex sole juvenile",0.000682028480917724,0.475082734664331
2005,"EGOA","Sablefish adult",0.529969781132231,0.310749812958106
2005,"EGOA","Sablefish juvenile",0.0399429003317706,0.310749812958106
2005,"EGOA","Sessile epifauna",0.0977484684319487,0.918630617194915
2005,"EGOA","Shallow-water flatfish",0.255765536130206,0.552551013433303
2005,"EGOA","Shelf demersal fish",0.30364567367473,0.790159429082822
2005,"EGOA","Shelf forage fish",0.166192045494811,0.799452172158562
2005,"EGOA","Slope demersal fish",0.5720913525526,0.278237709818942
2005,"EGOA","Slope forage fish",0.00508431939360243,0.182561602474932
2005,"EGOA","Slope rockfish",1.14044268788397,0.836045594583638
2005,"EGOA","Squid",0.00949161777884662,0.401795723418081
2005,"EGOA","Tanner crab",0.0025032977092436,0.60442704241851
2005,"EGOA","Thornyheads",0.382535318975569,0.140466740617808
2005,"EGOA","Walleye pollock adult",0.385979954082974,0.589819462979079
2005,"EGOA","Walleye pollock juvenile",0.0442034085407461,0.589819462979079
2007,"EGOA","Arrowtooth flounder adult",2.77886746477345,0.675991785925333
2007,"EGOA","Arrowtooth flounder juvenile",0.00527806567959409,0.675991785925333
2007,"EGOA","Big skate",0.109545333237416,0.807472073690462
2007,"EGOA","Chinook (king) salmon",0.0101059191110757,1.30911037203651
2007,"EGOA","Chum (dog) salmon",0.00259886371253051,1.61383668377333
2007,"EGOA","Coho (silver) salmon",0.00167723598606069,1.69299322391518
2007,"EGOA","Deep-water flatfish",0.302712649009508,0.378668285326098
2007,"EGOA","Demersal shelf rockfish",0.0686801650358013,1.2235929071766
2007,"EGOA","Flathead sole adult",0.296063876053212,0.760222195847681
2007,"EGOA","Flathead sole juvenile",0.0019315476640427,0.760222195847681
2007,"EGOA","Gelatinous carnivores",0.0525771714676177,0.490244672895966
2007,"EGOA","Infauna",0.00305271693565863,1.16379300045688
2007,"EGOA","Large sculpins",0.00147086342984846,2.23238724502181
2007,"EGOA","Lingcod",0.296832067315276,0.861595103974588
2007,"EGOA","Longnose skate",0.0910290519130023,0.657527782629552
2007,"EGOA","Miscellaneous deep-sea fish",0.000508257038803529,0.506582399881627
2007,"EGOA","Motile epifauna",0.0258130367951897,0.305189860276455
2007,"EGOA","Mysids",1.09848705368518e-06,0.437794936304703
2007,"EGOA","Octopus",0.000403186758525568,0.91956972326587
2007,"EGOA","Other gelatinous zooplankton",0.00340966023322748,2.80804323193005
2007,"EGOA","Other skates",0.0100754313316234,0.786925442715854
2007,"EGOA","Pacific capelin",0.00147175809394942,1.23674553732718
2007,"EGOA","Pacific cod adult",0.0906765659224626,0.618930185084602
2007,"EGOA","Pacific cod juvenile",0.0113516756778106,0.618930185084602
2007,"EGOA","Pacific dogfish",1.58689979352614,0.935638660532218
2007,"EGOA","Pacific hake",0.305705339380065,0.465147708457193
2007,"EGOA","Pacific halibut adult",1.27328379158128,1.01936702577034
2007,"EGOA","Pacific halibut juvenile",0.000517687882572502,1.01936702577034
2007,"EGOA","Pacific herring",0.349528552227265,1.46701456658314
2007,"EGOA","Pacific ocean perch adult",1.76440667866298,0.750606948589735
2007,"EGOA","Pacific ocean perch juvenile",0.0114133445519895,0.750606948589735
2007,"EGOA","Pandalid shrimp",0.0166212583815302,0.551863349223022
2007,"EGOA","Pelagic shelf rockfish",0.125948909976756,0.996427437203027
2007,"EGOA","Pink (humpback) salmon",0.0029784670014207,1.0268109184441
2007,"EGOA","Rex sole adult",0.181255803182023,0.481341191173347
2007,"EGOA","Rex sole juvenile",0.00260802846556637,0.481341191173347
2007,"EGOA","Sablefish adult",0.527694051138723,0.241907497133203
2007,"EGOA","Sablefish juvenile",0.00564976063053691,0.241907497133203
2007,"EGOA","Salmon shark",0.144768788142419,1.63366378087393
2007,"EGOA","Sessile epifauna",0.0656906765506096,1.03519293100601
2007,"EGOA","Shallow-water flatfish",0.457403376974753,0.835878483135195
2007,"EGOA","Shelf demersal fish",0.423777252833653,1.03458519123729
2007,"EGOA","Shelf forage fish",0.115551723144561,0.452267826433879
2007,"EGOA","Slope demersal fish",0.434032453970232,0.491190761644102
2007,"EGOA","Slope forage fish",0.00286323051472366,0.374535905152401
2007,"EGOA","Slope rockfish",1.21108901480147,0.523293682350562
2007,"EGOA","Sockeye (red) salmon",5.01590908530008e-05,3.60555127546399
2007,"EGOA","Squid",0.0180919926256973,1.22631584604781
2007,"EGOA","Tanner crab",0.00240246187721659,0.330169142938481
2007,"EGOA","Thornyheads",0.435198749471329,0.199800153436809
2007,"EGOA","Walleye pollock adult",0.497164199707125,1.03428185336913
2007,"EGOA","Walleye pollock juvenile",0.0522570748680105,1.03428185336913
2009,"EGOA","Arrowtooth flounder adult",3.32907603984193,0.651810483961531
2009,"EGOA","Arrowtooth flounder juvenile",0.0127310970314653,0.651810483961531
2009,"EGOA","Big skate",0.129331980246297,0.973661930565973
2009,"EGOA","Chinook (king) salmon",0.00659612044435107,1.73085235080136
2009,"EGOA","Chum (dog) salmon",0.00248610438311846,2.23953743456338
2009,"EGOA","Coho (silver) salmon",0.000732447862475629,2.79030182334009
2009,"EGOA","Deep-water flatfish",0.415896320881018,0.380405401373992
2009,"EGOA","Demersal shelf rockfish",0.0306853342704005,0.798807177536716
2009,"EGOA","Flathead sole adult",0.188525947211435,1.06987659281938
2009,"EGOA","Flathead sole juvenile",0.00330625813478309,1.06987659281938
2009,"EGOA","Gelatinous carnivores",0.212979962817984,0.379281777628448
2009,"EGOA","Infauna",0.00248947754448142,0.967098937166305
2009,"EGOA","King crab",0.000295435029498125,1
2009,"EGOA","Large sculpins",0.00427941424292735,2.21792998429677
2009,"EGOA","Lingcod",0.3741736592156,0.738187488688862
2009,"EGOA","Longnose skate",0.116236113025227,0.548045832466158
2009,"EGOA","Miscellaneous deep-sea fish",0.000135744437507327,0.307949001777395
2009,"EGOA","Motile epifauna",0.0512766204195387,0.470810067690611
2009,"EGOA","Octopus",0.000853944732368163,0.815033489479225
2009,"EGOA","Other gelatinous zooplankton",7.96814359378504e-05,1.24735562996272
2009,"EGOA","Other skates",0.00903068203587134,0.930576692456794
2009,"EGOA","Pacific capelin",0.00130957433056299,1.29531611134972
2009,"EGOA","Pacific cod adult",0.165195274919693,0.635736701379433
2009,"EGOA","Pacific cod juvenile",0.00119681293197515,0.635736701379433
2009,"EGOA","Pacific dogfish",0.19399945568657,0.477587419382478
2009,"EGOA","Pacific hake",0.564545764041379,2.65163479235938
2009,"EGOA","Pacific halibut adult",1.26665572853771,0.824180191518675
2009,"EGOA","Pacific halibut juvenile",0.0013022224481301,0.824180191518675
2009,"EGOA","Pacific herring",0.10151840566598,2.10687769583457
2009,"EGOA","Pacific ocean perch adult",1.84026734296066,0.981813963769701
2009,"EGOA","Pacific ocean perch juvenile",0.0393886454715947,0.981813963769701
2009,"EGOA","Pacific sandlance",1.68855360726425e-05,2.94321896243343
2009,"EGOA","Pandalid shrimp",0.0249667824975379,1.11143112433753
2009,"EGOA","Pelagic shelf rockfish",0.33538446631906,1.63530553199573
2009,"EGOA","Pink (humpback) salmon",0.000489745324543944,2.30855240747637
2009,"EGOA","Rex sole adult",0.266931121346803,0.681217637491768
2009,"EGOA","Rex sole juvenile",0.00141236541348646,0.681217637491767
2009,"EGOA","Sablefish adult",0.69433471700889,0.21664419478707
2009,"EGOA","Sablefish juvenile",0.0490274296731898,0.21664419478707
2009,"EGOA","Sessile epifauna",0.129206834521483,0.963440271495031
2009,"EGOA","Shallow-water flatfish",0.262922071875128,0.728720680374124
2009,"EGOA","Shelf demersal fish",0.443870513517321,1.4360672627916
2009,"EGOA","Shelf forage fish",0.14986784582715,0.701902837823308
2009,"EGOA","Slope demersal fish",0.298551993755182,0.137212314787136
2009,"EGOA","Slope forage fish",0.00298697824990485,0.202375897370405
2009,"EGOA","Slope rockfish",0.755987888861234,0.433098011363908
2009,"EGOA","Sockeye (red) salmon",0.000798885122145086,3.16227766016838
2009,"EGOA","Squid",0.0166804900300476,0.678219188089792
2009,"EGOA","Tanner crab",0.00432533708681816,0.550969040533802
2009,"EGOA","Thornyheads",0.391915616969513,0.11091410375657
2009,"EGOA","Walleye pollock adult",0.515409382633653,0.623507790461599
2009,"EGOA","Walleye pollock juvenile",0.136223399070384,0.623507790461599
2011,"EGOA","Arrowtooth flounder adult",4.06262523503793,0.608187329357364
2011,"EGOA","Arrowtooth flounder juvenile",0.00348539453387242,0.608187329357364
2011,"EGOA","Big skate",0.467759222297689,1.61295892094905
2011,"EGOA","Chinook (king) salmon",0.0192749890679187,1.35442276081637
2011,"EGOA","Chum (dog) salmon",0.00259620192015857,1.64956966640675
2011,"EGOA","Coho (silver) salmon",0.00277144143015593,1.39926575352039
2011,"EGOA","Deep-water flatfish",0.483255784441359,0.355499544712566
2011,"EGOA","Demersal shelf rockfish",0.371213487114857,2.05914592006125
2011,"EGOA","Flathead sole adult",0.36416783587452,0.896380892275242
2011,"EGOA","Flathead sole juvenile",0.00142901323347656,0.896380892275242
2011,"EGOA","Gelatinous carnivores",0.0554945444929479,1.73318439328901
2011,"EGOA","Infauna",0.000794248472438842,0.94419956596546
2011,"EGOA","Large sculpins",0.00481430290399033,2.15483052843837
2011,"EGOA","Lingcod",0.17716082300163,0.452199280690261
2011,"EGOA","Longnose skate",0.109835660374188,0.488063322540205
2011,"EGOA","Miscellaneous deep-sea fish",0.000148400341353222,0.484053044260247
2011,"EGOA","Motile epifauna",0.0551321710714109,0.409312319026964
2011,"EGOA","Octopus",0.000902147656460134,0.554976716507482
2011,"EGOA","Other gelatinous zooplankton",0.000621368208492997,0.747551025823464
2011,"EGOA","Other skates",0.02177910188371,0.953790915106121
2011,"EGOA","Pacific capelin",0.00231950873994405,2.12878740317365
2011,"EGOA","Pacific cod adult",0.198417434182467,0.456122149552762
2011,"EGOA","Pacific cod juvenile",0.00340670327272575,0.456122149552762
2011,"EGOA","Pacific dogfish",0.29817021495818,0.724486313469744
2011,"EGOA","Pacific hake",0.0385429943620145,0.854983167365845
2011,"EGOA","Pacific halibut adult",0.420639891131807,0.525437179153754
2011,"EGOA","Pacific herring",0.0520023070378151,1.1973724667608
2011,"EGOA","Pacific ocean perch adult",1.63309712299922,0.659618799658683
2011,"EGOA","Pacific ocean perch juvenile",0.0214129212547595,0.659618799658683
2011,"EGOA","Pandalid shrimp",0.0400920987853595,0.896792877989841
2011,"EGOA","Pelagic shelf rockfish",0.151753655172075,2.25776891413418
2011,"EGOA","Pink (humpback) salmon",0.00344404840952116,1.35551247543632
2011,"EGOA","Rex sole adult",0.218511653717556,0.323485979566235
2011,"EGOA","Rex sole juvenile",0.000648269337234862,0.323485979566235
2011,"EGOA","Sablefish adult",0.520406138189452,0.46469444016534
2011,"EGOA","Sablefish juvenile",0.0104271736838913,0.46469444016534
2011,"EGOA","Sessile epifauna",0.0450442322936064,1.33216373529452
2011,"EGOA","Shallow-water flatfish",0.542480584899218,0.603690811669944
2011,"EGOA","Shelf demersal fish",0.516864367831978,0.777018260205054
2011,"EGOA","Shelf forage fish",0.270065047222992,0.872987126981243
2011,"EGOA","Slope demersal fish",0.224739307610703,0.232167388136092
2011,"EGOA","Slope forage fish",0.00821174408533029,0.636712537202719
2011,"EGOA","Slope rockfish",1.69385326918303,0.85294495683938
2011,"EGOA","Squid",0.0214540505273682,0.651155062225454
2011,"EGOA","Tanner crab",0.00208944972182644,0.814413678112784
2011,"EGOA","Thornyheads",0.357205455868928,0.174781045665784
2011,"EGOA","Walleye pollock adult",0.712273866123327,0.597131831768525
2011,"EGOA","Walleye pollock juvenile",0.132413136493987,0.597131831768525
2013,"EGOA","Arrowtooth flounder adult",3.76188776795076,0.367878724651479
2013,"EGOA","Arrowtooth flounder juvenile",0.00559517366092908,0.367878724651479
2013,"EGOA","Big skate",0.17374308376113,1.17737976490363
2013,"EGOA","Chinook (king) salmon",0.0196751858084167,1.1554332835642
2013,"EGOA","Chum (dog) salmon",0.0485492301760401,1.2519872045337
2013,"EGOA","Coho (silver) salmon",0.00419312273195323,1.34049488741144
2013,"EGOA","Deep-water flatfish",0.687511429777198,0.723540346645931
2013,"EGOA","Demersal shelf rockfish",0.144700111268851,1.48497698366479
2013,"EGOA","Flathead sole adult",0.207976779451304,0.642467267555454
2013,"EGOA","Flathead sole juvenile",0.00365302000497487,0.642467267555454
2013,"EGOA","Gelatinous carnivores",0.0759901552672958,0.326620363765228
2013,"EGOA","Infauna",0.00475143516422108,0.712667975916628
2013,"EGOA","Large sculpins",0.00100201612038664,1.60026609960119
2013,"EGOA","Lingcod",0.258562272923087,1.2691998567248
2013,"EGOA","Longnose skate",0.165219421767399,0.394635515445359
2013,"EGOA","Miscellaneous deep-sea fish",0.000122741734699528,0.556932102682653
2013,"EGOA","Motile epifauna",0.105168019031012,0.292361036125012
2013,"EGOA","Octopus",0.00143109594103491,0.769740512497922
2013,"EGOA","Other gelatinous zooplankton",0.000920625948104653,1.09950792521673
2013,"EGOA","Other skates",0.0262513229773064,1.05871498410598
2013,"EGOA","Pacific capelin",0.00498912281150764,1.40243944937675
2013,"EGOA","Pacific cod adult",0.138440439008351,0.394799657310788
2013,"EGOA","Pacific cod juvenile",0.00742862219662586,0.394799657310788
2013,"EGOA","Pacific dogfish",1.65272462560578,1.11391713318046
2013,"EGOA","Pacific hake",0.0217433433515072,0.777532179230579
2013,"EGOA","Pacific halibut adult",1.26694115201417,1.12725994249949
2013,"EGOA","Pacific herring",0.649111668470997,1.90046468333257
2013,"EGOA","Pacific ocean perch adult",2.97421769295565,1.06411277713991
2013,"EGOA","Pacific ocean perch juvenile",0.0121320071743649,1.06411277713991
2013,"EGOA","Pandalid shrimp",0.0142557675842113,0.484609198274604
2013,"EGOA","Pelagic shelf rockfish",0.509868019754811,2.04473727099231
2013,"EGOA","Pink (humpback) salmon",0.014697485071057,0.824088997613603
2013,"EGOA","Rex sole adult",0.267629103292705,0.512525576148076
2013,"EGOA","Rex sole juvenile",0.00118992262865422,0.512525576148076
2013,"EGOA","Sablefish adult",0.390650785939815,0.365732131312113
2013,"EGOA","Sablefish juvenile",0.0039830128940766,0.365732131312113
2013,"EGOA","Sessile epifauna",0.0780042887777187,0.583038318418929
2013,"EGOA","Shallow-water flatfish",0.257535122857534,0.797094204639116
2013,"EGOA","Shelf demersal fish",0.200063342627785,0.895135089702557
2013,"EGOA","Shelf forage fish",0.115496890338026,0.391618525725228
2013,"EGOA","Slope demersal fish",0.390243659541635,0.452697478780381
2013,"EGOA","Slope forage fish",0.00463424415953434,0.34817804544617
2013,"EGOA","Slope rockfish",1.27624303277534,0.483429150686708
2013,"EGOA","Squid",0.031595011310862,0.534259377887311
2013,"EGOA","Tanner crab",0.00390685771565927,0.592390500645932
2013,"EGOA","Thornyheads",0.340150816373812,0.208985564242923
2013,"EGOA","Walleye pollock adult",0.781496945863273,0.493372797251611
2013,"EGOA","Walleye pollock juvenile",0.253648598134956,0.493372797251611
2015,"EGOA","Arrowtooth flounder adult",5.98410541741207,0.447188771687225
2015,"EGOA","Arrowtooth flounder juvenile",0.00681312245236183,0.447188771687225
2015,"EGOA","Big skate",0.147357188394196,1.68866242842702
2015,"EGOA","Chinook (king) salmon",0.0157466915588841,1.38693516353763
2015,"EGOA","Chum (dog) salmon",0.022221118767256,0.938488212595201
2015,"EGOA","Coho (silver) salmon",0.00386317987845054,1.70228401711721
2015,"EGOA","Deep-water flatfish",0.383668291419512,0.281908466771414
2015,"EGOA","Demersal shelf rockfish",0.158659891838935,2.4631748742765
2015,"EGOA","Flathead sole adult",0.285266727070855,0.391926492552878
2015,"EGOA","Flathead sole juvenile",0.00432065047725217,0.391926492552878
2015,"EGOA","Gelatinous carnivores",0.12288896355373,0.316179666720139
2015,"EGOA","Infauna",0.00273150661365612,1.14298253738338
2015,"EGOA","King crab",4.91308275964001e-05,0.942888584146443
2015,"EGOA","Large sculpins",0.0039361721991352,1.43893637409213
2015,"EGOA","Lingcod",0.195249055940745,0.890990266791186
2015,"EGOA","Longnose skate",0.0818351835070236,0.561764043916936
2015,"EGOA","Miscellaneous deep-sea fish",0.000365183291097247,0.270145873834413
2015,"EGOA","Motile epifauna",0.0375219922496523,0.345451088286226
2015,"EGOA","Octopus",0.00426093538438611,2.07831294177919
2015,"EGOA","Other gelatinous zooplankton",0.000463582953714889,1.77246409193569
2015,"EGOA","Other skates",0.0150962316570467,0.98607788816945
2015,"EGOA","Pacific capelin",0.00100162030686793,1.53881378959588
2015,"EGOA","Pacific cod adult",0.277886155232697,0.989414908041863
2015,"EGOA","Pacific cod juvenile",0.00422150067250647,0.989414908041863
2015,"EGOA","Pacific dogfish",0.386600542352336,0.927211803254139
2015,"EGOA","Pacific hake",0.225992019393535,1.94236834840407
2015,"EGOA","Pacific halibut adult",0.714036096660885,0.474744982790542
2015,"EGOA","Pacific halibut juvenile",7.23924902699489e-05,0.474744982790542
2015,"EGOA","Pacific herring",0.530054319666964,1.88043549265378
2015,"EGOA","Pacific ocean perch adult",2.88015337787023,0.637771736090198
2015,"EGOA","Pacific ocean perch juvenile",0.0158683511882768,0.637771736090198
2015,"EGOA","Pandalid shrimp",0.0345228355853554,0.874067255835042
2015,"EGOA","Pelagic shelf rockfish",0.0364975523839852,1.02085813196498
2015,"EGOA","Pink (humpback) salmon",0.00028905524761698,3.32524932827521
2015,"EGOA","Rex sole adult",0.263068436451795,0.608971053420993
2015,"EGOA","Rex sole juvenile",0.000593726753045788,0.608971053420993
2015,"EGOA","Sablefish adult",0.623092075141861,0.235964227685978
2015,"EGOA","Sablefish juvenile",0.0772300279498811,0.235964227685978
2015,"EGOA","Salmon shark",0.00943043646123146,2.82842712474619
2015,"EGOA","Sessile epifauna",0.044804227800488,0.578987546802984
2015,"EGOA","Shallow-water flatfish",0.354495287392415,0.632273934869072
2015,"EGOA","Shelf demersal fish",0.448286713471083,1.00573436168156
2015,"EGOA","Shelf forage fish",0.180109019370007,0.818106935902688
2015,"EGOA","Slope demersal fish",1.17287042136517,0.251027048268884
2015,"EGOA","Slope forage fish",0.00825875433182553,0.269194323803854
2015,"EGOA","Slope rockfish",1.68380414955886,0.624791698117522
2015,"EGOA","Squid",0.0184068933792635,0.371207853302247
2015,"EGOA","Tanner crab",0.0151088927182615,1.83745692985332
2015,"EGOA","Thornyheads",0.386816574703897,0.184693556378999
2015,"EGOA","Walleye pollock adult",0.7283381571414,0.545218415235095
2015,"EGOA","Walleye pollock juvenile",0.0258705420501953,0.545218415235095
2017,"EGOA","Arrowtooth flounder adult",2.61171847400918,0.522514051565843
2017,"EGOA","Arrowtooth flounder juvenile",0.00526645436358228,0.522514051565843
2017,"EGOA","Big skate",0.0664453537582712,1.1901676635485
2017,"EGOA","Chinook (king) salmon",0.0167332876437012,1.42660658715029
2017,"EGOA","Chum (dog) salmon",0.000894841281275205,2.44948974278318
2017,"EGOA","Coho (silver) salmon",0.000469538747487264,2.49868028872238
2017,"EGOA","Deep-water flatfish",0.440929337787029,0.497329880978345
2017,"EGOA","Demersal shelf rockfish",0.0423471911232071,0.846484571703872
2017,"EGOA","Flathead sole adult",0.169255649370883,0.76352540758546
2017,"EGOA","Flathead sole juvenile",0.000770700442135399,0.76352540758546
2017,"EGOA","Gelatinous carnivores",0.0659260967959371,0.59113285711927
2017,"EGOA","Infauna",0.00430590185395218,1.57439201407809
2017,"EGOA","King crab",2.38634707158153e-05,1.73205080756888
2017,"EGOA","Large sculpins",0.00193042446502696,2.44948974278318
2017,"EGOA","Lingcod",0.18990653676884,0.547564432403567
2017,"EGOA","Longnose skate",0.0956355048848704,0.578342724370316
2017,"EGOA","Miscellaneous deep-sea fish",0.000433540709342646,0.633170049647854
2017,"EGOA","Motile epifauna",0.0585409205827491,0.530696665949256
2017,"EGOA","Octopus",0.000436897867774575,1.82343389709253
2017,"EGOA","Other gelatinous zooplankton",0.0146334517072643,0.526683084549122
2017,"EGOA","Other skates",0.0177664465905693,1.20118794130103
2017,"EGOA","Pacific capelin",5.2118170944102e-05,1.30289951229587
2017,"EGOA","Pacific cod adult",0.0902121902544211,0.906913792769481
2017,"EGOA","Pacific cod juvenile",0.00101269986066642,0.906913792769481
2017,"EGOA","Pacific dogfish",0.311993430158351,0.781369149474411
2017,"EGOA","Pacific hake",0.00573341799256745,0.674028038053865
2017,"EGOA","Pacific halibut adult",0.75502371696338,0.453483813353541
2017,"EGOA","Pacific halibut juvenile",5.71762822994266e-05,0.453483813353541
2017,"EGOA","Pacific herring",0.356723102832414,1.68181307294002
2017,"EGOA","Pacific ocean perch adult",4.03317752976762,0.69294588326217
2017,"EGOA","Pacific ocean perch juvenile",0.00657918128399329,0.69294588326217
2017,"EGOA","Pandalid shrimp",0.0294702179378362,0.65250911828055
2017,"EGOA","Pelagic shelf rockfish",0.0309303931353968,0.547259714959007
2017,"EGOA","Pink (humpback) salmon",0.00918154322083012,2.07432728471117
2017,"EGOA","Rex sole adult",0.237280343998402,0.432581899161836
2017,"EGOA","Rex sole juvenile",0.00149068208653224,0.432581899161836
2017,"EGOA","Sablefish adult",0.375939039325859,0.319225060987143
2017,"EGOA","Sablefish juvenile",0.100061211400916,0.319225060987143
2017,"EGOA","Sessile epifauna",0.210820526904668,2.05602862880568
2017,"EGOA","Shallow-water flatfish",0.295846146916059,0.76932475626807
2017,"EGOA","Shelf demersal fish",0.327174208924441,0.44349302249925
2017,"EGOA","Shelf forage fish",0.0632264528383958,0.665626347857844
2017,"EGOA","Slope demersal fish",0.290401089378412,0.321030125283463
2017,"EGOA","Slope forage fish",0.00346675105000771,0.316677190426572
2017,"EGOA","Slope rockfish",1.21836183656225,0.572836887008641
2017,"EGOA","Squid",0.0136608425050471,0.478532873624435
2017,"EGOA","Tanner crab",0.0034190004458494,0.962987681687189
2017,"EGOA","Thornyheads",0.395390907287449,0.261319625918979
2017,"EGOA","Walleye pollock adult",0.145007900814645,0.981072788930203
2017,"EGOA","Walleye pollock juvenile",0.242743249887748,0.981072788930203
2019,"EGOA","Arrowtooth flounder adult",2.53469882315997,0.449020055651315
2019,"EGOA","Arrowtooth flounder juvenile",0.00486411148798606,0.449020055651315
2019,"EGOA","Big skate",0.151710568411523,0.683944501657859
2019,"EGOA","Chinook (king) salmon",0.0183070966701637,0.947795759614358
2019,"EGOA","Chum (dog) salmon",0.000523138271962342,1.41421356237309
2019,"EGOA","Coho (silver) salmon",0.00248375020902064,1.26533031396347
2019,"EGOA","Deep-water flatfish",0.382316911336067,0.428615081910223
2019,"EGOA","Demersal shelf rockfish",0.0661228480949158,1.48945235579307
2019,"EGOA","Flathead sole adult",0.282342070843668,0.590827642685432
2019,"EGOA","Flathead sole juvenile",0.00919162476046009,0.590827642685432
2019,"EGOA","Gelatinous carnivores",0.99223506305725,0.26934315150189
2019,"EGOA","Infauna",0.00178983143969811,1.65578531650105
2019,"EGOA","Large sculpins",0.00235176847026,1.03291918002105
2019,"EGOA","Lingcod",0.145872317761032,0.451088197777045
2019,"EGOA","Longnose skate",0.0862685690629067,0.44471240939108
2019,"EGOA","Miscellaneous deep-sea fish",0.000144978743704699,0.21946816345819
2019,"EGOA","Motile epifauna",0.060986643781716,0.763878910949007
2019,"EGOA","Octopus",0.000325297080044277,1.31372494744546
2019,"EGOA","Other gelatinous zooplankton",0.00407007606245283,1.14069215207037
2019,"EGOA","Other skates",0.0064829085228708,1.04219644983543
2019,"EGOA","Pacific capelin",0.00157972960962008,1.3538416708948
2019,"EGOA","Pacific cod adult",0.108567724766481,0.522076526012117
2019,"EGOA","Pacific cod juvenile",0.00644343310786349,0.522076526012117
2019,"EGOA","Pacific dogfish",0.100287781353204,0.649618050034359
2019,"EGOA","Pacific hake",0.195598987875736,1.70601778472413
2019,"EGOA","Pacific halibut adult",0.682978478578874,0.798184236968731
2019,"EGOA","Pacific halibut juvenile",1.57788201917985e-05,0.798184236968731
2019,"EGOA","Pacific herring",0.764447750423794,2.45208794027638
2019,"EGOA","Pacific ocean perch adult",2.65280242338932,0.412220469480271
2019,"EGOA","Pacific ocean perch juvenile",0.102787100204301,0.412220469480271
2019,"EGOA","Pacific sleeper shark",7.90866349117677e-06,2.44948974278318
2019,"EGOA","Pandalid shrimp",0.0471585732455704,0.882343630620425
2019,"EGOA","Pelagic shelf rockfish",0.139562197257364,0.873181634178942
2019,"EGOA","Pink (humpback) salmon",5.31236678991125e-05,2.23606797749979
2019,"EGOA","Rex sole adult",0.280029968470328,0.431758467850484
2019,"EGOA","Rex sole juvenile",0.00439044040306888,0.431758467850484
2019,"EGOA","Sablefish adult",0.568956482815225,0.198718991188684
2019,"EGOA","Sablefish juvenile",0.0239040993332397,0.198718991188684
2019,"EGOA","Sessile epifauna",0.10185455503612,1.73150958345256
2019,"EGOA","Shallow-water flatfish",0.242845937149998,0.862720778146971
2019,"EGOA","Shelf demersal fish",0.281638078940444,1.15621024549735
2019,"EGOA","Shelf forage fish",0.128861697350177,0.660462207070778
2019,"EGOA","Slope demersal fish",0.246480714882331,0.0844306755523069
2019,"EGOA","Slope forage fish",0.0122217472285257,0.557830431132785
2019,"EGOA","Slope rockfish",1.12356299421391,0.426528625171934
2019,"EGOA","Squid",0.0170280212459527,0.529178097329112
2019,"EGOA","Tanner crab",0.00449729164782289,1.52568610714574
2019,"EGOA","Thornyheads",0.314998190912572,0.294832048606234
2019,"EGOA","Walleye pollock adult",0.650021776536473,0.605060596080882
2019,"EGOA","Walleye pollock juvenile",0.0594617818964056,0.605060596080882
2021,"EGOA","Arrowtooth flounder adult",1.74550660369091,0.38651965832467
2021,"EGOA","Arrowtooth flounder juvenile",0.00408332997000629,0.38651965832467
2021,"EGOA","Big skate",0.0996671873000948,1.37118615883728
2021,"EGOA","Chinook (king) salmon",0.0317753181899158,0.960916118613304
2021,"EGOA","Chum (dog) salmon",0.0178353454544258,1.28866961315303
2021,"EGOA","Coho (silver) salmon",3.51373032946459e-05,3
2021,"EGOA","Deep-water flatfish",0.333676259500554,0.404959980081278
2021,"EGOA","Demersal shelf rockfish",1.83904465843197,3.24509934374749
2021,"EGOA","Euphausiids",4.68341404405619e-07,3
2021,"EGOA","Flathead sole adult",0.348172895414268,0.717787066611408
2021,"EGOA","Flathead sole juvenile",0.00244898042534351,0.717787066611408
2021,"EGOA","Gelatinous carnivores",0.314676859281372,0.318169709073966
2021,"EGOA","Infauna",0.000689259369197467,1.1124787101661
2021,"EGOA","Large sculpins",0.00316587833962391,1.22286607231414
2021,"EGOA","Lingcod",0.252952535690846,0.617997666711577
2021,"EGOA","Longnose skate",0.076277054652864,0.661907707099015
2021,"EGOA","Miscellaneous deep-sea fish",0.000420131682548812,0.664898507321993
2021,"EGOA","Motile epifauna",0.0290868974500013,0.500306945077497
2021,"EGOA","Octopus",0.000205705341396847,1.27760473642873
2021,"EGOA","Other gelatinous zooplankton",0.00292491662635557,2.13611126948318
2021,"EGOA","Other skates",0.00659724574456432,1.00379297357721
2021,"EGOA","Pacific capelin",0.00379323072361424,1.61283706190754
2021,"EGOA","Pacific cod adult",0.275916894320185,0.732842956670053
2021,"EGOA","Pacific cod juvenile",0.0080981545310208,0.732842956670053
2021,"EGOA","Pacific dogfish",0.231085363146838,0.670871267186066
2021,"EGOA","Pacific hake",0.126122354733161,1.46940911713989
2021,"EGOA","Pacific halibut adult",1.12853873791734,0.880508730507672
2021,"EGOA","Pacific halibut juvenile",0.000120145302925269,0.880508730507672
2021,"EGOA","Pacific herring",0.20061338168215,1.3551913410211
2021,"EGOA","Pacific ocean perch adult",1.8482539704311,0.472218913783712
2021,"EGOA","Pacific ocean perch juvenile",0.0145051879221081,0.472218913783712
2021,"EGOA","Pandalid shrimp",0.043420227196984,0.549024014771316
2021,"EGOA","Pelagic shelf rockfish",0.025690390186223,1.06468917443983
2021,"EGOA","Pink (humpback) salmon",0.00078959923907598,1.84178356137316
2021,"EGOA","Rex sole adult",0.304499623615495,0.378858109514013
2021,"EGOA","Rex sole juvenile",0.00198411646816185,0.378858109514013
2021,"EGOA","Sablefish adult",0.568469563151666,0.328854468728569
2021,"EGOA","Sablefish juvenile",0.027246476084398,0.328854468728569
2021,"EGOA","Sessile epifauna",0.0232700850494588,1.21552109532452
2021,"EGOA","Shallow-water flatfish",0.339238518096786,0.686876657806052
2021,"EGOA","Shelf demersal fish",0.420797020147813,1.35228822178472
2021,"EGOA","Shelf forage fish",0.142657439404423,0.569857163227201
2021,"EGOA","Slope demersal fish",0.0503353239810513,0.449097508094993
2021,"EGOA","Slope forage fish",0.00264591801627603,0.416865398366983
2021,"EGOA","Slope rockfish",0.968067304781216,0.541710024036603
2021,"EGOA","Squid",0.019968952087541,0.51159325573196
2021,"EGOA","Tanner crab",0.00882473125154028,1.89759565489415
2021,"EGOA","Thornyheads",0.295357757016879,0.18372790263304
2021,"EGOA","Walleye pollock adult",0.552585187885982,0.46525439597845
2021,"EGOA","Walleye pollock juvenile",0.0746629606483632,0.46525439597845
2023,"EGOA","Arrowtooth flounder adult",3.37740521811829,0.594263519191401
2023,"EGOA","Arrowtooth flounder juvenile",0.00255424235214761,0.594263519191401
2023,"EGOA","Big skate",0.0382236072221868,0.751197764445089
2023,"EGOA","Chinook (king) salmon",0.0386509985228305,1.74085454249598
2023,"EGOA","Chum (dog) salmon",0.0158057646595119,0.858433668432111
2023,"EGOA","Coho (silver) salmon",0.00333299176990104,1.51481691429569
2023,"EGOA","Deep-water flatfish",0.356179911925544,0.406729236993372
2023,"EGOA","Demersal shelf rockfish",0.191710194929554,3.29277115697047
2023,"EGOA","Euphausiids",6.86241404050623e-07,2.36151043689465
2023,"EGOA","Flathead sole adult",0.262431772237488,0.966726031244314
2023,"EGOA","Flathead sole juvenile",0.00162682995630325,0.966726031244314
2023,"EGOA","Gelatinous carnivores",0.293800393717818,0.359525841918069
2023,"EGOA","Infauna",0.00166480675578405,1.26693186153266
2023,"EGOA","Large sculpins",0.000431029517521226,2.23606797749979
2023,"EGOA","Lingcod",0.354602932945318,0.872015708302034
2023,"EGOA","Longnose skate",0.0864733639377846,0.478497522064178
2023,"EGOA","Miscellaneous deep-sea fish",4.99904293960515e-05,0.496202733613716
2023,"EGOA","Motile epifauna",0.02387128827494,0.334436480455411
2023,"EGOA","Octopus",0.000613486726825937,2.48733265577119
2023,"EGOA","Other gelatinous zooplankton",0.00014061859674481,1.06161694414148
2023,"EGOA","Other skates",0.00677742472062831,1.39282550372351
2023,"EGOA","Pacific capelin",0.000564039060689612,1.53004990484273
2023,"EGOA","Pacific cod adult",0.270512294817609,0.791966515413185
2023,"EGOA","Pacific cod juvenile",0.00552213956568601,0.791966515413185
2023,"EGOA","Pacific dogfish",0.178667294595171,0.786867224793175
2023,"EGOA","Pacific hake",0.00330106894277558,2.31825924299453
2023,"EGOA","Pacific halibut adult",3.5493005949097,1.18000038727052
2023,"EGOA","Pacific halibut juvenile",2.47186597555435e-06,1.18000038727052
2023,"EGOA","Pacific herring",0.233438579823164,2.24008275504059
2023,"EGOA","Pacific ocean perch adult",9.3152488395168,0.796291621718397
2023,"EGOA","Pacific ocean perch juvenile",0.0388952267990345,0.796291621718397
2023,"EGOA","Pacific sleeper shark",0.000264241990971715,0.959519260374015
2023,"EGOA","Pandalid shrimp",0.0304849048376286,0.772212122891012
2023,"EGOA","Pelagic shelf rockfish",0.0721324862259118,0.920548847053361
2023,"EGOA","Pink (humpback) salmon",0.00296856191276664,1.02238270331632
2023,"EGOA","Rex sole adult",0.208517552417585,0.444812867236523
2023,"EGOA","Rex sole juvenile",0.00144762380743909,0.444812867236523
2023,"EGOA","Sablefish adult",0.586701561317977,0.23465566071426
2023,"EGOA","Sablefish juvenile",0.00706608554431762,0.23465566071426
2023,"EGOA","Sessile epifauna",0.0188233554357351,0.696063004206144
2023,"EGOA","Shallow-water flatfish",0.447328300808828,0.772984523042483
2023,"EGOA","Shelf demersal fish",0.175391165451017,0.651784976018235
2023,"EGOA","Shelf forage fish",0.146597314263593,0.644738396689056
2023,"EGOA","Slope demersal fish",0.11073188141531,0.249466133229678
2023,"EGOA","Slope forage fish",0.00270052989597026,0.528805324687316
2023,"EGOA","Slope rockfish",1.2208745104962,0.479552960632274
2023,"EGOA","Squid",0.0222343933560501,0.834985702689607
2023,"EGOA","Tanner crab",0.00565204220008514,2.65145067335854
2023,"EGOA","Thornyheads",0.288596621682776,0.220334260338978
2023,"EGOA","Walleye pollock adult",0.529613169378625,0.630222825592819
2023,"EGOA","Walleye pollock juvenile",0.129177780179955,0.630222825592819
