"year","model","race_group","bio_tons","bio_tkm2","var_bio_tons"
1990,"WGOA","Arrowtooth flounder",1726495.43346808,7.35401002797452,771924652956.903
1990,"WGOA","Atka mackerel",30255.6385024149,0.128873940026929,20383985270.006
1990,"WGOA","Big skate",10815.2983507195,0.0460677804209195,105797512.629389
1990,"WGOA","Deep-water flatfish",72757.8146320493,0.309912026435427,2041544109.17763
1990,"WGOA","Demersal shelf rockfish",758.937375420729,0.00323269495027709,1908485.48411514
1990,"WGOA","Flathead sole",219996.370083711,0.937074886125681,10471534827.5
1990,"WGOA","Gelatinous carnivores",49177.7236027152,0.209472591422301,457433692.14443
1990,"WGOA","Infauna",604.736957717165,0.00257587802732005,890593.717019674
1990,"WGOA","King crab",686.797069563571,0.00292541320344442,3322762.63843699
1990,"WGOA","Large sculpins",25470.0919642395,0.10848989698293,415683115.931292
1990,"WGOA","Lingcod",843.486657385587,0.0035928327504557,3593424.98204065
1990,"WGOA","Longnose skate",9752.92321519591,0.0415425918518321,75039999.0958113
1990,"WGOA","MISC_NA",1547.74927285494,0.00659264047429406,15777617.2347825
1990,"WGOA","MISC_SHELLS",1262.30177867985,0.00537677642164081,2334975.84882213
1990,"WGOA","Miscellaneous deep-sea fish",126.465946994109,0.000538681901129492,131867.830865823
1990,"WGOA","Motile epifauna",15149.4386465675,0.0645290578621747,428188489.91453
1990,"WGOA","Nonpandalid shrimp",246.869347341956,0.001051540375236,139620.316578048
1990,"WGOA","Octopus",976.780220464715,0.00416059689309192,3067496.76608793
1990,"WGOA","Other gelatinous zooplankton",541.549235780745,0.00230672982584936,1319731.34043802
1990,"WGOA","Other skates",13311.8592715181,0.0567018856094414,133857286.263493
1990,"WGOA","Pacific capelin",136.127265585259,0.000579834302940401,58158.1005828354
1990,"WGOA","Pacific cod",391063.504364483,1.665735615005,23872135105.143
1990,"WGOA","Pacific dogfish",15696.2471651609,0.0668581896114784,302934803.045211
1990,"WGOA","Pacific halibut",299520.903757133,1.27580976301417,7424223300.43399
1990,"WGOA","Pacific herring",9529.910415876,0.0405926684806066,397586157.767765
1990,"WGOA","Pacific ocean perch",55616.8203491859,0.236899934192344,5378642310.31159
1990,"WGOA","Pacific sandlance",62.4722467838818,0.000266100633927486,6752.88038069646
1990,"WGOA","Pacific sleeper shark",1478.47595817656,0.00629757068091933,13349675.4206572
1990,"WGOA","Pandalid shrimp",7657.53435584661,0.0326172796931968,20849972.0746001
1990,"WGOA","Pelagic shelf rockfish",20195.9932249412,0.0860248650659807,815176199.124928
1990,"WGOA","Rex sole",81911.1667261593,0.348900744149235,1648167029.08129
1990,"WGOA","Sablefish",190565.882281203,0.811715676809342,23771077193.6824
1990,"WGOA","Salmon returning",1400.50131257153,0.0059654375547081,2490141.28860386
1990,"WGOA","Salmon shark",9811.93731780798,0.0417939625151934,250703279.199102
1990,"WGOA","Sessile epifauna",50040.0036560006,0.213145474672299,17977761451.9791
1990,"WGOA","Shallow-water flatfish",240893.0496884,1.02608432593379,14977476127.9549
1990,"WGOA","Shelf demersal fish",13288.3171328223,0.0566016078324529,33204607.9046415
1990,"WGOA","Shelf forage fish",20022.5491942389,0.0852860799430366,266011400.136252
1990,"WGOA","Slope demersal fish",21005.5206912531,0.0894730485883777,486686059.781734
1990,"WGOA","Slope forage fish",17.2943474197662,7.36653001721291e-05,300.943775612078
1990,"WGOA","Slope rockfish",166165.809541489,0.707783528404685,31413604748.1996
1990,"WGOA","Squid",3084.12396295681,0.0131368308953713,6616256.45532798
1990,"WGOA","Tanner crab",1486.74598478889,0.0063327968723472,589500.710194157
1990,"WGOA","Thornyheads",7619.87798722405,0.0324568823315246,18327603.8218557
1990,"WGOA","Walleye pollock",783207.648739109,3.33607421784139,189841950688.203
1993,"WGOA","Arrowtooth flounder",1331600.77454685,5.67195560407906,257534238484.923
1993,"WGOA","Atka mackerel",21751.8689491406,0.0926521201726221,3910749291.33258
1993,"WGOA","Big skate",23896.9862564368,0.101789250733894,349866446.604302
1993,"WGOA","Deep-water flatfish",45893.7924775414,0.195484681603626,250977251.551513
1993,"WGOA","Demersal shelf rockfish",1750.72265763021,0.00745720592758973,3024348.81215533
1993,"WGOA","Flathead sole",171735.888724486,0.731509289489435,8157927991.69829
1993,"WGOA","Gelatinous carnivores",6464.08448070395,0.0275337780635087,11712318.1898605
1993,"WGOA","Infauna",2875.55661810737,0.0122484379602972,52170673.7693943
1993,"WGOA","King crab",505.451986529539,0.00215297353560397,929788.918363916
1993,"WGOA","Large sculpins",23477.86681059,0.100004010791797,240501327.129532
1993,"WGOA","Lingcod",2763.01555140091,0.0117690691087643,15652989.43193
1993,"WGOA","Longnose skate",14263.5745131689,0.0607557181856546,93021990.8619897
1993,"WGOA","MISC_NA",209.682531563021,0.000893143074643442,198821.318435389
1993,"WGOA","MISC_SHELLS",2095.96594143752,0.00892777024070223,11386024.2469758
1993,"WGOA","Miscellaneous deep-sea fish",14.5832371886008,6.21173218569561e-05,890.52808662834
1993,"WGOA","Motile epifauna",16748.1330330908,0.0713386991286696,139072346.663943
1993,"WGOA","Nonpandalid shrimp",18.1494896234263,7.73077797403651e-05,247.510297913107
1993,"WGOA","Octopus",1154.39541353048,0.00491714908871661,2622075.57523195
1993,"WGOA","Other gelatinous zooplankton",19.3592508384183,8.24607595479252e-05,1714.70834276179
1993,"WGOA","Other skates",4724.5116458209,0.0201240648235353,15781524.3435929
1993,"WGOA","Pacific capelin",46.596891475532,0.000198479532896974,2229.66420429286
1993,"WGOA","Pacific cod",385313.771888424,1.64124462043447,64596054566.0352
1993,"WGOA","Pacific dogfish",7732.22573650115,0.0329354277471615,117363215.161573
1993,"WGOA","Pacific halibut",530410.956905419,2.25928630937334,64714524769.1829
1993,"WGOA","Pacific herring",3579.35028932829,0.0152462482153681,112219933.427354
1993,"WGOA","Pacific ocean perch",332041.692986586,1.4143321161435,108869120971.899
1993,"WGOA","Pacific sandlance",2.35732159370471,1.00410150546662e-05,21.3686769578604
1993,"WGOA","Pacific sleeper shark",7501.55886367592,0.0319529018377412,458820057.571325
1993,"WGOA","Pandalid shrimp",5031.77695108996,0.0214328618770313,6824519.05778352
1993,"WGOA","Pelagic shelf rockfish",48638.124756399,0.207174169283459,6054424622.64314
1993,"WGOA","Rex sole",66070.3655974011,0.281426826701314,767349306.764132
1993,"WGOA","Sablefish",208738.225648444,0.889120802107612,40378837313.3614
1993,"WGOA","Salmon returning",8179.36821929723,0.0348400318594414,25315854.6181881
1993,"WGOA","Salmon shark",5903.42636628263,0.0251456539388839,156281204.720495
1993,"WGOA","Sessile epifauna",48461.7051644291,0.206422709752592,4054684025.35012
1993,"WGOA","Shallow-water flatfish",318662.245327932,1.35734233769221,15658681453.6403
1993,"WGOA","Shelf demersal fish",15680.4463766229,0.0667908861277238,136751134.048525
1993,"WGOA","Shelf forage fish",27276.4622365229,0.116184134013099,325947881.958591
1993,"WGOA","Slope demersal fish",51167.6089144766,0.217948511053213,838305603.873193
1993,"WGOA","Slope forage fish",40.4208909054668,0.000172172848706213,1005.77931980372
1993,"WGOA","Slope rockfish",184154.48545386,0.78440632188861,38220726411.3994
1993,"WGOA","Squid",7190.68076289709,0.0306287160760604,12965560.2909029
1993,"WGOA","Tanner crab",5196.78094961965,0.0221356966695947,179517983.152898
1993,"WGOA","Thornyheads",16214.427356094,0.0690653789538591,32730940.4640737
1993,"WGOA","Walleye pollock",727966.932847418,3.10077630118027,336095736431.417
1996,"WGOA","Arrowtooth flounder",1379505.00566825,5.87600375226418,254255864977.919
1996,"WGOA","Atka mackerel",345946.920481071,1.47356145463662,2814768166980.33
1996,"WGOA","Big skate",39673.0996941558,0.16898763085958,1133624062.91179
1996,"WGOA","Deep-water flatfish",38602.2738306765,0.164426446401408,146416655.801523
1996,"WGOA","Demersal shelf rockfish",522.889852409573,0.00222725015288447,1059435.70848905
1996,"WGOA","Euphausiids",0.0108015523719585,4.60092294026583e-08,0.00291683834110405
1996,"WGOA","Flathead sole",189461.969090215,0.807013556827345,6762011068.20631
1996,"WGOA","Gelatinous carnivores",10033.9062408732,0.0427394394938618,75426736.8752387
1996,"WGOA","Infauna",1126.61792881668,0.00479883084866957,1106119.84691965
1996,"WGOA","King crab",282.652331166152,0.00120395805139828,181330.16468621
1996,"WGOA","Large sculpins",30645.7083824179,0.130535443297395,1627066663.89974
1996,"WGOA","Lingcod",12834.0633489656,0.0546667131220641,385566595.373301
1996,"WGOA","Longnose skate",20605.8158150624,0.0877705050364194,186893421.805752
1996,"WGOA","MISC_NA",43.2546906370034,0.000184243423142156,12633.6361299824
1996,"WGOA","MISC_SHELLS",499.997557082763,0.00212974038475346,642845.988973859
1996,"WGOA","Miscellaneous deep-sea fish",0.212955369490615,9.07083732969492e-07,0.167260226789321
1996,"WGOA","Motile epifauna",23841.2387488683,0.101551794137284,1042127138.1302
1996,"WGOA","Nonpandalid shrimp",49.2706060334291,0.000209868224282748,4979.62384976925
1996,"WGOA","Octopus",1943.7326172246,0.00827933215557801,15565407.5262611
1996,"WGOA","Other gelatinous zooplankton",42.0489667460613,0.000179107640322768,9541.58660052854
1996,"WGOA","Other skates",10435.6829534195,0.0444508080360521,62211625.5416864
1996,"WGOA","Pacific capelin",723.405047455527,0.00308134494314241,4452427.01406811
1996,"WGOA","Pacific cod",525515.039127757,2.23843213986028,224361565134.439
1996,"WGOA","Pacific dogfish",3437.00412136518,0.0146399244879188,10152292.9864167
1996,"WGOA","Pacific halibut",521546.534145026,2.22152828661322,116494012998.855
1996,"WGOA","Pacific herring",38.4237993681079,0.000163666234145977,3519.63551388899
1996,"WGOA","Pacific ocean perch",559377.026480831,2.38266732851724,665355612714.295
1996,"WGOA","Pacific sandlance",5.0601974024135,2.15539188343689e-05,124.431134177028
1996,"WGOA","Pacific sleeper shark",18097.8470281042,0.0770878080239581,965766371.040832
1996,"WGOA","Pandalid shrimp",6068.52277443479,0.0258488823503803,9129798.00811602
1996,"WGOA","Pelagic shelf rockfish",59185.6754597877,0.252101478177337,29815582409.4019
1996,"WGOA","Rex sole",53196.5472196923,0.226590776971476,481022581.270181
1996,"WGOA","Sablefish",110770.38083485,0.471826612263729,9255745772.9112
1996,"WGOA","Salmon returning",4493.44105056952,0.0191398192578027,16450885.282983
1996,"WGOA","Sessile epifauna",76419.2833193008,0.325508058096555,6998760197.56577
1996,"WGOA","Shallow-water flatfish",305092.601570596,1.29954241865794,16895801644.4295
1996,"WGOA","Shelf demersal fish",11571.4294611909,0.0492885220812089,40142223.2621153
1996,"WGOA","Shelf forage fish",28172.2591959045,0.119999782577594,414185098.248068
1996,"WGOA","Slope demersal fish",51202.2686256061,0.218096144147557,1401576951.20908
1996,"WGOA","Slope forage fish",52.5209348846007,0.000223713005162195,3613.12808170224
1996,"WGOA","Slope rockfish",150404.132820472,0.640646641496613,21189142089.7164
1996,"WGOA","Squid",4190.55599594442,0.0178496798888486,3800995.07205953
1996,"WGOA","Tanner crab",1452.76502731918,0.00618805493029036,1621303.59725991
1996,"WGOA","Thornyheads",27073.1907122375,0.115318298634088,66266945.7119531
1996,"WGOA","Walleye pollock",647552.607790975,2.75825135648928,276470218488.815
1999,"WGOA","Arrowtooth flounder",988639.718425893,4.21111244340418,144110265423.785
1999,"WGOA","Atka mackerel",4799.3500809141,0.0204428392561139,99217839.9458078
1999,"WGOA","Big skate",45044.7964358407,0.191868381621971,1062373867.41589
1999,"WGOA","Deep-water flatfish",35693.8130535835,0.152037853123899,188244169.531508
1999,"WGOA","Demersal shelf rockfish",2323.33080254479,0.0098962312259903,25953310.4625772
1999,"WGOA","Euphausiids",6.58271068837857,2.80390665826144e-05,213.987766568199
1999,"WGOA","Flathead sole",188992.694926918,0.805014682786985,7534016986.69142
1999,"WGOA","Gelatinous carnivores",2248.81925946186,0.0095788491904462,5229196.97227533
1999,"WGOA","Infauna",1285.28052008078,0.00547465440696117,3594440.33263001
1999,"WGOA","King crab",172.745277471336,0.00073580878245221,80906.1020717314
1999,"WGOA","Large sculpins",29778.7075154331,0.126842451733982,236046733.112486
1999,"WGOA","Lingcod",6192.34057321123,0.0263762844599907,210817586.371331
1999,"WGOA","Longnose skate",31619.7246577937,0.134684267162012,549989142.912933
1999,"WGOA","MISC_NA",123.37310728632,0.000525507945505234,86989.4325518449
1999,"WGOA","MISC_SHELLS",7992.43589551427,0.034043793330799,1443642701.1125
1999,"WGOA","Miscellaneous deep-sea fish",23.8354752358983,0.000101527244444678,1525.31740694999
1999,"WGOA","Motile epifauna",34811.0574213842,0.14827775411315,473002494.38161
1999,"WGOA","Nonpandalid shrimp",46.6738707492525,0.00019880742623507,4914.6307186888
1999,"WGOA","Octopus",908.050863532103,0.00386784408859514,1153752.92528116
1999,"WGOA","Other gelatinous zooplankton",53.9058808405019,0.000229612184650577,1468.37694269159
1999,"WGOA","Other skates",17225.0954575929,0.0733703213297836,83572158.59338
1999,"WGOA","Pacific capelin",135.349502439575,0.000576521419591927,25722.8051406879
1999,"WGOA","Pacific cod",284695.104813962,1.21265924898019,37862666831.8622
1999,"WGOA","Pacific dogfish",16397.9496429208,0.0698470924246961,95412658.7317931
1999,"WGOA","Pacific halibut",529175.206938335,2.25402263043516,116852602662.819
1999,"WGOA","Pacific herring",47.6162257321197,0.000202821388774198,14337.7105466059
1999,"WGOA","Pacific ocean perch",649947.636485229,2.76845298499835,1536310999303.56
1999,"WGOA","Pacific sandlance",8.16646630572312,3.47850761381781e-05,186.116413413395
1999,"WGOA","Pacific sleeper shark",17644.7856952756,0.0751579925606085,934779980.443208
1999,"WGOA","Pandalid shrimp",5822.27636148638,0.0247999953651783,6274343.00283099
1999,"WGOA","Pelagic shelf rockfish",47703.4107664676,0.203192753565819,5661644302.04238
1999,"WGOA","Rex sole",55504.0406949025,0.23641954907665,1582907910.12612
1999,"WGOA","Sablefish",114107.220568415,0.48603988638348,2057411892.02722
1999,"WGOA","Salmon returning",2404.40222486731,0.0102415550775248,12110250.7868762
1999,"WGOA","Sessile epifauna",43245.2937771377,0.184203397202704,952478213.230724
1999,"WGOA","Shallow-water flatfish",274422.283325712,1.16890214961247,17530183682.8888
1999,"WGOA","Shelf demersal fish",11309.1019075936,0.0481711374519932,55581788.2435281
1999,"WGOA","Shelf forage fish",12328.0957311866,0.0525115432543381,39657974.2529669
1999,"WGOA","Slope demersal fish",372075.124940205,1.58485458283185,9544561374.01298
1999,"WGOA","Slope forage fish",180.712767557647,0.000769746319069274,12171.0354217142
1999,"WGOA","Slope rockfish",302442.173042288,1.28825291415201,226193717728.675
1999,"WGOA","Squid",1489.54683623729,0.00634472710351904,595203.65964155
1999,"WGOA","Tanner crab",2491.71536520373,0.010613465536806,8147552.9728764
1999,"WGOA","Thornyheads",48916.7106974276,0.208360806539638,70922979.9702182
1999,"WGOA","Walleye pollock",593173.593508798,2.526623859196,1492956254943.15
2001,"WGOA","Arrowtooth flounder",1360770.5794196,5.79620443404404,412677050426.61
2001,"WGOA","Atka mackerel",221266.326477992,0.942484267394571,780855449565.077
2001,"WGOA","Big skate",39082.269256227,0.166470987675281,1280029737.15458
2001,"WGOA","Deep-water flatfish",32476.2720917522,0.138332732310926,271957606.368813
2001,"WGOA","Demersal shelf rockfish",1828.02541643626,0.00778647715091865,9865169.43751698
2001,"WGOA","Flathead sole",153594.242553977,0.654234918949171,5700834231.89843
2001,"WGOA","Gelatinous carnivores",17915.5593989466,0.0763113535794144,135904670.961924
2001,"WGOA","Infauna",1936.34963059954,0.0082478843123781,12499213.130454
2001,"WGOA","King crab",568.23537143888,0.00242039946286867,553435.584957342
2001,"WGOA","Large sculpins",29366.4862616892,0.125086594652051,2071865598.51343
2001,"WGOA","Lingcod",5903.9254432696,0.0251477797580988,53794716.8478207
2001,"WGOA","Longnose skate",23274.6896942507,0.0991385775435817,119918990.635001
2001,"WGOA","MISC_NA",138.776590555983,0.000591119106841059,40091.689111156
2001,"WGOA","MISC_SHELLS",605.25858524074,0.00257809990058128,523719.052926284
2001,"WGOA","Miscellaneous deep-sea fish",0.13713301398235,5.84118289827624e-07,0.0926375084253547
2001,"WGOA","Motile epifauna",30960.2332119028,0.131875162305764,232084349.210848
2001,"WGOA","Nonpandalid shrimp",158.317515529385,0.000674353707654123,54414.05725452
2001,"WGOA","Octopus",993.607761904793,0.00423227383245568,3761942.23372424
2001,"WGOA","Other gelatinous zooplankton",28.2156158149179,0.000120184460164817,817.748089338258
2001,"WGOA","Other skates",12856.4508791041,0.0547620728420779,53853437.9545234
2001,"WGOA","Pacific capelin",278.588771814838,0.00118664931391798,111518.404440059
2001,"WGOA","Pacific cod",257613.796935693,1.09730637526456,53178793434.7646
2001,"WGOA","Pacific dogfish",31774.3501329039,0.135342894617664,1295942315.58659
2001,"WGOA","Pacific halibut",345275.627178794,1.47070207975444,21048014168.532
2001,"WGOA","Pacific herring",28701.5485590171,0.122254291456434,15403183743.5699
2001,"WGOA","Pacific ocean perch",673155.061492759,2.86730504850251,760984904064.143
2001,"WGOA","Pacific sandlance",12.2783796645056,5.22997775897228e-05,381.655285308208
2001,"WGOA","Pacific sleeper shark",37694.7715698715,0.160560939086995,3219556316.07055
2001,"WGOA","Pandalid shrimp",8360.07103119331,0.0356097357723545,11925265.6603336
2001,"WGOA","Pelagic shelf rockfish",31416.4732780983,0.133818517588914,2205486574.99514
2001,"WGOA","Rex sole",51257.8229852408,0.218332778030237,250711623.294001
2001,"WGOA","Sablefish",188563.048166791,0.803184601733072,32942558229.6639
2001,"WGOA","Salmon returning",6868.29551808482,0.0292555156161797,26727027.0455191
2001,"WGOA","Sessile epifauna",63098.6632490644,0.268768855851125,1962200384.70768
2001,"WGOA","Shallow-water flatfish",330706.336659386,1.40864416375696,39181298295.7186
2001,"WGOA","Shelf demersal fish",13487.3274968319,0.0574492927925326,78426722.4620515
2001,"WGOA","Shelf forage fish",54030.876899864,0.230144605563015,1439729412.79086
2001,"WGOA","Slope demersal fish",165943.591064107,0.706836988449009,16324238398.34
2001,"WGOA","Slope forage fish",33.9325733734459,0.000144535849922314,1110.95434260391
2001,"WGOA","Slope rockfish",403480.019950427,1.71862378277044,886272463116.371
2001,"WGOA","Squid",6612.27606809233,0.0281650003642399,14538718.8915139
2001,"WGOA","Tanner crab",3122.43576362724,0.0133000200708875,17949437.0346706
2001,"WGOA","Thornyheads",28661.1773725795,0.122082330323988,39572800.2090529
2001,"WGOA","Walleye pollock",210814.596625657,0.897965107567225,73184815442.2158
2003,"WGOA","Arrowtooth flounder",2536841.07269712,10.8056785592055,3320283611799.24
2003,"WGOA","Atka mackerel",65018.5545110678,0.276946635716452,24107384648.2902
2003,"WGOA","Big skate",43416.1841146136,0.184931304865313,1081069114.72177
2003,"WGOA","Deep-water flatfish",52560.5664528879,0.223881815889961,345455487.816187
2003,"WGOA","Demersal shelf rockfish",952.333027489161,0.00405646403596822,4945391.00572348
2003,"WGOA","Flathead sole",237906.410181298,1.01336273023223,10435914910.0058
2003,"WGOA","Gelatinous carnivores",10394.4766275576,0.0442752896259073,12438719.0161886
2003,"WGOA","Infauna",3557.12265441002,0.0151515695692979,114830664.136312
2003,"WGOA","King crab",1593.30460423672,0.00678668348032525,47990722.9153749
2003,"WGOA","Large sculpins",25038.1009175256,0.106649830436592,223441525.544335
2003,"WGOA","Lingcod",4471.52717568362,0.0190464770730863,26655349.6547623
2003,"WGOA","Longnose skate",26522.4627088196,0.112972471832979,122504122.854975
2003,"WGOA","MISC_NA",471.005457111725,0.00200624848909824,9477810.94371034
2003,"WGOA","MISC_SHELLS",1336.95459723756,0.00569476022029309,9351363.15835152
2003,"WGOA","Miscellaneous deep-sea fish",5.45995897312567,2.32567038767311e-05,7.67968740489794
2003,"WGOA","Motile epifauna",32060.4233901413,0.136561424109071,875228220.747768
2003,"WGOA","Nonpandalid shrimp",93.9650946367369,0.000400244469138305,4616.37467321529
2003,"WGOA","Octopus",3755.21364647176,0.0159953384631126,17538992.099795
2003,"WGOA","Other gelatinous zooplankton",22.1212956392185,9.42256937429716e-05,1088.191319793
2003,"WGOA","Other skates",20789.9228340877,0.0885547091749805,121671638.031132
2003,"WGOA","Pacific capelin",7289.76832172451,0.0310507796895162,841768481.341527
2003,"WGOA","Pacific cod",282712.61341697,1.20421482374093,50663588585.5014
2003,"WGOA","Pacific dogfish",59933.8862055669,0.2552884830317,9806907478.65092
2003,"WGOA","Pacific halibut",515332.552084602,2.19505982020423,144996715747.085
2003,"WGOA","Pacific herring",652.695910516611,0.00278015926257929,2696350.19059309
2003,"WGOA","Pacific ocean perch",355923.275041083,1.51605575265488,91092217679.3361
2003,"WGOA","Pacific sandlance",9.52905719715261,4.05890341941057e-05,1087.98299128879
2003,"WGOA","Pacific sleeper shark",52115.6421152569,0.221986659970518,3473860571.19944
2003,"WGOA","Pandalid shrimp",7251.31914709201,0.0308870053693914,12444925.1150061
2003,"WGOA","Pelagic shelf rockfish",58259.2220385753,0.248155248365213,38998805055.1049
2003,"WGOA","Rex sole",71238.1560124299,0.303439038142993,720259515.922024
2003,"WGOA","Sablefish",194078.057805106,0.826675794005197,11698279688.891
2003,"WGOA","Salmon returning",19188.314761946,0.0817326570599882,252936289.705898
2003,"WGOA","Salmon shark",3612.82892191862,0.0153888505038071,184319604.883354
2003,"WGOA","Sessile epifauna",36368.0977821338,0.154909969991018,1088979958.10536
2003,"WGOA","Shallow-water flatfish",350147.322689086,1.49145307448135,34168302974.1946
2003,"WGOA","Shelf demersal fish",8782.29115266327,0.0374081830471704,28952499.1405721
2003,"WGOA","Shelf forage fish",96951.4758226496,0.412964964520352,7648240621.7009
2003,"WGOA","Slope demersal fish",343717.763971509,1.46406635896045,16905177745.7149
2003,"WGOA","Slope forage fish",89.3949917691595,0.000380778108749776,1145.03393495791
2003,"WGOA","Slope rockfish",131408.647385238,0.559735341258564,39658674217.7146
2003,"WGOA","Squid",4394.81273017841,0.0187197117711923,8816815.99300087
2003,"WGOA","Tanner crab",6942.4283607424,0.0295712845766634,402825269.392514
2003,"WGOA","Thornyheads",74212.8471735183,0.316109739845822,331960605.786186
2003,"WGOA","Walleye pollock",385837.131405221,1.64347387112355,93261686985.1573
2005,"WGOA","Arrowtooth flounder",1656142.48697901,7.05434154119558,263523237548.956
2005,"WGOA","Atka mackerel",100912.199965824,0.429835675269024,85370419174.2512
2005,"WGOA","Big skate",35336.1670773743,0.150514459522895,914756043.105861
2005,"WGOA","Deep-water flatfish",41853.7896800614,0.17827628330162,239866002.261401
2005,"WGOA","Demersal shelf rockfish",1899.27416780389,0.00808996131999387,18086437.805689
2005,"WGOA","Flathead sole",201501.478610512,0.858295866660221,7059020831.59487
2005,"WGOA","Gelatinous carnivores",18020.3265716293,0.0767576095170644,137699677.955004
2005,"WGOA","Infauna",2207.02670684956,0.00940083374653151,6350470.94498362
2005,"WGOA","King crab",426.854804091577,0.00181818871276881,1562687.84445753
2005,"WGOA","Large sculpins",32014.2572445568,0.136364779338978,226438815.091369
2005,"WGOA","Lingcod",10957.9271980826,0.0466753082217198,712808611.512924
2005,"WGOA","Longnose skate",31575.4477048384,0.134495669410909,163527460.859855
2005,"WGOA","MISC_NA",17880.3155098093,0.0761612321779229,4120374827.39647
2005,"WGOA","MISC_SHELLS",551.331239541339,0.00234839628633028,708827.060365273
2005,"WGOA","Miscellaneous deep-sea fish",18.8010369075246,8.00830464269e-05,119.166287533507
2005,"WGOA","Motile epifauna",36815.5068876247,0.156815709783088,168552263.529195
2005,"WGOA","Mysids",0.529176996219023,2.25403025187908e-06,0.279144208395019
2005,"WGOA","Nonpandalid shrimp",262.781106055418,0.00111931653662813,389781.431736431
2005,"WGOA","Octopus",1034.18708803161,0.00440512153623766,2313820.48258708
2005,"WGOA","Other gelatinous zooplankton",85.4583849748118,0.000364010125886553,3800.71963625198
2005,"WGOA","Other skates",29276.473530561,0.124703185281525,184214090.738253
2005,"WGOA","Pacific capelin",429.662218072208,0.00183014689705707,1593101.33609997
2005,"WGOA","Pacific cod",294130.443531545,1.25284908916243,190732254994.919
2005,"WGOA","Pacific dogfish",15964.9791819335,0.068002854061713,1203311454.72693
2005,"WGOA","Pacific hake",5.75327372604021,2.4506078530421e-05,297.901427100701
2005,"WGOA","Pacific halibut",478368.306874192,2.03761055930012,214228625999.31
2005,"WGOA","Pacific herring",2461.42564340588,0.0104844464189283,40466327.0543367
2005,"WGOA","Pacific ocean perch",626523.316636382,2.66867705757474,299920130521.167
2005,"WGOA","Pacific sandlance",32.2812891451216,0.000137502202141538,36162.35453572
2005,"WGOA","Pacific sleeper shark",53709.9233253004,0.228777503304821,2819264636.91893
2005,"WGOA","Pandalid shrimp",10004.5713617172,0.0426144875297265,24752957.6792218
2005,"WGOA","Pelagic shelf rockfish",191821.004807792,0.817061873195352,104289494380.231
2005,"WGOA","Rex sole",73365.278966203,0.312499521726989,1292135031.21298
2005,"WGOA","Sablefish",220042.578524029,0.937271711050256,6923280039.28795
2005,"WGOA","Salmon returning",8678.46000684106,0.036965914117412,48100804.6003333
2005,"WGOA","Salmon shark",2455.31229099823,0.0104584065846844,217028104.067771
2005,"WGOA","Sessile epifauna",65824.6768242432,0.280380314983681,2234951242.264
2005,"WGOA","Shallow-water flatfish",346620.841651484,1.47643202292728,18108576239.6715
2005,"WGOA","Shelf demersal fish",17423.9665533653,0.0742174130765866,140232079.325996
2005,"WGOA","Shelf forage fish",41620.2262413125,0.177281419465069,1388027217.26076
2005,"WGOA","Slope demersal fish",563818.046399283,2.40158385987993,40596897122.3619
2005,"WGOA","Slope forage fish",241.569218146803,0.00102896446655119,2778.37508464432
2005,"WGOA","Slope rockfish",475702.854601419,2.0262570611309,592282340613.913
2005,"WGOA","Squid",4094.97548449899,0.0174425545492601,3952595.13301875
2005,"WGOA","Tanner crab",5701.46523752611,0.0242854001917002,9231931.34938874
2005,"WGOA","Thornyheads",65587.7972352655,0.279371325999989,106063069.254499
2005,"WGOA","Walleye pollock",344199.420199846,1.46611797442642,105601651125.12
2007,"WGOA","Arrowtooth flounder",1698707.32563342,7.23564653872738,497624524313.61
2007,"WGOA","Atka mackerel",82324.0831768296,0.350659562423573,56218405044.5495
2007,"WGOA","Big skate",30292.2079051247,0.129029707455577,1012892421.84124
2007,"WGOA","Deep-water flatfish",45936.1880879274,0.195665265773081,447558606.717134
2007,"WGOA","Demersal shelf rockfish",1103.87484229339,0.00470195663567303,2591563.98192195
2007,"WGOA","Euphausiids",0.0124253672847904,5.29258715906732e-08,0.00602120033431563
2007,"WGOA","Flathead sole",256001.545802449,1.09043898901398,11056114648.4462
2007,"WGOA","Gelatinous carnivores",939.184202696291,0.00400045659597829,651899.467619498
2007,"WGOA","Infauna",2700.55531296839,0.0115030196244285,48870302.3273897
2007,"WGOA","King crab",240.988430246512,0.00102649059957184,128800.20025917
2007,"WGOA","Large sculpins",31179.2544792562,0.132808083740269,321174605.957931
2007,"WGOA","Lingcod",7969.12708586864,0.0339445094192686,111286586.501975
2007,"WGOA","Longnose skate",26710.6036068937,0.113773858285725,190387977.943353
2007,"WGOA","MISC_NA",8737.54435499129,0.0372175839917541,2858552623.71159
2007,"WGOA","MISC_SHELLS",711.115754899469,0.00302899868207387,344608.28756846
2007,"WGOA","Miscellaneous deep-sea fish",6.84079658074338,2.91383838491055e-05,72.1262900131056
2007,"WGOA","Motile epifauna",23904.6788881734,0.101822017510936,81111639.388746
2007,"WGOA","Nonpandalid shrimp",190.04760158318,0.000809508059356851,68732.1095543698
2007,"WGOA","Octopus",2279.84592164577,0.00971100730706322,7278228.6089214
2007,"WGOA","Other gelatinous zooplankton",42.2471791632308,0.000179951926427021,991.014974148944
2007,"WGOA","Other skates",31490.6054641002,0.134134283752372,212639372.786987
2007,"WGOA","Pacific capelin",665.113451374521,0.00283305179749229,3780308.52372683
2007,"WGOA","Pacific cod",223338.493779428,0.95131066729057,35317182920.0216
2007,"WGOA","Pacific dogfish",27496.4380394831,0.117121121293529,281939211.763323
2007,"WGOA","Pacific hake",799.851191352034,0.00340696741391004,1064350.5859774
2007,"WGOA","Pacific halibut",363316.861492903,1.54754874583365,39520917627.9393
2007,"WGOA","Pacific herring",1657.92872045035,0.00706195000549029,11451429.6367665
2007,"WGOA","Pacific ocean perch",536813.828805808,2.28655935235423,208682532494.723
2007,"WGOA","Pacific sandlance",4.39994994493478,1.87415937455676e-05,30.8652482874759
2007,"WGOA","Pacific sleeper shark",41848.8874766384,0.178255402358391,3578118730.60027
2007,"WGOA","Pandalid shrimp",8362.21761922936,0.0356188791674872,25864681.6452285
2007,"WGOA","Pelagic shelf rockfish",64908.8468940398,0.276479335948303,30512439077.7973
2007,"WGOA","Rex sole",88128.1778696964,0.375382112942526,1902021617.32194
2007,"WGOA","Sablefish",157408.197439132,0.670480465811306,1685491777.92814
2007,"WGOA","Salmon returning",3760.35457870991,0.0160172362721074,14695769.9057705
2007,"WGOA","Sessile epifauna",59074.0448307522,0.251625987336503,2619327456.07859
2007,"WGOA","Shallow-water flatfish",405811.784847816,1.72855593903675,29246482531.4221
2007,"WGOA","Shelf demersal fish",13523.8429455391,0.0576048304040221,146623399.762821
2007,"WGOA","Shelf forage fish",44691.8469716968,0.190364992821533,1532707804.15691
2007,"WGOA","Slope demersal fish",471961.050653667,2.01031884130068,20867077118.3408
2007,"WGOA","Slope forage fish",162.5340827787,0.00069231418251782,5487.1011332046
2007,"WGOA","Slope rockfish",286159.078773573,1.2188950483753,201317084129.772
2007,"WGOA","Squid",10497.5435516977,0.0447143033522025,50629722.8773378
2007,"WGOA","Tanner crab",5304.01531057813,0.0225924615996056,27152643.6519237
2007,"WGOA","Thornyheads",51964.147576018,0.221341368741159,72134460.1995218
2007,"WGOA","Walleye pollock",268609.868764106,1.14414416059947,46199415136.279
2009,"WGOA","Arrowtooth flounder",1487187.37710218,6.33467698360337,481582711739.537
2009,"WGOA","Atka mackerel",135606.801521627,0.577617385438649,586196462112.521
2009,"WGOA","Big skate",33342.910239669,0.142024178871895,867559660.118279
2009,"WGOA","Deep-water flatfish",41075.7138034381,0.174962067875218,244657244.197947
2009,"WGOA","Demersal shelf rockfish",867.688695184575,0.00369592136871729,1657607.32796988
2009,"WGOA","Flathead sole",209025.443732302,0.890344207989818,16104979895.1954
2009,"WGOA","Gelatinous carnivores",4379.94876179482,0.0186563986743665,5115085.30424917
2009,"WGOA","Infauna",1552.05476893016,0.00661097974163228,965663.28417231
2009,"WGOA","King crab",413.258891751311,0.00176027690266403,380521.533794853
2009,"WGOA","Large sculpins",38878.0707688808,0.165601203895648,680062398.965632
2009,"WGOA","Lingcod",9635.65286653021,0.0410430786163182,139497019.715443
2009,"WGOA","Longnose skate",26752.0037483665,0.113950202253771,137925243.909415
2009,"WGOA","MISC_NA",233.664099129358,0.000995292599600558,204308.414100425
2009,"WGOA","MISC_SHELLS",1832.47125533314,0.00780541420872756,4525496.18804074
2009,"WGOA","Miscellaneous deep-sea fish",14.4355813215655,6.14883814579156e-05,201.322140281311
2009,"WGOA","Motile epifauna",31169.2769659878,0.13276558450673,131531249.742105
2009,"WGOA","Mysids",0.951707143003389,4.05379808001173e-06,0.239021122085258
2009,"WGOA","Nonpandalid shrimp",170.547536994,0.00072644750341497,20989.1707968908
2009,"WGOA","Octopus",3718.30521960686,0.0158381269605394,14239161.5032213
2009,"WGOA","Other gelatinous zooplankton",12.904464944128,5.49665888279441e-05,100.614732767484
2009,"WGOA","Other skates",26666.2968761423,0.113585133696053,192071698.470388
2009,"WGOA","Pacific capelin",376.485327450945,0.00160363984739767,100973.824053002
2009,"WGOA","Pacific cod",738468.179698888,3.14550637874371,2004672456465.05
2009,"WGOA","Pacific dogfish",11343.8263193785,0.0483190461388807,118399934.843361
2009,"WGOA","Pacific hake",17.1823789739884,7.31883704003472e-05,885.70244161728
2009,"WGOA","Pacific halibut",448960.023598123,1.91234593019926,92969218039.7142
2009,"WGOA","Pacific herring",10050.841012769,0.0428115731815211,2671184738.71165
2009,"WGOA","Pacific ocean perch",489232.574604861,2.08388692487235,199945469063.971
2009,"WGOA","Pacific sandlance",1.81772812417108,7.74261581823792e-06,10.119282622132
2009,"WGOA","Pacific sleeper shark",39687.7282602499,0.169049941259982,7135605706.56955
2009,"WGOA","Pandalid shrimp",6131.95357120492,0.0261190659294894,23654516.3246798
2009,"WGOA","Pelagic shelf rockfish",49084.5324443479,0.209075643535926,6498096281.74836
2009,"WGOA","Rex sole",101872.17627956,0.433924695894846,1379559348.31794
2009,"WGOA","Sablefish",138847.472700346,0.591421029447016,2684707209.80111
2009,"WGOA","Salmon returning",6812.17448182023,0.0290164679734986,29942189.9344277
2009,"WGOA","Sessile epifauna",67874.3318082053,0.289110823627812,2282558549.53774
2009,"WGOA","Shallow-water flatfish",380847.06585935,1.62221867904299,28268069366.5292
2009,"WGOA","Shelf demersal fish",9391.93882293033,0.0400049782623592,30060979.0700315
2009,"WGOA","Shelf forage fish",75089.0752594199,0.319842034762797,6212943620.66026
2009,"WGOA","Slope demersal fish",726523.621563834,3.09462851448636,223556640190.135
2009,"WGOA","Slope forage fish",213.292910928612,0.000908521491258199,2158.54066408845
2009,"WGOA","Slope rockfish",155299.12484818,0.661496867776281,28782122510.0133
2009,"WGOA","Squid",7180.64910457449,0.030585986211578,24308607.6023503
2009,"WGOA","Tanner crab",19568.7435078345,0.0833530939044541,1122795804.00529
2009,"WGOA","Thornyheads",49505.3905692383,0.210868289384158,144845784.678551
2009,"WGOA","Walleye pollock",648087.825076555,2.76053111536324,308577175806.005
2011,"WGOA","Arrowtooth flounder",1400764.643075,5.96655921140387,432747993486.796
2011,"WGOA","Atka mackerel",97233.6401931319,0.414166844102446,103143016828.959
2011,"WGOA","Big skate",28012.2580774522,0.119318257560629,469922648.402991
2011,"WGOA","Deep-water flatfish",36380.7947565374,0.154964052773561,276597742.571218
2011,"WGOA","Demersal shelf rockfish",3788.19691719504,0.0161358307568959,25664708.3625097
2011,"WGOA","Flathead sole",204476.405381035,0.87096757194181,6084169188.5264
2011,"WGOA","Gelatinous carnivores",1776.52389522358,0.00756710633990342,3553069.08444158
2011,"WGOA","Infauna",2132.89207661749,0.0090850571718714,5940434.17081186
2011,"WGOA","King crab",469.304039201726,0.00199900129682113,642231.886349434
2011,"WGOA","Large sculpins",30515.5278855159,0.129980939265062,220705397.054487
2011,"WGOA","Lingcod",11932.2708496797,0.0508255265458687,218134955.828238
2011,"WGOA","Longnose skate",24548.8372678833,0.104565811147549,109570469.152793
2011,"WGOA","MISC_NA",15759.9189493739,0.0671293996769811,2958601322.97893
2011,"WGOA","MISC_SHELLS",815.951723224359,0.00347554765487075,1130224.14045289
2011,"WGOA","Miscellaneous deep-sea fish",1.87711097504981,7.9955571654239e-06,1.55809618558323
2011,"WGOA","Motile epifauna",19426.9023042478,0.0827489210735647,51558215.604447
2011,"WGOA","Nonpandalid shrimp",47.5110075096585,0.000202373211589303,5311.2144780683
2011,"WGOA","Octopus",4819.60815290031,0.0205291285457617,22272946.8517849
2011,"WGOA","Other gelatinous zooplankton",59.8667180260983,0.000255002380065079,1865.78300528788
2011,"WGOA","Other skates",19532.2367222514,0.0831975931935559,86483064.657949
2011,"WGOA","Pacific capelin",293.562616654395,0.00125043042968163,316770.730095852
2011,"WGOA","Pacific cod",483772.364770183,2.06062915245043,111566837375.414
2011,"WGOA","Pacific dogfish",15677.8273036243,0.0667797301821462,287770758.372571
2011,"WGOA","Pacific halibut",336085.104283984,1.43155503295629,24748520767.329
2011,"WGOA","Pacific herring",13957.0983058044,0.0594502822959305,1653087767.95191
2011,"WGOA","Pacific ocean perch",637643.450164731,2.71604328391663,263319002433.808
2011,"WGOA","Pacific sandlance",3.22471480532227,1.37356778106627e-05,182.788624865562
2011,"WGOA","Pacific sleeper shark",29496.1287356629,0.125638806974871,4259448110.81247
2011,"WGOA","Pandalid shrimp",5953.30911643017,0.0253581295919883,10053586.8184215
2011,"WGOA","Pelagic shelf rockfish",79815.9218096347,0.339976045115289,25190252815.5858
2011,"WGOA","Rex sole",76453.4842161202,0.325653736870619,889406652.721717
2011,"WGOA","Sablefish",91173.7897664628,0.388354901631082,733956652.357036
2011,"WGOA","Salmon returning",4532.01562633905,0.0193041277242688,12015469.4697998
2011,"WGOA","Salmon shark",3765.87548922527,0.0160407525991746,156000000.203824
2011,"WGOA","Sessile epifauna",46651.4648852004,0.198711988421722,893809124.898464
2011,"WGOA","Shallow-water flatfish",287144.449869256,1.22309223811496,14843968553.4817
2011,"WGOA","Shelf demersal fish",5737.15229646359,0.0244374092756559,23046262.1769228
2011,"WGOA","Shelf forage fish",49645.5601324024,0.211465341860025,901595374.620176
2011,"WGOA","Slope demersal fish",278151.479756677,1.18478666770501,14119850168.8098
2011,"WGOA","Slope forage fish",201.976150657517,0.000860317732994768,8112.70860428003
2011,"WGOA","Slope rockfish",274258.828429948,1.16820591322559,108710030600.076
2011,"WGOA","Squid",2612.19541736926,0.0111266505094511,2345888.73139532
2011,"WGOA","Tanner crab",6624.76134369763,0.0282181814154165,127699716.973444
2011,"WGOA","Thornyheads",33874.6345032505,0.144289059213131,66979642.6842283
2011,"WGOA","Walleye pollock",636093.337223841,2.7094405753946,276291138230.219
2013,"WGOA","Arrowtooth flounder",969597.483848171,4.13000201511981,240321935675.153
2013,"WGOA","Atka mackerel",105096.095796705,0.447656986174259,153282206314.87
2013,"WGOA","Big skate",23481.2600341612,0.100018464232962,733650744.663607
2013,"WGOA","Deep-water flatfish",24211.7149288915,0.103129838011715,102843530.644541
2013,"WGOA","Demersal shelf rockfish",760.293245196754,0.00323847027973132,1852010.93254029
2013,"WGOA","Flathead sole",183194.003702682,0.780315148351206,4915993285.83175
2013,"WGOA","Gelatinous carnivores",20420.6139702974,0.0869816374858895,421054788.35522
2013,"WGOA","Infauna",1225.78060293379,0.00522121441582047,727387.847750286
2013,"WGOA","King crab",765.513616992755,0.00326070646164837,1572242.70309112
2013,"WGOA","Large sculpins",33084.433559973,0.140923197046149,338082271.007824
2013,"WGOA","Lingcod",3804.85322488463,0.0162067783258288,80717190.504419
2013,"WGOA","Longnose skate",30401.2871671108,0.129494330744432,175527275.550568
2013,"WGOA","MISC_NA",180.809122552033,0.000770156743320174,197916.668961015
2013,"WGOA","MISC_SHELLS",492.302074347025,0.00209696146387613,193773.95933007
2013,"WGOA","Motile epifauna",24931.4357129517,0.106195489829101,99532182.7932445
2013,"WGOA","Nonpandalid shrimp",167.761019252811,0.000714578326691655,20274.0148533419
2013,"WGOA","Octopus",2563.87018881849,0.0109208091220502,5214083.35494027
2013,"WGOA","Other gelatinous zooplankton",82.32466041032,0.000350662021150538,7446.91250910316
2013,"WGOA","Other skates",28632.9019015928,0.121961890910624,109821365.472374
2013,"WGOA","Pacific capelin",3258.20990295925,0.013878350231994,53872156.3144104
2013,"WGOA","Pacific cod",493928.497450665,2.10388921565702,141438898875.847
2013,"WGOA","Pacific dogfish",19510.4923746212,0.083104973110453,933822168.009192
2013,"WGOA","Pacific halibut",187167.041198189,0.797238307843606,2888654148.07228
2013,"WGOA","Pacific herring",3812.24050060125,0.016238244438421,101053625.35684
2013,"WGOA","Pacific ocean perch",1043895.37231287,4.44647398847986,511341542648.414
2013,"WGOA","Pacific sandlance",5.09205171440802,2.16896023266625e-05,134.299632141237
2013,"WGOA","Pacific sleeper shark",40848.1083943901,0.173992582275596,5491294363.24675
2013,"WGOA","Pandalid shrimp",10730.6164472832,0.0457070777193735,18661827.1356951
2013,"WGOA","Pelagic shelf rockfish",59059.5164864386,0.251564103830934,5614096850.5603
2013,"WGOA","Rex sole",78064.7559686992,0.33251695144771,2123010148.68117
2013,"WGOA","Sablefish",48220.6878421999,0.205396096087574,619341816.943685
2013,"WGOA","Salmon returning",8944.60139412545,0.0380995437772466,108286305.560967
2013,"WGOA","Salmon shark",3978.49343668263,0.01694639908246,269082970.437355
2013,"WGOA","Sessile epifauna",38273.8017811497,0.163027319187223,944137555.400356
2013,"WGOA","Shallow-water flatfish",275268.128985726,1.17250503053835,13585824508.5924
2013,"WGOA","Shelf demersal fish",11235.5161980996,0.0478576990060843,35243521.7248666
2013,"WGOA","Shelf forage fish",37989.9579770854,0.161818286055132,450722533.690121
2013,"WGOA","Slope demersal fish",319885.821998224,1.36255416445346,11150538750.0975
2013,"WGOA","Slope forage fish",184.652330556408,0.000786526893889871,15337.404320521
2013,"WGOA","Slope rockfish",415869.427821956,1.77139648518349,815895885526.141
2013,"WGOA","Squid",7550.12991808645,0.0321597903207804,9238784.12052374
2013,"WGOA","Tanner crab",2687.51610828235,0.0114474791114569,3010254.23904162
2013,"WGOA","Thornyheads",41278.4609807604,0.17582566979751,102075674.444592
2013,"WGOA","Walleye pollock",926612.938581268,3.94690927660862,896637261294.168
2015,"WGOA","Arrowtooth flounder",1150748.65567384,4.90161571786172,293752123341.232
2015,"WGOA","Atka mackerel",28780.3526484228,0.122589957599826,13700742382.5262
2015,"WGOA","Big skate",45491.1836788427,0.193769768789154,825021594.866344
2015,"WGOA","Deep-water flatfish",20819.1510774573,0.0886792069238149,75086572.0099947
2015,"WGOA","Demersal shelf rockfish",1257.10363033209,0.00535463490053669,3408287.68887447
2015,"WGOA","Flathead sole",193864.819435283,0.825767504831862,4945280910.90384
2015,"WGOA","Gelatinous carnivores",23159.770963806,0.0986490810295976,158911310.618493
2015,"WGOA","Infauna",1833.23401224645,0.00780866317300552,2808421.80502875
2015,"WGOA","King crab",1277.55698067285,0.00544175597864428,16897745.3385442
2015,"WGOA","Large sculpins",43677.226557199,0.186043215562143,1083646330.36245
2015,"WGOA","Lingcod",4696.86159601519,0.0200062893926807,45741324.7690557
2015,"WGOA","Longnose skate",34956.0854520667,0.148895501239092,193849388.887173
2015,"WGOA","MISC_NA",334.630166958484,0.00142535772511847,420383.450464159
2015,"WGOA","MISC_SHELLS",1845.83150852001,0.00786232222829595,8582346.80045599
2015,"WGOA","Miscellaneous deep-sea fish",13.9897468462658,5.95893488056341e-05,30.5687703119125
2015,"WGOA","Motile epifauna",31510.5678796097,0.13421931369279,150068888.193931
2015,"WGOA","Mysids",0.147835488112952,6.29705495304605e-07,0.0218707260189036
2015,"WGOA","Nonpandalid shrimp",168.939447760891,0.000719597844784592,15876.56595178
2015,"WGOA","Octopus",12644.2302728866,0.0538581188344317,78727844.9596614
2015,"WGOA","Other gelatinous zooplankton",60.8712373322887,0.000259281131637667,3765.78155268128
2015,"WGOA","Other skates",24053.6842801205,0.102456706213472,141903789.102727
2015,"WGOA","Pacific capelin",56.280782761427,0.000239728083136828,2895.2952699665
2015,"WGOA","Pacific cod",229886.352015836,0.979201279798924,22064689365.9622
2015,"WGOA","Pacific dogfish",18963.6171492144,0.0807755572233725,982697535.293196
2015,"WGOA","Pacific halibut",279793.296029211,1.19177998671313,3539867259.1733
2015,"WGOA","Pacific herring",2938.49251807329,0.0125165135256864,74289478.9708504
2015,"WGOA","Pacific ocean perch",893557.946600866,3.8061114860172,879016217745.908
2015,"WGOA","Pacific sandlance",3.12021427001749,1.32905576153452e-05,145.004636092374
2015,"WGOA","Pacific sleeper shark",70932.6160938166,0.302137590376684,5924355738.92843
2015,"WGOA","Pandalid shrimp",12510.8300128116,0.0532899002157728,47328491.7617526
2015,"WGOA","Pelagic shelf rockfish",30912.1847693667,0.13167049988883,1803199242.67335
2015,"WGOA","Rex sole",64839.2758851155,0.276182998125817,759270913.333583
2015,"WGOA","Sablefish",99518.6906153836,0.423900019988067,581645571.459864
2015,"WGOA","Salmon returning",15405.3054606385,0.0656189229611657,75429674.5002105
2015,"WGOA","Salmon shark",5127.10469604553,0.0218389105573567,368020835.89897
2015,"WGOA","Sessile epifauna",55138.7884589544,0.234863756600266,3519304574.26295
2015,"WGOA","Shallow-water flatfish",239351.560388105,1.01951834982251,9972300477.19766
2015,"WGOA","Shelf demersal fish",7680.0212240682,0.0327130625439323,22215637.3542112
2015,"WGOA","Shelf forage fish",93795.5742686886,0.399522396862638,6463642817.31686
2015,"WGOA","Slope demersal fish",467018.612993394,1.9892665202741,9546485061.53196
2015,"WGOA","Slope forage fish",515.409130894649,0.00219538600776668,21383.8568394229
2015,"WGOA","Slope rockfish",116807.734229332,0.49754272859093,13741129250.6748
2015,"WGOA","Squid",12509.5307898506,0.0532843661735167,39899621.3859012
2015,"WGOA","Tanner crab",4615.94402532592,0.0196616208724212,2811791.48351928
2015,"WGOA","Thornyheads",61816.3137373199,0.263306686078805,210746557.394903
2015,"WGOA","Walleye pollock",683366.63665886,2.91080126906423,428076490988.599
2017,"WGOA","Arrowtooth flounder",830640.639407883,3.53811511657363,48955099131.2479
2017,"WGOA","Atka mackerel",37703.6540132802,0.160598773868736,14216779358.3508
2017,"WGOA","Big skate",27946.1321688927,0.119036594148593,369334895.04765
2017,"WGOA","Deep-water flatfish",20754.9914696103,0.0884059189727721,312058299.032052
2017,"WGOA","Demersal shelf rockfish",1391.35125522805,0.00592646287098981,3842161.4247188
2017,"WGOA","Flathead sole",222096.069248877,0.946018558038755,9392775593.50882
2017,"WGOA","Gelatinous carnivores",7599.06837120735,0.0323682437392072,24134881.134204
2017,"WGOA","Infauna",570.309739914824,0.00242923523867097,111954.745493306
2017,"WGOA","King crab",816.004871605775,0.0034757740404854,1745177.76768386
2017,"WGOA","Large sculpins",29401.7636014058,0.125236858536338,230235931.490734
2017,"WGOA","Lingcod",20147.3594995174,0.0858177096356613,5590405439.27132
2017,"WGOA","Longnose skate",41351.478295215,0.17613668716385,987946437.938503
2017,"WGOA","MISC_NA",197.455252214093,0.000841060958928697,195655.421255075
2017,"WGOA","MISC_SHELLS",665.554574704834,0.00283493076301506,135298.826391583
2017,"WGOA","Miscellaneous deep-sea fish",24.7107650425513,0.000105255542759711,504.667940533156
2017,"WGOA","Motile epifauna",20920.8602247134,0.0891124371973269,27390263.1624998
2017,"WGOA","Nonpandalid shrimp",406.436770183724,0.00173121806506298,227787.970165823
2017,"WGOA","Octopus",1011.86031654873,0.00431002061781382,4138320.51867412
2017,"WGOA","Other gelatinous zooplankton",869.389810896714,0.00370316727378215,213538.162919336
2017,"WGOA","Other skates",16458.8502745484,0.0701064987613814,58111160.112417
2017,"WGOA","Pacific capelin",151.130327469889,0.00064373986875372,22771.9682099946
2017,"WGOA","Pacific cod",99548.6905564026,0.424027804784259,2259803254.96358
2017,"WGOA","Pacific dogfish",27384.9157651115,0.116646091989557,882268783.626867
2017,"WGOA","Pacific hake",1.41563095972363,6.0298823106683e-06,20.0401101412804
2017,"WGOA","Pacific halibut",234045.880598734,0.996918798372856,2298022521.81057
2017,"WGOA","Pacific herring",13869.6528357097,0.0590778081778345,722023992.569795
2017,"WGOA","Pacific ocean perch",1226021.38576723,5.22224003068011,1308135626000.36
2017,"WGOA","Pacific sandlance",16.4542503809544,7.00869055073464e-05,707.11281240167
2017,"WGOA","Pacific sleeper shark",6561.37249353139,0.0279481765079329,947135397.975147
2017,"WGOA","Pandalid shrimp",8324.58614006961,0.0354585878225212,23811505.3190522
2017,"WGOA","Pelagic shelf rockfish",49502.0382272723,0.210854010078255,3629823936.54212
2017,"WGOA","Rex sole",77367.6862237086,0.329547781767046,1630953239.79643
2017,"WGOA","Sablefish",103706.978091557,0.441740037113366,2997198751.69526
2017,"WGOA","Salmon returning",10175.8472130238,0.0433440372891071,88266051.3966385
2017,"WGOA","Sessile epifauna",38905.2046804254,0.165716780834764,608245231.779399
2017,"WGOA","Shallow-water flatfish",263778.112533877,1.12356328729913,9769408070.13489
2017,"WGOA","Shelf demersal fish",8336.70655926699,0.0355102147672515,29854040.7658716
2017,"WGOA","Shelf forage fish",12414.531014998,0.0528797144823632,95027213.0334268
2017,"WGOA","Slope demersal fish",137525.144404804,0.585788569981917,2016112562.03728
2017,"WGOA","Slope forage fish",300.631311902963,0.00128053954826658,14862.4759901106
2017,"WGOA","Slope rockfish",218814.487073332,0.932040653574738,67686239317.6551
2017,"WGOA","Squid",1130.9991116449,0.0048174925038518,300882.454531381
2017,"WGOA","Tanner crab",3997.15884876955,0.0170259044347492,95327921.1781737
2017,"WGOA","Thornyheads",48370.9867706958,0.206036294611084,133048852.714763
2017,"WGOA","Walleye pollock",282065.560045816,1.20145869888368,466671608863.245
2019,"WGOA","Arrowtooth flounder",860270.256283337,3.66432251649095,53785707175.3189
2019,"WGOA","Atka mackerel",825.23029133888,0.00351506973042143,1122371.48050583
2019,"WGOA","Big skate",30553.2375913298,0.130141563816584,655960686.17287
2019,"WGOA","Deep-water flatfish",15516.4184651001,0.0660922089793093,43405770.1528096
2019,"WGOA","Demersal shelf rockfish",1934.43747768064,0.00823973949399747,7302853.91803645
2019,"WGOA","Flathead sole",160990.454565223,0.68573909570246,4245956738.10454
2019,"WGOA","Gelatinous carnivores",105598.502973106,0.449796990336306,5404636426.69295
2019,"WGOA","Infauna",853.170755006961,0.00363408217958185,421189.681450814
2019,"WGOA","King crab",1084.53324296576,0.00461957106276319,4545410.18329285
2019,"WGOA","Large sculpins",27676.2551137479,0.117887052405602,194330361.751958
2019,"WGOA","Lingcod",9699.76166738025,0.0413161501548774,69049882.073591
2019,"WGOA","Longnose skate",24931.2631817114,0.10619475493201,136942096.112461
2019,"WGOA","MISC_NA",1465.79227898342,0.00624354452934673,4256714.36536358
2019,"WGOA","MISC_SHELLS",1871.81906379391,0.00797301626106435,5162272.91926745
2019,"WGOA","Miscellaneous deep-sea fish",2.70661651347972,1.15288373175876e-05,8.64485937086994
2019,"WGOA","Motile epifauna",16097.1143789755,0.0685656841423831,63489804.7550524
2019,"WGOA","Mysids",0.0712281600834167,3.0339646046756e-07,0.00507345078886883
2019,"WGOA","Nonpandalid shrimp",239.369041917465,0.00101959281242445,30701.1817028617
2019,"WGOA","Octopus",12742.5501721553,0.0542769126007835,67304227.9192922
2019,"WGOA","Other gelatinous zooplankton",52.1561576448406,0.000222159235932824,6341.39803095698
2019,"WGOA","Other skates",10233.7259917507,0.043590572038585,37864163.1495379
2019,"WGOA","Pacific capelin",1152.97766409749,0.0049111101827657,2547046.14891041
2019,"WGOA","Pacific cod",171777.50780815,0.731686566042089,14736472706.4963
2019,"WGOA","Pacific dogfish",13465.8003436494,0.0573575978495235,62442370.1043419
2019,"WGOA","Pacific hake",3.88914141007676,1.65658039838912e-05,58.1444167858895
2019,"WGOA","Pacific halibut",231284.646286989,0.985157316457222,5587383034.54995
2019,"WGOA","Pacific herring",45086.4841398815,0.19204595046323,13439511741.9429
2019,"WGOA","Pacific ocean perch",977265.954312321,4.16266587718362,329887772811.073
2019,"WGOA","Pacific sandlance",12.0525041949521,5.13376606701125e-05,584.422685189174
2019,"WGOA","Pacific sleeper shark",4877.73300854043,0.0207767114602402,452053306.749492
2019,"WGOA","Pandalid shrimp",11499.9910218334,0.048984229935841,20159600.9069738
2019,"WGOA","Pelagic shelf rockfish",80271.8583436829,0.341918107502778,6810864666.50516
2019,"WGOA","Rex sole",66170.361795599,0.281852760665604,940836117.311322
2019,"WGOA","Sablefish",214181.878087309,0.912308048275884,5680309976.63296
2019,"WGOA","Salmon returning",12671.5178662769,0.0539743503816117,35031045.9996045
2019,"WGOA","Sessile epifauna",35247.3109594963,0.150135976748336,1103353471.40622
2019,"WGOA","Shallow-water flatfish",217822.884496044,0.927816920829326,8542266628.79758
2019,"WGOA","Shelf demersal fish",7178.78376791343,0.0305780408071217,22875877.4729887
2019,"WGOA","Shelf forage fish",24765.7786437622,0.10548987328103,605748457.317201
2019,"WGOA","Slope demersal fish",203441.016881572,0.866557332991681,2274735444.20061
2019,"WGOA","Slope forage fish",315.005078799353,0.00134176463108275,6649.77558282926
2019,"WGOA","Slope rockfish",159261.450641803,0.678374400757569,18797921540.6566
2019,"WGOA","Squid",2286.97139725686,0.00974135828169212,483167.575781626
2019,"WGOA","Tanner crab",7128.26368194456,0.0303628504210788,77806437.6487726
2019,"WGOA","Thornyheads",52389.3699280371,0.223152604021744,106427293.558998
2019,"WGOA","Walleye pollock",246683.154799435,1.05074728780681,83030147138.4591
2021,"WGOA","Arrowtooth flounder",983068.219914838,4.18738063668933,103754731307.991
2021,"WGOA","Atka mackerel",24410.5861948529,0.103976930483439,3887622406.89486
2021,"WGOA","Big skate",23360.5805513262,0.0995044297850647,324020426.671574
2021,"WGOA","Deep-water flatfish",17809.5600010186,0.0758598489763838,65160058.3814859
2021,"WGOA","Demersal shelf rockfish",3719.05924629132,0.0158413387383937,127136503.334944
2021,"WGOA","Flathead sole",150114.099734427,0.639411245108141,4616556249.05017
2021,"WGOA","Gelatinous carnivores",19021.182592999,0.0810207573221685,45938446.603445
2021,"WGOA","Infauna",1114.36384533373,0.00474663456070361,2104958.00842915
2021,"WGOA","King crab",1608.64341343747,0.00685201916236232,3978790.26788408
2021,"WGOA","Large sculpins",23047.9224891373,0.0981726622749443,191526490.792297
2021,"WGOA","Lingcod",16555.8235537782,0.0705195565975489,174064289.54859
2021,"WGOA","Longnose skate",30115.9961275096,0.128279133110283,161250071.326752
2021,"WGOA","MISC_NA",9492.73560237916,0.0404343223037536,1361449051.50115
2021,"WGOA","MISC_SHELLS",1261.97845811462,0.00537539923718214,3322247.112263
2021,"WGOA","Miscellaneous deep-sea fish",25.3900071853074,0.000108148775740477,59.5025808036373
2021,"WGOA","Motile epifauna",26911.9359660408,0.114631433787764,234818774.262361
2021,"WGOA","Mysids",0.0436846655451068,1.86074901942895e-07,0.00381670000757569
2021,"WGOA","Nonpandalid shrimp",563.868457658974,0.00240179858672026,286681.684270562
2021,"WGOA","Octopus",1181.77634745793,0.00503377822006235,2487091.77691845
2021,"WGOA","Other gelatinous zooplankton",14.2287789915544,6.06075066063355e-05,484.923663045279
2021,"WGOA","Other skates",12836.5185778245,0.05467717117327,53077236.4771795
2021,"WGOA","Pacific capelin",5301.46696309146,0.0225816069094579,157930762.413738
2021,"WGOA","Pacific cod",150205.34898569,0.639799921438138,2891004819.65248
2021,"WGOA","Pacific dogfish",12622.3041987581,0.0537647246870219,142705552.173252
2021,"WGOA","Pacific hake",21.6359443351616,9.21583390961335e-05,3744.9126981937
2021,"WGOA","Pacific halibut",197064.502938465,0.83939656177149,2809254236.38853
2021,"WGOA","Pacific herring",3122.73070551386,0.0133012763763197,33066481.5528925
2021,"WGOA","Pacific ocean perch",1320163.36535849,5.62323794156185,1516574380487.59
2021,"WGOA","Pacific sandlance",25.1887577472612,0.000107291553440998,2143.70749160705
2021,"WGOA","Pandalid shrimp",8918.93646503166,0.0379902239712024,60174400.7640154
2021,"WGOA","Pelagic shelf rockfish",108421.561369078,0.461821812036434,47952669621.0671
2021,"WGOA","Rex sole",86209.5483031574,0.367209707271025,987638640.941677
2021,"WGOA","Sablefish",274298.053476523,1.16837299237348,10335610482.9049
2021,"WGOA","Salmon returning",12677.4225823275,0.0539995015289629,88167993.4762915
2021,"WGOA","Salmon shark",1235.29624285895,0.00526174629912333,28993179.3448074
2021,"WGOA","Sessile epifauna",25782.3610036469,0.109820007449898,422266053.160197
2021,"WGOA","Shallow-water flatfish",251680.177541003,1.07203211407345,7674651118.38663
2021,"WGOA","Shelf demersal fish",6437.76597759769,0.0274216743579252,13744650.3842658
2021,"WGOA","Shelf forage fish",24483.6481739411,0.104288138098856,217532410.049268
2021,"WGOA","Slope demersal fish",184172.705963079,0.784483932176431,4232730325.54258
2021,"WGOA","Slope forage fish",314.332039316782,0.00133889781834285,27680.5764678945
2021,"WGOA","Slope rockfish",125742.160867464,0.535598932978942,16529135758.5946
2021,"WGOA","Squid",6359.03545974284,0.0270863215926711,16058987.5936242
2021,"WGOA","Tanner crab",4694.54290143325,0.0199964129094437,40232311.0049932
2021,"WGOA","Thornyheads",43677.7185824538,0.186045311344493,117846999.90141
2021,"WGOA","Walleye pollock",475376.270495479,2.0248659756154,100542250667.79
2023,"WGOA","Arrowtooth flounder",904524.567517395,3.85282382514638,162486789137.775
2023,"WGOA","Atka mackerel",77874.4318520283,0.3317062655719,38961767001.4395
2023,"WGOA","Big skate",33337.3477739903,0.142000485540544,661622238.72571
2023,"WGOA","Deep-water flatfish",18760.5474882264,0.0799105816813965,84593297.0978299
2023,"WGOA","Demersal shelf rockfish",3291.29826642,0.0140192901684587,27532614.9867032
2023,"WGOA","Flathead sole",118353.913014547,0.504128679570642,3320823742.07207
2023,"WGOA","Gelatinous carnivores",11612.24206631,0.0494623634372275,13981954.0307102
2023,"WGOA","Infauna",1701.79932952563,0.00724881693419388,6553640.16751886
2023,"WGOA","King crab",686.790715291981,0.00292538613741454,4605980.54018277
2023,"WGOA","Large sculpins",23310.5326701992,0.0992912507562924,112737448.048131
2023,"WGOA","Lingcod",10402.6738503405,0.0443102057093085,293591477.637747
2023,"WGOA","Longnose skate",25759.1122279641,0.109720979253127,112845511.090935
2023,"WGOA","MISC_NA",3944.70719872619,0.0168024865484778,73938084.6265783
2023,"WGOA","MISC_SHELLS",1331.22400166691,0.00567035073940138,3471812.42597092
2023,"WGOA","Miscellaneous deep-sea fish",1.76122128828014,7.50192486143859e-06,1.51417679866083
2023,"WGOA","Motile epifauna",27557.9778460727,0.117383250196975,109094319.228951
2023,"WGOA","Mysids",0.105806014441046,4.50680885762016e-07,0.0111949126918988
2023,"WGOA","Nonpandalid shrimp",187.734690929221,0.000799656212770236,46772.0287594617
2023,"WGOA","Octopus",4938.30849575155,0.0210347328437693,18498686.2420206
2023,"WGOA","Other gelatinous zooplankton",24.8182346834584,0.000105713309865034,550.136517807649
2023,"WGOA","Other skates",8074.0911967759,0.0343916042155976,16401669.5699152
2023,"WGOA","Pacific capelin",3647.41540286088,0.0155361716740524,127553218.419838
2023,"WGOA","Pacific cod",207656.142734885,0.88451166822683,11170441616.2401
2023,"WGOA","Pacific dogfish",50339.225564684,0.214420010865324,4558597451.23232
2023,"WGOA","Pacific halibut",160280.503248803,0.682715056947932,1969801623.57791
2023,"WGOA","Pacific herring",24903.290162762,0.106075603813578,3576576025.37915
2023,"WGOA","Pacific ocean perch",798226.413006207,3.40004666797766,455545783277.491
2023,"WGOA","Pacific sandlance",5.04460612631514,2.14875077691824e-05,116.787476889375
2023,"WGOA","Pandalid shrimp",4475.62551749295,0.0190639339665015,10570789.8568889
2023,"WGOA","Pelagic shelf rockfish",69768.6284253348,0.29717958306284,16310783113.3626
2023,"WGOA","Rex sole",74636.2391460203,0.317913178621962,978143863.925651
2023,"WGOA","Sablefish",144933.499315677,0.617344469435361,1117543079.85672
2023,"WGOA","Salmon returning",17665.4535425727,0.0752460272888405,365347722.698491
2023,"WGOA","Salmon shark",2182.00782912793,0.00929426579732823,128551270.492141
2023,"WGOA","Sessile epifauna",31067.2548905449,0.132331021315112,336728547.229794
2023,"WGOA","Shallow-water flatfish",235654.608368611,1.0037711768516,11097721117.5743
2023,"WGOA","Shelf demersal fish",5452.42213202779,0.023224600690161,18229462.6973898
2023,"WGOA","Shelf forage fish",28068.089739997,0.119556072615493,707579726.22418
2023,"WGOA","Slope demersal fish",94411.4154792113,0.402145573472336,799768182.504629
2023,"WGOA","Slope forage fish",88.882020755664,0.000378593107906925,2504.81706022366
2023,"WGOA","Slope rockfish",68034.5661563482,0.289793342087013,4249492829.72694
2023,"WGOA","Squid",14536.0784510751,0.0619164491399201,28370651.7540573
2023,"WGOA","Tanner crab",2099.81731998135,0.00894417519369766,1917522.6340477
2023,"WGOA","Thornyheads",32919.63427893,0.140221234248044,115877460.595767
2023,"WGOA","Walleye pollock",865712.1059622,3.68750208380014,262234611175.035
2023,"WGOA","ZERO",1.04066751211147,4.43272491284963e-06,1.10378214101584
