"year","model","Arrowtooth flounder adult_mtkm2","Arrowtooth flounder adult_cv_mtkm2","Atka mackerel_mtkm2","Atka mackerel_cv_mtkm2","Big skate_mtkm2","Big skate_cv_mtkm2","Deep-water flatfish_mtkm2","Deep-water flatfish_cv_mtkm2","Demersal shelf rockfish_mtkm2","Demersal shelf rockfish_cv_mtkm2","Euphausiids_mtkm2","Euphausiids_cv_mtkm2","Flathead sole adult_mtkm2","Flathead sole adult_cv_mtkm2","Gelatinous carnivores_mtkm2","Gelatinous carnivores_cv_mtkm2","Infauna_mtkm2","Infauna_cv_mtkm2","King crab_mtkm2","King crab_cv_mtkm2","Large sculpins_mtkm2","Large sculpins_cv_mtkm2","Lingcod_mtkm2","Lingcod_cv_mtkm2","Longnose skate_mtkm2","Longnose skate_cv_mtkm2","Miscellaneous deep-sea fish_mtkm2","Miscellaneous deep-sea fish_cv_mtkm2","Motile epifauna_mtkm2","Motile epifauna_cv_mtkm2","Mysids_mtkm2","Mysids_cv_mtkm2","Nonpandalid shrimp_mtkm2","Nonpandalid shrimp_cv_mtkm2","Octopus_mtkm2","Octopus_cv_mtkm2","Other gelatinous zooplankton_mtkm2","Other gelatinous zooplankton_cv_mtkm2","Other skates_mtkm2","Other skates_cv_mtkm2","Pacific capelin_mtkm2","Pacific capelin_cv_mtkm2","Pacific cod adult_mtkm2","Pacific cod adult_cv_mtkm2","Pacific dogfish_mtkm2","Pacific dogfish_cv_mtkm2","Pacific hake_mtkm2","Pacific hake_cv_mtkm2","Pacific halibut adult_mtkm2","Pacific halibut adult_cv_mtkm2","Pacific herring adult_mtkm2","Pacific herring adult_cv_mtkm2","Pacific ocean perch adult_mtkm2","Pacific ocean perch adult_cv_mtkm2","Pacific sandlance_mtkm2","Pacific sandlance_cv_mtkm2","Pacific sleeper shark_mtkm2","Pacific sleeper shark_cv_mtkm2","Pandalid shrimp_mtkm2","Pandalid shrimp_cv_mtkm2","Pelagic shelf rockfish_mtkm2","Pelagic shelf rockfish_cv_mtkm2","Rex sole adult_mtkm2","Rex sole adult_cv_mtkm2","Sablefish adult_mtkm2","Sablefish adult_cv_mtkm2","Salmon returning_mtkm2","Salmon returning_cv_mtkm2","Salmon shark_mtkm2","Salmon shark_cv_mtkm2","Sessile epifauna_mtkm2","Sessile epifauna_cv_mtkm2","Shallow-water flatfish_mtkm2","Shallow-water flatfish_cv_mtkm2","Shelf demersal fish_mtkm2","Shelf demersal fish_cv_mtkm2","Shelf forage fish_mtkm2","Shelf forage fish_cv_mtkm2","Slope demersal fish_mtkm2","Slope demersal fish_cv_mtkm2","Slope forage fish_mtkm2","Slope forage fish_cv_mtkm2","Slope rockfish_mtkm2","Slope rockfish_cv_mtkm2","Squid_mtkm2","Squid_cv_mtkm2","Tanner crab_mtkm2","Tanner crab_cv_mtkm2","Thornyheads_mtkm2","Thornyheads_cv_mtkm2","Walleye pollock adult_mtkm2","Walleye pollock adult_cv_mtkm2"
1990,"WGOA",8.11147441499553,0.893219807147442,0.185367269830697,9.74574890597155,0.0375535113128724,2.81390961462484,0.384240728755926,1.29317988057698,0.00339469527081451,5.14795381367015,NA,NA,0.951942827309316,1.82957507991085,0.188069267990111,1.40175091406786,0.00243711624363936,3.6453231735815,0.0033354549793804,9.15925883875605,0.108004560888085,2.15061493364861,0.00440123887777122,5.58813960969771,0.0416286323343929,1.84689135103395,0.000690379474272321,6.090127593509,0.0573288855930943,3.01291955135106,NA,NA,0.000703518798530785,5.71601329159759,0.00407892075435164,3.66383617660484,0.00145121067063576,10.5069549644251,0.0469254983639876,2.66822853167009,0.000546100233485765,5.02847212497539,1.70982734432323,0.810719271236981,0.0557727829959247,3.93113374447461,NA,NA,1.20879323140341,0.687531942356094,0.0297163312434453,5.35053571064463,0.37797551202804,2.69790171496961,9.94114569748133e-05,5.58416761981099,0.00415045020910156,8.9423072657314,0.0318209516393452,2.03061011624228,0.123384301462379,4.35473549499909,0.456907922631785,0.916959565302931,0.913876749984826,2.18078986107346,0.00567527853197598,2.42327618707461,0.055761759022911,3.08196395146342,0.267363593920829,6.45653222692919,0.872238466455621,1.3699602386525,0.0614635584763813,1.09876090569102,0.0995665556444737,2.21491801460522,0.179226635639209,1.91847251448834,0.000108145299170774,2.01650241068945,0.929668556488285,3.45659197890527,0.0131412327383755,2.41330058560112,0.00456679856538753,2.19055247872135,0.0568638432671729,0.79559505122368,3.67205732706451,0.981163407207805
1991,"WGOA",NA,NA,NA,NA,NA,NA,NA,NA,NA,NA,NA,NA,NA,NA,NA,NA,NA,NA,NA,NA,NA,NA,NA,NA,NA,NA,NA,NA,NA,NA,NA,NA,NA,NA,NA,NA,NA,NA,NA,NA,NA,NA,NA,NA,NA,NA,NA,NA,NA,NA,NA,NA,NA,NA,NA,NA,NA,NA,NA,NA,NA,NA,NA,NA,NA,NA,NA,NA,NA,NA,NA,NA,NA,NA,NA,NA,NA,NA,NA,NA,NA,NA,NA,NA,NA,NA,NA,NA,NA,NA,NA,NA
1992,"WGOA",NA,NA,NA,NA,NA,NA,NA,NA,NA,NA,NA,NA,NA,NA,NA,NA,NA,NA,NA,NA,NA,NA,NA,NA,NA,NA,NA,NA,NA,NA,NA,NA,NA,NA,NA,NA,NA,NA,NA,NA,NA,NA,NA,NA,NA,NA,NA,NA,NA,NA,NA,NA,NA,NA,NA,NA,NA,NA,NA,NA,NA,NA,NA,NA,NA,NA,NA,NA,NA,NA,NA,NA,NA,NA,NA,NA,NA,NA,NA,NA,NA,NA,NA,NA,NA,NA,NA,NA,NA,NA,NA,NA
1993,"WGOA",6.61495943826752,0.852722602433863,0.0969919776298113,7.14915541975017,0.103280067664342,1.89505885072946,0.256979079990861,0.733696615968824,0.00494167025307043,4.33788229867481,NA,NA,0.711140353511793,1.63704095726366,0.0310833776028008,1.18691022803983,0.0102615666082683,5.967250290959,0.00380078116713531,2.76290002749158,0.100388572717734,1.65753568108238,0.0123057741943089,3.86860058781225,0.0622407597293069,2.17535808215909,9.7414876452001e-05,3.33224060590938,0.072573331824759,1.66335855579835,NA,NA,9.05052316842815e-05,1.69153410608024,0.00502907828053708,3.61435301909985,0.000107956134252775,5.06356703289628,0.0219516081829616,1.55488805163313,0.000168291119861839,2.6324437578928,1.68545654686232,2.01058369659093,0.0360052264607947,2.85223340280366,NA,NA,2.14171114669447,1.47666409271663,0.0142218966804679,8.01314938400144,1.98069549708466,2.06570570551651,8.64103629508764e-06,5.13822076493182,0.0305037867376849,7.94951819559265,0.0230701263969499,1.38779017817223,0.220931046150903,3.92153388117406,0.351500146346609,0.803276883963416,1.13212485460722,2.03165156633338,0.0313693296140591,1.38247355245084,0.0304981609616728,4.81579061100175,0.223144551102315,3.41093427035749,1.23538208802462,1.3759232629118,0.0780673432238457,1.60707656154878,0.106097740863546,1.80948425837779,0.423290481034253,1.07079428966953,0.000328964508476306,1.21068262739073,1.06677692857205,2.47342606608032,0.0379597954660581,0.889835634376429,0.0231895778105605,5.14042548165334,0.135602695980519,0.485908605860521,3.18399122292746,1.77980740380024
1994,"WGOA",NA,NA,NA,NA,NA,NA,NA,NA,NA,NA,NA,NA,NA,NA,NA,NA,NA,NA,NA,NA,NA,NA,NA,NA,NA,NA,NA,NA,NA,NA,NA,NA,NA,NA,NA,NA,NA,NA,NA,NA,NA,NA,NA,NA,NA,NA,NA,NA,NA,NA,NA,NA,NA,NA,NA,NA,NA,NA,NA,NA,NA,NA,NA,NA,NA,NA,NA,NA,NA,NA,NA,NA,NA,NA,NA,NA,NA,NA,NA,NA,NA,NA,NA,NA,NA,NA,NA,NA,NA,NA,NA,NA
1995,"WGOA",NA,NA,NA,NA,NA,NA,NA,NA,NA,NA,NA,NA,NA,NA,NA,NA,NA,NA,NA,NA,NA,NA,NA,NA,NA,NA,NA,NA,NA,NA,NA,NA,NA,NA,NA,NA,NA,NA,NA,NA,NA,NA,NA,NA,NA,NA,NA,NA,NA,NA,NA,NA,NA,NA,NA,NA,NA,NA,NA,NA,NA,NA,NA,NA,NA,NA,NA,NA,NA,NA,NA,NA,NA,NA,NA,NA,NA,NA,NA,NA,NA,NA,NA,NA,NA,NA,NA,NA,NA,NA,NA,NA
1996,"WGOA",6.64339689122659,1.02367354142348,0.935140081829757,11.7462793426554,0.140501148923227,1.94959691442206,0.237881905721867,0.728816826627838,0.0027793984330707,4.84917952489372,6.01528674653293e-08,11.916375287813,0.936113146565639,1.27733986160386,0.0553278883703013,3.4262447129931,0.00490136629269489,2.31969352742703,0.00236953015370952,3.44911090235925,0.129472766337908,2.68724921883165,0.0264999694169198,8.8558897447119,0.088216200581713,1.46990114886531,1.9371302954579e-06,2.5040425535174,0.103477909861052,2.6137075359698,NA,NA,0.000177728406587065,3.77098548348156,0.00923334358349281,4.34589824053536,0.000166600060076021,5.74135559912381,0.0522896986237811,1.39255212131215,0.00419500881832056,8.64660329937133,2.13206790861635,1.76769295044705,0.0166586804396375,1.9312342881044,NA,NA,1.95416034864117,1.4581378433948,0.000134011888289063,4.97291906732195,3.37436530305249,2.41980663339629,1.6442096506843e-05,5.87302470987049,0.0689201420545749,3.93285644874749,0.0256969723679663,1.22931401835665,0.361238367984207,4.62702457078381,0.286522401142858,0.845957665947569,0.648559386912758,1.43698177220635,0.0215522369941369,3.58696311194304,NA,NA,0.362728566253902,2.98029798772011,1.2306281188964,1.17464290752249,0.0623418226669183,1.36315897690677,0.117643645825978,1.88463112986245,0.404215083330546,1.1938030346933,0.000463133941144937,1.60121762054436,1.07785113855633,2.37045340400797,0.0248656890852763,0.828262463692177,0.00816412441975611,2.91691670712436,0.222019138854475,0.43440030072206,3.21886222196025,1.64311099584384
1997,"WGOA",NA,NA,NA,NA,NA,NA,NA,NA,NA,NA,NA,NA,NA,NA,NA,NA,NA,NA,NA,NA,NA,NA,NA,NA,NA,NA,NA,NA,NA,NA,NA,NA,NA,NA,NA,NA,NA,NA,NA,NA,NA,NA,NA,NA,NA,NA,NA,NA,NA,NA,NA,NA,NA,NA,NA,NA,NA,NA,NA,NA,NA,NA,NA,NA,NA,NA,NA,NA,NA,NA,NA,NA,NA,NA,NA,NA,NA,NA,NA,NA,NA,NA,NA,NA,NA,NA,NA,NA,NA,NA,NA,NA
1998,"WGOA",NA,NA,NA,NA,NA,NA,NA,NA,NA,NA,NA,NA,NA,NA,NA,NA,NA,NA,NA,NA,NA,NA,NA,NA,NA,NA,NA,NA,NA,NA,NA,NA,NA,NA,NA,NA,NA,NA,NA,NA,NA,NA,NA,NA,NA,NA,NA,NA,NA,NA,NA,NA,NA,NA,NA,NA,NA,NA,NA,NA,NA,NA,NA,NA,NA,NA,NA,NA,NA,NA,NA,NA,NA,NA,NA,NA,NA,NA,NA,NA,NA,NA,NA,NA,NA,NA,NA,NA,NA,NA,NA,NA
1999,"WGOA",4.15022344839728,0.878520959248828,0.0199962055178486,4.11310833508526,0.191768288925732,1.91190140625464,0.160501522054609,1.13631082764371,0.00961418936581801,5.75645792921636,3.02346277378095e-05,8.18488073946727,0.804573128509111,1.78290161355434,0.00960819709029241,2.65357467256558,0.00536461149048537,3.32816143028122,0.00081207294132953,3.59647235188977,0.127754547916483,1.25714375704955,0.0260358471691307,5.58096151538816,0.136096654775711,1.65947541095573,8.69920195488824e-05,3.04765455396845,0.148008793012383,1.35669442394386,NA,NA,0.000218072549825606,2.71759783273047,0.00401960495594883,3.26275508700655,0.000232383914904169,1.85525711380968,0.0746979312063533,1.07557075629771,0.000553399396720596,2.54315425074501,1.20520122763283,1.45654842003946,0.0692811899914148,1.75074888481441,NA,NA,2.25716245936948,1.57103219521348,0.000205365351070253,7.09370250182781,2.71068588274386,5.6872580439237,3.50266254349354e-05,4.46100371682661,0.077262506729603,3.72154693984725,0.0257390255002219,1.09756635897635,0.200041634868441,5.1040996095508,0.236115926132205,1.51689184088894,0.487458595418413,0.974149930701169,0.0101953513972334,3.86918088514041,NA,NA,0.185225899021727,1.80331568729127,1.19120854086684,1.39615011476596,0.0473027639168534,2.35680724439806,0.0567830600172628,1.14374208624517,1.53543983712721,0.638958819300179,0.00073065983326155,1.12468819043539,1.32846199437852,6.00920364741133,0.00722995503541394,1.26697528620102,0.0104804504608131,3.2979246375472,0.229379340484098,0.41938356130436,2.51079169412804,4.00188701785557
2000,"WGOA",NA,NA,NA,NA,NA,NA,NA,NA,NA,NA,NA,NA,NA,NA,NA,NA,NA,NA,NA,NA,NA,NA,NA,NA,NA,NA,NA,NA,NA,NA,NA,NA,NA,NA,NA,NA,NA,NA,NA,NA,NA,NA,NA,NA,NA,NA,NA,NA,NA,NA,NA,NA,NA,NA,NA,NA,NA,NA,NA,NA,NA,NA,NA,NA,NA,NA,NA,NA,NA,NA,NA,NA,NA,NA,NA,NA,NA,NA,NA,NA,NA,NA,NA,NA,NA,NA,NA,NA,NA,NA,NA,NA
2001,"WGOA",6.1997839855023,1.08417778142709,0.875521718094722,10.4684899076986,0.163527444311596,2.23290813835956,0.1784567343161,0.887527313308278,0.00820897109116981,5.62842480062809,NA,NA,0.7824854592012,1.33849718505545,0.0704032646518342,2.4220617566801,0.00819981607549704,3.77008681660328,0.00376566929429885,2.41402263531919,0.14681339420943,2.92271590949026,0.0289793913580566,3.11861120737611,0.0982479477597898,1.19537474250863,1.15021268317589e-06,3.31088013045963,0.134515141669661,1.07115082237746,NA,NA,0.000557163256213348,5.47527325060961,0.0061533501696434,4.19184059799667,0.00015647384040127,2.14020037244316,0.0535142204516665,1.38273354566383,0.00124337620583507,2.8516508786304,1.15528583637442,1.93022959697357,0.0750201966971263,3.87252289094752,NA,NA,1.52160017854981,0.978276535858851,0.128257259930332,8.46319734510001,3.64779133890851,3.25739266868221,6.11316011794875e-05,3.60512397567076,0.162835011710078,3.19565490025248,0.0382858509867508,1.3403404971927,0.212385046628365,5.05160862061867,0.26134111566955,0.602256210223599,0.947810081661972,1.6508866644151,0.0298702108807277,2.15598009993769,NA,NA,0.294203024364982,1.80071461446478,1.42726253557593,1.61156083777402,0.0620113950678478,1.68533530643894,0.199523810269355,1.71861051652196,1.26194065141101,1.19208951754816,0.000300776185242624,1.59744607646116,2.87041693809708,7.69474276867468,0.0389748242488378,1.38303042809226,0.0209182643495202,4.87059518518969,0.217247067762839,0.4273154548019,1.01747462195717,2.35878421004674
2002,"WGOA",NA,NA,NA,NA,NA,NA,NA,NA,NA,NA,NA,NA,NA,NA,NA,NA,NA,NA,NA,NA,NA,NA,NA,NA,NA,NA,NA,NA,NA,NA,NA,NA,NA,NA,NA,NA,NA,NA,NA,NA,NA,NA,NA,NA,NA,NA,NA,NA,NA,NA,NA,NA,NA,NA,NA,NA,NA,NA,NA,NA,NA,NA,NA,NA,NA,NA,NA,NA,NA,NA,NA,NA,NA,NA,NA,NA,NA,NA,NA,NA,NA,NA,NA,NA,NA,NA,NA,NA,NA,NA,NA,NA
2003,"WGOA",11.4673716713311,2.05761574871161,0.275910299396882,4.86837187255782,0.157373745883013,2.15854708540386,0.240454974812961,0.816083268938248,0.00683064104359496,7.40580370077415,NA,NA,1.26937511442019,1.56273585624643,0.0495450741769846,0.828957486511174,0.0164500331461807,5.61690799080174,0.00744944081812394,8.00240238419794,0.116781696984433,1.41562903031442,0.0209549044180443,3.18585525056634,0.119738097060576,1.36020321032693,1.91915467862357e-05,1.76644592468885,0.143440075931846,1.84700960474872,NA,NA,0.000261548031063325,2.73482014504163,0.0169359389776449,2.37311200445223,7.90804354032041e-05,4.54382913723651,0.0823672854798649,1.41437922125969,0.0642337298515026,10.4811617788324,1.32194980213924,2.02912509854644,0.211027798934861,4.69602338224103,NA,NA,2.30054711602974,1.85131385086026,0.00511303583437719,7.51592503150316,2.18492971508026,2.26934450078138,4.05627311527685e-05,7.86373239426558,0.242525852693174,2.99771580287249,0.0306861396704675,1.60943017246845,0.298387296056133,5.84958569457922,0.338929034062157,0.70645748743323,1.01814866332757,1.48650388955949,0.0902795969097479,1.75361504879758,0.0192246059717819,7.71151994798053,0.165047478912409,1.99934112609124,1.51510862672091,1.3429792480015,0.0462749204476261,1.78554064801801,0.329153339069284,2.44846842091919,1.91641006191078,0.868899200981462,0.000412241584887231,0.991484652558735,0.758095990882315,2.333169314428,0.020366956334543,1.7544773766723,0.0339817474598042,5.23346031128135,0.41136646658517,0.525150713902008,2.02229169537561,1.79542644476272
2004,"WGOA",NA,NA,NA,NA,NA,NA,NA,NA,NA,NA,NA,NA,NA,NA,NA,NA,NA,NA,NA,NA,NA,NA,NA,NA,NA,NA,NA,NA,NA,NA,NA,NA,NA,NA,NA,NA,NA,NA,NA,NA,NA,NA,NA,NA,NA,NA,NA,NA,NA,NA,NA,NA,NA,NA,NA,NA,NA,NA,NA,NA,NA,NA,NA,NA,NA,NA,NA,NA,NA,NA,NA,NA,NA,NA,NA,NA,NA,NA,NA,NA,NA,NA,NA,NA,NA,NA,NA,NA,NA,NA,NA,NA
2005,"WGOA",7.35343739988005,0.850392615090134,0.408980599698341,5.77626430272281,0.139767445992808,2.13275643226304,0.203912787369222,1.01951815532491,0.0113995788821866,5.35440626782892,NA,NA,0.996064193292978,1.32502171847229,0.0420540623734426,4.24301201420885,0.0100016426040623,3.19472384354554,0.00224426609440875,5.03244786159333,0.143597109681885,1.19649410685017,0.0547658030559731,4.96060592567454,0.141034369634776,1.00887832133285,5.36390337946038e-05,2.00648063263925,0.13554659017462,0.909168499578608,9.72295928815974e-07,2.96613270650323,0.000873029799846169,5.07723861847357,0.00438929611423202,4.33345028799296,0.000426822711105511,1.98636416292566,0.122993707297603,0.992729715821442,0.00194222326158825,6.53894890681836,1.29814458658907,2.94740780910236,0.0677503713750372,5.12151169517149,4.61242117363138e-05,5.09901951359278,2.20166609166155,2.22930350727197,0.00634563195082959,8.2832590098911,3.66190913856827,1.98861135574231,0.00014311367185848,13.0402985558915,0.196065900638715,2.39783578882613,0.032251538526123,1.60687552779428,0.988110801272511,4.61986860795301,0.372550443829946,0.957639324831647,0.927006017238936,0.842806472052667,0.0414844697357718,2.13351314798327,0.0120914456626049,10.6770782520313,0.283432984293152,1.71972571046946,1.58657572214586,1.15627494273624,0.0787616641379084,1.65169839023408,0.159283772660891,1.97829563198612,2.52559031344637,0.899935736447641,0.0007041893601385,0.782499901872524,2.1314387009965,3.19290313417247,0.0160543708698287,1.00809027677965,0.0229269122725685,1.66431570598175,0.29793894929513,0.382519168798328,1.72416650147907,2.19999620215176
2006,"WGOA",NA,NA,NA,NA,NA,NA,NA,NA,NA,NA,NA,NA,NA,NA,NA,NA,NA,NA,NA,NA,NA,NA,NA,NA,NA,NA,NA,NA,NA,NA,NA,NA,NA,NA,NA,NA,NA,NA,NA,NA,NA,NA,NA,NA,NA,NA,NA,NA,NA,NA,NA,NA,NA,NA,NA,NA,NA,NA,NA,NA,NA,NA,NA,NA,NA,NA,NA,NA,NA,NA,NA,NA,NA,NA,NA,NA,NA,NA,NA,NA,NA,NA,NA,NA,NA,NA,NA,NA,NA,NA,NA,NA
2007,"WGOA",7.66895958372835,1.02716241155058,0.355258959315509,5.63482792540491,0.105551492963159,2.66884009879331,0.221489196293665,1.11723365414781,0.00480234317880212,3.93992774653132,5.6771717754053e-08,11.5325625946708,1.22071914667708,1.27381815216839,0.00352733525272272,2.83174068469494,0.0163748158800325,8.79388362478347,0.0013838792056141,5.02171694190583,0.140087471703734,1.50415126116577,0.0331363237484735,3.05986069332925,0.111805474276993,1.24127365450055,1.7704973434824e-05,2.71489726651201,0.0995905314555188,0.866988693378139,NA,NA,0.00071778996092853,2.60653032631387,0.0113646787202389,2.93203888027058,0.000163272518069845,2.26246449779427,0.135265880726552,0.938463299166973,0.00335151486242644,6.84393152852757,1.07117551983953,2.06371984271897,0.0741798330234827,2.2569341777874,0.00411167861951852,2.35145950156044,1.53265527426756,1.22379237916924,0.0083014670567408,11.5312263817312,3.30718285095212,1.60208259656204,1.73838575174412e-05,4.96789083115378,0.137405373643398,4.44886060115351,0.033447085348936,1.42827286982546,0.317836403896012,5.7623367583295,0.460477348081323,1.45455141614666,0.658200001604159,0.609154726490872,0.0179747269250377,2.94100983078462,NA,NA,0.270046532709609,2.13040708132195,1.7850039272188,1.21066105005493,0.0631289243386924,1.93104626565728,0.194807569324745,1.64397270027668,1.66778863293564,0.909700819451785,0.000550776950651647,1.37767952630558,1.40982192520314,3.37207860016506,0.0423693250279873,1.40577358737469,0.0196312571633411,2.31264879851314,0.224557510625732,0.413399368193606,1.28046488588243,2.14259614526829
2008,"WGOA",NA,NA,NA,NA,NA,NA,NA,NA,NA,NA,NA,NA,NA,NA,NA,NA,NA,NA,NA,NA,NA,NA,NA,NA,NA,NA,NA,NA,NA,NA,NA,NA,NA,NA,NA,NA,NA,NA,NA,NA,NA,NA,NA,NA,NA,NA,NA,NA,NA,NA,NA,NA,NA,NA,NA,NA,NA,NA,NA,NA,NA,NA,NA,NA,NA,NA,NA,NA,NA,NA,NA,NA,NA,NA,NA,NA,NA,NA,NA,NA,NA,NA,NA,NA,NA,NA,NA,NA,NA,NA,NA,NA
2009,"WGOA",6.20433639853333,1.10896579383333,0.62151610426675,10.4736792829636,0.123075412663193,2.42380018837841,0.184233533630564,0.868653133767825,0.00441749259045186,4.05355516189885,NA,NA,0.950654902805538,1.4955375251719,0.0160066293554176,1.58693005523076,0.00648186276262132,1.65929436677383,0.00172588396111037,2.41510623087628,0.178066307870798,1.58839734689239,0.0425326700078595,3.88441791021393,0.107138555546759,1.09710999310522,2.48406393919987e-05,2.86551185726612,0.129199665428625,0.874418171992844,1.51708467596526e-06,2.24432753336527,0.000609293210087329,1.95760902115857,0.0168328975065941,2.39279735101078,4.02613105906021e-05,2.13958627891972,0.100834611343315,1.22631582408727,0.00161273726718793,2.64053424978518,3.27033866135184,4.05837607813,0.0403362068172905,2.58276759221963,5.28953516673659e-05,5.47722557505166,1.85781462301051,1.66025416257072,0.0441283425184627,9.77411313466376,3.17832450408378,2.12707281761222,8.86563800799504e-06,4.36281296118188,0.157210442050725,5.35668985464742,0.0219999934126228,1.71926514587725,0.28287197737206,5.32381442974249,0.502057001721904,0.860765652204663,0.587896545398949,0.808783302731904,0.0304602404655921,2.50516363095742,NA,NA,0.272218841692444,1.68529729030334,1.68912579486765,1.3487738169795,0.0458276107064983,1.5100563649927,0.255841742334318,2.78279220672213,1.71692596327726,1.47400668088237,0.000507337237679541,0.913081248178643,0.808318953533558,2.19498533898569,0.0333707543014775,1.12675023380678,0.0929421919594195,4.73663079237722,0.233477336185522,0.527038873703223,3.23767065927429,2.10396436281092
2010,"WGOA",NA,NA,NA,NA,NA,NA,NA,NA,NA,NA,NA,NA,NA,NA,NA,NA,NA,NA,NA,NA,NA,NA,NA,NA,NA,NA,NA,NA,NA,NA,NA,NA,NA,NA,NA,NA,NA,NA,NA,NA,NA,NA,NA,NA,NA,NA,NA,NA,NA,NA,NA,NA,NA,NA,NA,NA,NA,NA,NA,NA,NA,NA,NA,NA,NA,NA,NA,NA,NA,NA,NA,NA,NA,NA,NA,NA,NA,NA,NA,NA,NA,NA,NA,NA,NA,NA,NA,NA,NA,NA,NA,NA
2011,"WGOA",5.93031301735871,1.01711808673702,0.42897033957089,6.31035473994845,0.126352208230195,1.91012762668788,0.178520456686022,1.07151433721691,0.0112119509513175,5.20170354820944,NA,NA,1.00008485075388,1.34374713504429,0.00614641338775553,2.92572004422553,0.0088377135940707,2.80435418488158,0.00269002934777588,2.56052822242652,0.140019337036952,1.35058603361105,0.0561794428929372,3.13931123229932,0.0967878864906954,1.14219286363432,9.61712876632719e-06,1.52836296103438,0.0848933192054771,0.882993991734788,NA,NA,0.000198661565238033,3.18411237262267,0.0240252686871766,2.10943824949581,0.000302690304220375,1.30532660122178,0.0817436060190886,1.18403266250407,0.00138538560982723,4.1644444999906,2.04086074044436,1.45168758452221,0.044297245004757,3.75174876268612,NA,NA,1.43233236295013,1.06237780390594,0.0739599126998991,6.56044914275525,3.66294870336762,1.80370663575557,1.50180361807841e-05,8.94942741646433,0.129764201378096,3.87824678410291,0.0214667801667505,1.94194745636434,0.355669659438198,4.86982807626279,0.388675929638529,0.881180778345695,0.480190100066673,0.773615367027519,0.0184015632532422,1.66501194432257,0.00872403849909676,12.8062484748657,0.224734127531953,1.54331308487839,1.30951848610594,1.32644618427275,0.0273698834837346,1.69988582945585,0.155694786585614,2.00055527012009,1.58084723837139,1.09300749233955,0.00109407390928704,1.09169360771293,1.35368272688428,2.4730690913769,0.0153023979676879,0.933034275405734,0.0319283454592965,4.07457381201243,0.189447182575694,0.49658873719147,2.96977123430641,1.65922431032359
2012,"WGOA",NA,NA,NA,NA,NA,NA,NA,NA,NA,NA,NA,NA,NA,NA,NA,NA,NA,NA,NA,NA,NA,NA,NA,NA,NA,NA,NA,NA,NA,NA,NA,NA,NA,NA,NA,NA,NA,NA,NA,NA,NA,NA,NA,NA,NA,NA,NA,NA,NA,NA,NA,NA,NA,NA,NA,NA,NA,NA,NA,NA,NA,NA,NA,NA,NA,NA,NA,NA,NA,NA,NA,NA,NA,NA,NA,NA,NA,NA,NA,NA,NA,NA,NA,NA,NA,NA,NA,NA,NA,NA,NA,NA
2013,"WGOA",4.72983397051379,1.65436031622484,0.483794239518753,7.00849841194592,0.101981595502602,2.41081159586416,0.111080285036713,1.01284622295425,0.00301378446283545,4.18651298401599,NA,NA,0.887671015868098,1.26488385747979,0.0844612498101907,2.98048061613328,0.00507005000118751,1.80870436384317,0.00377457623204721,2.84449219094059,0.149998277166973,1.37114563617723,0.0196023854050826,4.66279577894312,0.127709019961654,1.10276165407225,NA,NA,0.0964776560206824,1.00544960184429,NA,NA,0.000474591447503193,2.86146659129196,0.0124195350397416,1.97818869795362,0.000357028740354707,2.07755775636017,0.111753916272765,0.843063495941001,0.0168528506264927,7.73896979143536,2.22368732185662,1.58731286020281,0.0635959490389609,4.97797150623112,NA,NA,0.848977670953696,0.684980124669514,0.0151444350904617,6.15667247831566,6.52791914641767,1.39992446792534,1.71295388211174e-05,7.18001233495849,0.159077545990582,4.68515534737631,0.0389273152106062,1.53295870567762,0.440452887251135,3.69928536964724,0.416290724106227,0.960253222954058,0.23905895830564,1.15543406297973,0.0499494426172118,2.27739102533648,0.0168066385336899,9.48683298050514,0.161436276184621,1.74797730616938,1.25858691715715,1.24987288538433,0.0442285779056608,1.30790197059608,0.117530960570469,2.12643110962299,1.58804464888977,0.844059197161599,0.000681824066964785,1.65955489105633,2.01054168221277,4.43386749267114,0.0268985388769901,1.05987254088986,0.0103346457639004,2.05038882119766,0.22918430895869,0.607639711597953,4.41254993426037,2.23283607714963
2014,"WGOA",NA,NA,NA,NA,NA,NA,NA,NA,NA,NA,NA,NA,NA,NA,NA,NA,NA,NA,NA,NA,NA,NA,NA,NA,NA,NA,NA,NA,NA,NA,NA,NA,NA,NA,NA,NA,NA,NA,NA,NA,NA,NA,NA,NA,NA,NA,NA,NA,NA,NA,NA,NA,NA,NA,NA,NA,NA,NA,NA,NA,NA,NA,NA,NA,NA,NA,NA,NA,NA,NA,NA,NA,NA,NA,NA,NA,NA,NA,NA,NA,NA,NA,NA,NA,NA,NA,NA,NA,NA,NA,NA,NA
2015,"WGOA",5.67315109284065,1.51903162960547,0.134156139275938,7.39569254533338,0.161903167339524,2.09700403776705,0.0992621878322711,0.913640948287457,0.00660871335759659,4.15249677046642,NA,NA,0.887115757025635,0.97177787765925,0.0966140469845878,1.87064056484245,0.00678776408136981,2.26236364919402,0.00424200949572551,7.19934691601995,0.167465154764567,1.812625590544,0.0210759056173267,3.13040780657655,0.149554017456159,1.10646119757713,2.69347910318286e-05,1.54378607754778,0.132132011009333,1.02678302214538,3.06334044767467e-07,3.24099524666629,0.000507811843432421,4.07035382459319,0.0564449687164352,1.65888507608139,0.000214193431618194,2.56192915109845,0.107707569274289,1.29826953138537,0.000226900631445909,1.93105880399013,1.0841103111484,1.37916638689928,0.0519083138768795,5.68435443182746,NA,NA,1.21660807744381,0.560003260385413,0.0113948551646384,6.61916590083914,7.0171155990897,2.25644657575953,1.04647310133094e-05,8.21168584184886,0.174831330576783,3.94943764524011,0.0460439143794189,2.0535659657422,0.238148681546346,3.20057481751804,0.385840084156538,0.857785411745868,0.338886875662477,0.775520841894366,0.0697831079913261,1.4895181005123,0.0133864885212951,13.490737563232,0.268739164100576,2.97329573647247,0.936434783106519,1.18626745048163,0.0364292738307214,1.44726648267251,0.337162039542757,2.54309091469153,1.39370064330785,0.906221064592708,0.00135661352906289,1.02321863011887,0.851621823737154,2.69563634013444,0.0518433510296063,1.41101698650005,0.0128509766463765,1.80307689257191,0.277169777706641,0.56728843611048,3.36932453794182,1.86204967855505
2016,"WGOA",NA,NA,NA,NA,NA,NA,NA,NA,NA,NA,NA,NA,NA,NA,NA,NA,NA,NA,NA,NA,NA,NA,NA,NA,NA,NA,NA,NA,NA,NA,NA,NA,NA,NA,NA,NA,NA,NA,NA,NA,NA,NA,NA,NA,NA,NA,NA,NA,NA,NA,NA,NA,NA,NA,NA,NA,NA,NA,NA,NA,NA,NA,NA,NA,NA,NA,NA,NA,NA,NA,NA,NA,NA,NA,NA,NA,NA,NA,NA,NA,NA,NA,NA,NA,NA,NA,NA,NA,NA,NA,NA,NA
2017,"WGOA",3.61851417463173,0.641849272013443,0.140614486067978,7.71875755408765,0.101997644102357,1.76387323345041,0.101196579702728,1.94882557020489,0.00948227085601916,3.85941758447138,NA,NA,0.985031948037453,1.27969056595681,0.0389936921268344,1.15273927917904,0.00241299855613232,2.07505430596943,0.00383551599912652,5.74973209487167,0.125679933526701,1.14788824983655,0.0859316866472498,7.98607902257945,0.162909932601096,1.69073985832187,5.76253778075001e-05,3.44711912190839,0.090328506337492,0.622168415079691,NA,NA,0.00123407512644021,5.72398614425971,0.00377991079391691,4.70176782853105,0.00331023323908715,1.73898097433121,0.0720339436130939,1.14685107162989,0.000498789578796593,3.26763365952652,0.448072326361509,1.01949456423619,0.097454044326249,2.945288165426,4.91902036717104e-06,5.91607978309961,1.05403569190776,0.594557350976348,0.0413484822207146,5.69323667444492,7.31839364703576,1.80309009702459,6.39416238408983e-05,3.62264425743842,0.0402868808026614,8.88819441731559,0.0294939918085676,1.77612509464534,0.325577622903876,2.58141819304393,0.411729472867875,0.919112766683479,0.568014724516039,2.11908091480743,0.0501035507823501,2.18633364367627,NA,NA,0.181887407558431,1.55061198023846,1.060854110899,1.18275094758153,0.0376322597116271,1.62683628862355,0.0559375289294536,2.30365053505584,0.643924264606167,0.88696749741451,0.00133871045897703,1.10097026103974,1.10193441677112,2.59516622668985,0.00549024703591719,1.04113327647017,0.015754132883106,4.76274422636069,0.279816948726863,0.47661636994362,1.19978950227228,4.59024627456053
2018,"WGOA",NA,NA,NA,NA,NA,NA,NA,NA,NA,NA,NA,NA,NA,NA,NA,NA,NA,NA,NA,NA,NA,NA,NA,NA,NA,NA,NA,NA,NA,NA,NA,NA,NA,NA,NA,NA,NA,NA,NA,NA,NA,NA,NA,NA,NA,NA,NA,NA,NA,NA,NA,NA,NA,NA,NA,NA,NA,NA,NA,NA,NA,NA,NA,NA,NA,NA,NA,NA,NA,NA,NA,NA,NA,NA,NA,NA,NA,NA,NA,NA,NA,NA,NA,NA,NA,NA,NA,NA,NA,NA,NA,NA
2019,"WGOA",3.75352433064556,0.636004946598171,0.00417430643117639,2.43136191022055,0.12374649530955,2.04252439670467,0.0698903302079245,0.920609310234555,0.0135347705682534,3.90324974745064,NA,NA,0.725347172265326,1.03417144521865,0.439629331454247,1.46385766239638,0.0034623295572323,1.91896791973968,0.00431212388169709,4.03235476867914,0.11710532673751,1.25770806298373,0.042770824600846,2.03766706284258,0.113443761216971,1.05836153265362,1.19404657882064e-05,3.01882813082918,0.0770624826412603,1.05065505270937,1.40108460423128e-07,4.35889894354067,0.000763695445076508,2.88437685535294,0.0588727521700481,1.74285339119355,0.000195207766925005,3.03505064062824,0.0451236082924961,1.35028782392409,0.00495416580366913,3.6488805684223,0.711504695515293,2.17531945948841,0.041444717554511,1.89733512085831,1.58760835584139e-05,8.36944218137326,0.952333437665666,0.764592164362778,0.222450863680095,7.27391072958161,5.70816615906219,1.3594105608212,5.48514628254299e-05,4.21740386552468,0.0245109529104235,9.16515138991168,0.0434059880762507,1.19074141988823,0.508938702945369,2.62498042305932,0.34081335673144,0.943536032243233,1.17489188920701,0.853911619340564,0.0572471834469433,1.65275384948675,NA,NA,0.168049753924497,3.13417077379812,0.93882023255835,1.21781784019525,0.035845977259964,1.49428053174364,0.108987741386554,2.55941443506129,0.841165937663928,0.832051932611604,0.00121405572414678,0.949814375004144,0.875457452705957,1.79551140848266,0.0138401001844906,0.64328307782241,0.0357656967053668,4.27535245000213,0.272587325838883,0.478186009044208,1.2009851002592,2.28960156285892
2020,"WGOA",NA,NA,NA,NA,NA,NA,NA,NA,NA,NA,NA,NA,NA,NA,NA,NA,NA,NA,NA,NA,NA,NA,NA,NA,NA,NA,NA,NA,NA,NA,NA,NA,NA,NA,NA,NA,NA,NA,NA,NA,NA,NA,NA,NA,NA,NA,NA,NA,NA,NA,NA,NA,NA,NA,NA,NA,NA,NA,NA,NA,NA,NA,NA,NA,NA,NA,NA,NA,NA,NA,NA,NA,NA,NA,NA,NA,NA,NA,NA,NA,NA,NA,NA,NA,NA,NA,NA,NA,NA,NA,NA,NA
2021,"WGOA",4.46953038606528,0.862231345691404,0.0576110804716992,8.66647420616969,0.0819736164973319,2.0213722776763,0.0785151280139316,0.916807242993507,0.0293514111280173,9.1651768678828,NA,NA,0.702450248824313,1.14993701778486,0.0908669435793769,0.845577526946387,0.00414960408047801,2.98719332652688,0.00691931684783187,2.36629004760417,0.0977953114406619,1.45547430595143,0.0782397283140614,1.78727365334424,0.136112210273945,1.07130538451179,8.46392254589515e-05,1.65672702331773,0.105557605182633,1.32857880714882,9.97931853842887e-08,5.47722557505166,0.00201391709285764,3.49122913881009,0.0047669440556373,2.69554167155108,6.07567309966872e-05,4.98905493980372,0.0583831812865624,1.58385966173763,0.0230927105731585,9.03619932445851,0.672713278583057,0.768631900389771,0.0384868262491467,3.02423341954442,7.14323693177747e-05,5.47722557505166,0.823750175701029,0.836082533545342,0.010361470531376,4.71563431323122,8.8764473594582,2.21719955162286,9.39009774374586e-05,4.16099831281569,NA,NA,0.0363238932441888,2.00408987223841,0.811550523423714,5.82809915778208,0.455290912256148,0.919916506192993,1.59932353779936,0.93183343830203,0.0617060255235021,2.00094421041169,0.00709021391324911,9.4339811320566,0.106993714014419,1.89513137149115,0.995206552756439,0.978748918667181,0.0251609944074088,1.50972379547892,0.100202331055461,1.65158803155135,0.756537442040392,0.970058776918413,0.00111393288571103,1.41852100571701,0.638751995690285,1.76292246344146,0.0298957804513886,1.42167316712374,0.0203061148251633,2.68178564726533,0.21090743259137,0.513679903561476,2.90351247658175,1.49215624457394
2022,"WGOA",NA,NA,NA,NA,NA,NA,NA,NA,NA,NA,NA,NA,NA,NA,NA,NA,NA,NA,NA,NA,NA,NA,NA,NA,NA,NA,NA,NA,NA,NA,NA,NA,NA,NA,NA,NA,NA,NA,NA,NA,NA,NA,NA,NA,NA,NA,NA,NA,NA,NA,NA,NA,NA,NA,NA,NA,NA,NA,NA,NA,NA,NA,NA,NA,NA,NA,NA,NA,NA,NA,NA,NA,NA,NA,NA,NA,NA,NA,NA,NA,NA,NA,NA,NA,NA,NA,NA,NA,NA,NA,NA,NA
2023,"WGOA",4.00510980262955,1.16652132577682,0.338648071026373,4.94391443899352,0.132553711509989,2.1033403211497,0.0834098378851354,1.171310358719,0.0199787349035726,5.53177348136944,NA,NA,0.545925099444337,1.4191907879704,0.0516382054668473,1.01578776700107,0.00619043193203789,3.49403007608181,0.00376813596753293,4.62281592030446,0.102519509480466,1.18175225014004,0.0544080160816352,3.37800396654955,0.109297811928553,1.1567598546241,5.91064652322894e-06,2.20716316190922,0.125581577079889,1.36724983854996,2.19885819251796e-07,3.74165738677394,0.000588665258884216,2.93417342308554,0.0235186664058854,2.114011181905,0.000112668684380679,2.01733294804601,0.0306435321439625,1.42125340885907,0.0166902784298918,6.8150288557344,0.910614160875888,1.08501329097688,0.159358004280766,4.18874498525383,NA,NA,0.683332323746103,0.645239550162439,0.0777061568588103,6.27663616747564,4.31605968209767,2.45276671115049,2.07678553529743e-05,4.69302935090547,NA,NA,0.0186042650715029,1.62808674511939,0.474369759078513,5.58921851567254,0.38810557290106,0.858250997400422,0.653925216687927,0.489871985300251,0.0809120533322317,3.67224427179906,0.00989971687792234,9.69535971483266,0.136492849553284,1.57704271783341,1.05566554931596,1.18239180739918,0.0227892323529209,1.627997865658,0.0972820461555843,2.63267040084873,0.449836844300182,0.846742357815939,0.000334350592610088,2.21082024729821,0.333675342672804,2.6424570928195,0.0501031898522353,1.11089069262963,0.0101838427213834,1.37142444278155,0.166295667150887,0.724441389233977,4.11410443827492,1.25411703758294
