"year","model","race_group","bio_tons","bio_tkm2","juv_bio_prop","adu_bio_tkm2","juv_bio_tkm2"
1990,"WGOA","Arrowtooth flounder",1726495.43346808,7.35401002797452,0.000357885111493579,7.35137813727573,0.00263189069878656
1990,"WGOA","Atka mackerel",30255.6385024149,0.128873940026929,0,0.128873940026929,0
1990,"WGOA","Big skate",10815.2983507195,0.0460677804209195,0,0.0460677804209195,0
1990,"WGOA","Deep-water flatfish",72757.8146320493,0.309912026435427,0,0.309912026435427,0
1990,"WGOA","Demersal shelf rockfish",758.937375420729,0.00323269495027709,0,0.00323269495027709,0
1990,"WGOA","Flathead sole",219996.370083711,0.937074886125681,0.00434978161605961,0.93299881501314,0.00407607111254064
1990,"WGOA","Gelatinous carnivores",49177.7236027152,0.209472591422301,0,0.209472591422301,0
1990,"WGOA","Infauna",604.736957717165,0.00257587802732005,0,0.00257587802732005,0
1990,"WGOA","King crab",686.797069563571,0.00292541320344442,0,0.00292541320344442,0
1990,"WGOA","Large sculpins",25470.0919642395,0.10848989698293,0,0.10848989698293,0
1990,"WGOA","Lingcod",843.486657385587,0.0035928327504557,0,0.0035928327504557,0
1990,"WGOA","Longnose skate",9752.92321519591,0.0415425918518321,0,0.0415425918518321,0
1990,"WGOA","MISC_NA",1547.74927285494,0.00659264047429406,0,0.00659264047429406,0
1990,"WGOA","MISC_SHELLS",1262.30177867985,0.00537677642164081,0,0.00537677642164081,0
1990,"WGOA","Miscellaneous deep-sea fish",126.465946994109,0.000538681901129492,0,0.000538681901129492,0
1990,"WGOA","Motile epifauna",15149.4386465675,0.0645290578621747,0,0.0645290578621747,0
1990,"WGOA","Nonpandalid shrimp",246.869347341956,0.001051540375236,0,0.001051540375236,0
1990,"WGOA","Octopus",976.780220464715,0.00416059689309192,0,0.00416059689309192,0
1990,"WGOA","Other gelatinous zooplankton",541.549235780745,0.00230672982584936,0,0.00230672982584936,0
1990,"WGOA","Other skates",13311.8592715181,0.0567018856094414,0,0.0567018856094414,0
1990,"WGOA","Pacific capelin",136.127265585259,0.000579834302940401,0,0.000579834302940401,0
1990,"WGOA","Pacific cod",391063.504364483,1.665735615005,0.00692347903400679,1.65420292939831,0.0115326856066855
1990,"WGOA","Pacific dogfish",15696.2471651609,0.0668581896114784,0,0.0668581896114784,0
1990,"WGOA","Pacific halibut",299520.903757133,1.27580976301417,0.00182524594659427,1.2734810964156,0.002328666598567
1990,"WGOA","Pacific herring",9529.910415876,0.0405926684806066,0,0.0405926684806066,0
1990,"WGOA","Pacific ocean perch",55616.8203491859,0.236899934192344,0.00596224701067247,0.235487478267877,0.00141245592446681
1990,"WGOA","Pacific sandlance",62.4722467838818,0.000266100633927486,0,0.000266100633927486,0
1990,"WGOA","Pacific sleeper shark",1478.47595817656,0.00629757068091933,0,0.00629757068091933,0
1990,"WGOA","Pandalid shrimp",7657.53435584661,0.0326172796931968,0,0.0326172796931968,0
1990,"WGOA","Pelagic shelf rockfish",20195.9932249412,0.0860248650659807,0,0.0860248650659807,0
1990,"WGOA","Rex sole",81911.1667261593,0.348900744149235,0.000151864086904434,0.348847758656304,5.29854929305012e-05
1990,"WGOA","Sablefish",190565.882281203,0.811715676809342,2.55725569229558e-05,0.811694919163992,2.07576453504625e-05
1990,"WGOA","Salmon returning",1400.50131257153,0.0059654375547081,0,0.0059654375547081,0
1990,"WGOA","Salmon shark",9811.93731780798,0.0417939625151934,0,0.0417939625151934,0
1990,"WGOA","Sessile epifauna",50040.0036560006,0.213145474672299,0,0.213145474672299,0
1990,"WGOA","Shallow-water flatfish",240893.0496884,1.02608432593379,0,1.02608432593379,0
1990,"WGOA","Shelf demersal fish",13288.3171328223,0.0566016078324529,0,0.0566016078324529,0
1990,"WGOA","Shelf forage fish",20022.5491942389,0.0852860799430366,0,0.0852860799430366,0
1990,"WGOA","Slope demersal fish",21005.5206912531,0.0894730485883777,0,0.0894730485883777,0
1990,"WGOA","Slope forage fish",17.2943474197662,7.36653001721291e-05,0,7.36653001721291e-05,0
1990,"WGOA","Slope rockfish",166165.809541489,0.707783528404685,0,0.707783528404685,0
1990,"WGOA","Squid",3084.12396295681,0.0131368308953713,0,0.0131368308953713,0
1990,"WGOA","Tanner crab",1486.74598478889,0.0063327968723472,0,0.0063327968723472,0
1990,"WGOA","Thornyheads",7619.87798722405,0.0324568823315246,0,0.0324568823315246,0
1990,"WGOA","Walleye pollock",783207.648739109,3.33607421784139,0.0360154842650747,3.21592388934161,0.120150328499788
1993,"WGOA","Arrowtooth flounder",1331600.77454685,5.67195560407906,0.000996059307937903,5.66630599990541,0.0056496041736535
1993,"WGOA","Atka mackerel",21751.8689491406,0.0926521201726221,0,0.0926521201726221,0
1993,"WGOA","Big skate",23896.9862564368,0.101789250733894,0,0.101789250733894,0
1993,"WGOA","Deep-water flatfish",45893.7924775414,0.195484681603626,0,0.195484681603626,0
1993,"WGOA","Demersal shelf rockfish",1750.72265763021,0.00745720592758973,0,0.00745720592758973,0
1993,"WGOA","Flathead sole",171735.888724486,0.731509289489435,0.00780286885698584,0.725801418435882,0.00570787105355295
1993,"WGOA","Gelatinous carnivores",6464.08448070395,0.0275337780635087,0,0.0275337780635087,0
1993,"WGOA","Infauna",2875.55661810737,0.0122484379602972,0,0.0122484379602972,0
1993,"WGOA","King crab",505.451986529539,0.00215297353560397,0,0.00215297353560397,0
1993,"WGOA","Large sculpins",23477.86681059,0.100004010791797,0,0.100004010791797,0
1993,"WGOA","Lingcod",2763.01555140091,0.0117690691087643,0,0.0117690691087643,0
1993,"WGOA","Longnose skate",14263.5745131689,0.0607557181856546,0,0.0607557181856546,0
1993,"WGOA","MISC_NA",209.682531563021,0.000893143074643442,0,0.000893143074643442,0
1993,"WGOA","MISC_SHELLS",2095.96594143752,0.00892777024070223,0,0.00892777024070223,0
1993,"WGOA","Miscellaneous deep-sea fish",14.5832371886008,6.21173218569561e-05,0,6.21173218569561e-05,0
1993,"WGOA","Motile epifauna",16748.1330330908,0.0713386991286696,0,0.0713386991286696,0
1993,"WGOA","Nonpandalid shrimp",18.1494896234263,7.73077797403651e-05,0,7.73077797403651e-05,0
1993,"WGOA","Octopus",1154.39541353048,0.00491714908871661,0,0.00491714908871661,0
1993,"WGOA","Other gelatinous zooplankton",19.3592508384183,8.24607595479252e-05,0,8.24607595479252e-05,0
1993,"WGOA","Other skates",4724.5116458209,0.0201240648235353,0,0.0201240648235353,0
1993,"WGOA","Pacific capelin",46.596891475532,0.000198479532896974,0,0.000198479532896974,0
1993,"WGOA","Pacific cod",385313.771888424,1.64124462043447,0.0102861380967727,1.62436255161809,0.0168820688163743
1993,"WGOA","Pacific dogfish",7732.22573650115,0.0329354277471615,0,0.0329354277471615,0
1993,"WGOA","Pacific halibut",530410.956905419,2.25928630937334,0.0019068095810841,2.25497828059221,0.00430802878112521
1993,"WGOA","Pacific herring",3579.35028932829,0.0152462482153681,0,0.0152462482153681,0
1993,"WGOA","Pacific ocean perch",332041.692986586,1.4143321161435,0.00127248403154187,1.41253240111041,0.00179971503308942
1993,"WGOA","Pacific sandlance",2.35732159370471,1.00410150546662e-05,0,1.00410150546662e-05,0
1993,"WGOA","Pacific sleeper shark",7501.55886367592,0.0319529018377412,0,0.0319529018377412,0
1993,"WGOA","Pandalid shrimp",5031.77695108996,0.0214328618770313,0,0.0214328618770313,0
1993,"WGOA","Pelagic shelf rockfish",48638.124756399,0.207174169283459,0,0.207174169283459,0
1993,"WGOA","Rex sole",66070.3655974011,0.281426826701314,0.000354380665443575,0.281327094475194,9.97322261200853e-05
1993,"WGOA","Sablefish",208738.225648444,0.889120802107612,0.00170300906301514,0.887606621323507,0.00151418078410455
1993,"WGOA","Salmon returning",8179.36821929723,0.0348400318594414,0,0.0348400318594414,0
1993,"WGOA","Salmon shark",5903.42636628263,0.0251456539388839,0,0.0251456539388839,0
1993,"WGOA","Sessile epifauna",48461.7051644291,0.206422709752592,0,0.206422709752592,0
1993,"WGOA","Shallow-water flatfish",318662.245327932,1.35734233769221,0,1.35734233769221,0
1993,"WGOA","Shelf demersal fish",15680.4463766229,0.0667908861277238,0,0.0667908861277238,0
1993,"WGOA","Shelf forage fish",27276.4622365229,0.116184134013099,0,0.116184134013099,0
1993,"WGOA","Slope demersal fish",51167.6089144766,0.217948511053213,0,0.217948511053213,0
1993,"WGOA","Slope forage fish",40.4208909054668,0.000172172848706213,0,0.000172172848706213,0
1993,"WGOA","Slope rockfish",184154.48545386,0.78440632188861,0,0.78440632188861,0
1993,"WGOA","Squid",7190.68076289709,0.0306287160760604,0,0.0306287160760604,0
1993,"WGOA","Tanner crab",5196.78094961965,0.0221356966695947,0,0.0221356966695947,0
1993,"WGOA","Thornyheads",16214.427356094,0.0690653789538591,0,0.0690653789538591,0
1993,"WGOA","Walleye pollock",727966.932847418,3.10077630118027,0.0103358476117034,3.06872714985329,0.0320491513269806
1996,"WGOA","Arrowtooth flounder",1379505.00566825,5.87600375226418,0.000884540976779694,5.87080618616559,0.0051975660985889
1996,"WGOA","Atka mackerel",345946.920481071,1.47356145463662,0,1.47356145463662,0
1996,"WGOA","Big skate",39673.0996941558,0.16898763085958,0,0.16898763085958,0
1996,"WGOA","Deep-water flatfish",38602.2738306765,0.164426446401408,0,0.164426446401408,0
1996,"WGOA","Demersal shelf rockfish",522.889852409573,0.00222725015288447,0,0.00222725015288447,0
1996,"WGOA","Euphausiids",0.0108015523719585,4.60092294026583e-08,0,4.60092294026583e-08,0
1996,"WGOA","Flathead sole",189461.969090215,0.807013556827345,0.00841941086019519,0.800218978122668,0.00679457870467689
1996,"WGOA","Gelatinous carnivores",10033.9062408732,0.0427394394938618,0,0.0427394394938618,0
1996,"WGOA","Infauna",1126.61792881668,0.00479883084866957,0,0.00479883084866957,0
1996,"WGOA","King crab",282.652331166152,0.00120395805139828,0,0.00120395805139828,0
1996,"WGOA","Large sculpins",30645.7083824179,0.130535443297395,0,0.130535443297395,0
1996,"WGOA","Lingcod",12834.0633489656,0.0546667131220641,0,0.0546667131220641,0
1996,"WGOA","Longnose skate",20605.8158150624,0.0877705050364194,0,0.0877705050364194,0
1996,"WGOA","MISC_NA",43.2546906370034,0.000184243423142156,0,0.000184243423142156,0
1996,"WGOA","MISC_SHELLS",499.997557082763,0.00212974038475346,0,0.00212974038475346,0
1996,"WGOA","Miscellaneous deep-sea fish",0.212955369490615,9.07083732969492e-07,0,9.07083732969492e-07,0
1996,"WGOA","Motile epifauna",23841.2387488683,0.101551794137284,0,0.101551794137284,0
1996,"WGOA","Nonpandalid shrimp",49.2706060334291,0.000209868224282748,0,0.000209868224282748,0
1996,"WGOA","Octopus",1943.7326172246,0.00827933215557801,0,0.00827933215557801,0
1996,"WGOA","Other gelatinous zooplankton",42.0489667460613,0.000179107640322768,0,0.000179107640322768,0
1996,"WGOA","Other skates",10435.6829534195,0.0444508080360521,0,0.0444508080360521,0
1996,"WGOA","Pacific capelin",723.405047455527,0.00308134494314241,0,0.00308134494314241,0
1996,"WGOA","Pacific cod",525515.039127757,2.23843213986028,0.0222699487472556,2.18858237083138,0.0498497690288981
1996,"WGOA","Pacific dogfish",3437.00412136518,0.0146399244879188,0,0.0146399244879188,0
1996,"WGOA","Pacific halibut",521546.534145026,2.22152828661322,0.00190332668943762,2.21729999253396,0.00422829407925157
1996,"WGOA","Pacific herring",38.4237993681079,0.000163666234145977,0,0.000163666234145977,0
1996,"WGOA","Pacific ocean perch",559377.026480831,2.38266732851724,0.00152991593964731,2.37902204779246,0.00364528072477539
1996,"WGOA","Pacific sandlance",5.0601974024135,2.15539188343689e-05,0,2.15539188343689e-05,0
1996,"WGOA","Pacific sleeper shark",18097.8470281042,0.0770878080239581,0,0.0770878080239581,0
1996,"WGOA","Pandalid shrimp",6068.52277443479,0.0258488823503803,0,0.0258488823503803,0
1996,"WGOA","Pelagic shelf rockfish",59185.6754597877,0.252101478177337,0,0.252101478177337,0
1996,"WGOA","Rex sole",53196.5472196923,0.226590776971476,0.00107882065756939,0.226346326160465,0.000244450811011528
1996,"WGOA","Sablefish",110770.38083485,0.471826612263729,0.00341448116437487,0.470215569183304,0.00161104308042531
1996,"WGOA","Salmon returning",4493.44105056952,0.0191398192578027,0,0.0191398192578027,0
1996,"WGOA","Sessile epifauna",76419.2833193008,0.325508058096555,0,0.325508058096555,0
1996,"WGOA","Shallow-water flatfish",305092.601570596,1.29954241865794,0,1.29954241865794,0
1996,"WGOA","Shelf demersal fish",11571.4294611909,0.0492885220812089,0,0.0492885220812089,0
1996,"WGOA","Shelf forage fish",28172.2591959045,0.119999782577594,0,0.119999782577594,0
1996,"WGOA","Slope demersal fish",51202.2686256061,0.218096144147557,0,0.218096144147557,0
1996,"WGOA","Slope forage fish",52.5209348846007,0.000223713005162195,0,0.000223713005162195,0
1996,"WGOA","Slope rockfish",150404.132820472,0.640646641496613,0,0.640646641496613,0
1996,"WGOA","Squid",4190.55599594442,0.0178496798888486,0,0.0178496798888486,0
1996,"WGOA","Tanner crab",1452.76502731918,0.00618805493029036,0,0.00618805493029036,0
1996,"WGOA","Thornyheads",27073.1907122375,0.115318298634088,0,0.115318298634088,0
1996,"WGOA","Walleye pollock",647552.607790975,2.75825135648928,0.0285833794366777,2.67941121138502,0.0788401451042643
1999,"WGOA","Arrowtooth flounder",988639.718425893,4.21111244340418,0.00210299560145555,4.20225649245847,0.00885595094571373
1999,"WGOA","Atka mackerel",4799.3500809141,0.0204428392561139,0,0.0204428392561139,0
1999,"WGOA","Big skate",45044.7964358407,0.191868381621971,0,0.191868381621971,0
1999,"WGOA","Deep-water flatfish",35693.8130535835,0.152037853123899,0,0.152037853123899,0
1999,"WGOA","Demersal shelf rockfish",2323.33080254479,0.0098962312259903,0,0.0098962312259903,0
1999,"WGOA","Euphausiids",6.58271068837857,2.80390665826144e-05,0,2.80390665826144e-05,0
1999,"WGOA","Flathead sole",188992.694926918,0.805014682786985,0.00503606089406892,0.80096057982385,0.00405410296313484
1999,"WGOA","Gelatinous carnivores",2248.81925946186,0.0095788491904462,0,0.0095788491904462,0
1999,"WGOA","Infauna",1285.28052008078,0.00547465440696117,0,0.00547465440696117,0
1999,"WGOA","King crab",172.745277471336,0.00073580878245221,0,0.00073580878245221,0
1999,"WGOA","Large sculpins",29778.7075154331,0.126842451733982,0,0.126842451733982,0
1999,"WGOA","Lingcod",6192.34057321123,0.0263762844599907,0,0.0263762844599907,0
1999,"WGOA","Longnose skate",31619.7246577937,0.134684267162012,0,0.134684267162012,0
1999,"WGOA","MISC_NA",123.37310728632,0.000525507945505234,0,0.000525507945505234,0
1999,"WGOA","MISC_SHELLS",7992.43589551427,0.034043793330799,0,0.034043793330799,0
1999,"WGOA","Miscellaneous deep-sea fish",23.8354752358983,0.000101527244444678,0,0.000101527244444678,0
1999,"WGOA","Motile epifauna",34811.0574213842,0.14827775411315,0,0.14827775411315,0
1999,"WGOA","Nonpandalid shrimp",46.6738707492525,0.00019880742623507,0,0.00019880742623507,0
1999,"WGOA","Octopus",908.050863532103,0.00386784408859514,0,0.00386784408859514,0
1999,"WGOA","Other gelatinous zooplankton",53.9058808405019,0.000229612184650577,0,0.000229612184650577,0
1999,"WGOA","Other skates",17225.0954575929,0.0733703213297836,0,0.0733703213297836,0
1999,"WGOA","Pacific capelin",135.349502439575,0.000576521419591927,0,0.000576521419591927,0
1999,"WGOA","Pacific cod",284695.104813962,1.21265924898019,0.0114737287898538,1.19874552564289,0.0139137233373065
1999,"WGOA","Pacific dogfish",16397.9496429208,0.0698470924246961,0,0.0698470924246961,0
1999,"WGOA","Pacific halibut",529175.206938335,2.25402263043516,0.00230255859705486,2.2488326112495,0.00519001918566469
1999,"WGOA","Pacific herring",47.6162257321197,0.000202821388774198,0,0.000202821388774198,0
1999,"WGOA","Pacific ocean perch",649947.636485229,2.76845298499835,0.000467820357742231,2.76715784633251,0.00129513866583447
1999,"WGOA","Pacific sandlance",8.16646630572312,3.47850761381781e-05,0,3.47850761381781e-05,0
1999,"WGOA","Pacific sleeper shark",17644.7856952756,0.0751579925606085,0,0.0751579925606085,0
1999,"WGOA","Pandalid shrimp",5822.27636148638,0.0247999953651783,0,0.0247999953651783,0
1999,"WGOA","Pelagic shelf rockfish",47703.4107664676,0.203192753565819,0,0.203192753565819,0
1999,"WGOA","Rex sole",55504.0406949025,0.23641954907665,0.00215636748044268,0.235909741649281,0.00050980742736981
1999,"WGOA","Sablefish",114107.220568415,0.48603988638348,0.00465877633017266,0.483775535265277,0.00226435111820316
1999,"WGOA","Salmon returning",2404.40222486731,0.0102415550775248,0,0.0102415550775248,0
1999,"WGOA","Sessile epifauna",43245.2937771377,0.184203397202704,0,0.184203397202704,0
1999,"WGOA","Shallow-water flatfish",274422.283325712,1.16890214961247,0,1.16890214961247,0
1999,"WGOA","Shelf demersal fish",11309.1019075936,0.0481711374519932,0,0.0481711374519932,0
1999,"WGOA","Shelf forage fish",12328.0957311866,0.0525115432543381,0,0.0525115432543381,0
1999,"WGOA","Slope demersal fish",372075.124940205,1.58485458283185,0,1.58485458283185,0
1999,"WGOA","Slope forage fish",180.712767557647,0.000769746319069274,0,0.000769746319069274,0
1999,"WGOA","Slope rockfish",302442.173042288,1.28825291415201,0,1.28825291415201,0
1999,"WGOA","Squid",1489.54683623729,0.00634472710351904,0,0.00634472710351904,0
1999,"WGOA","Tanner crab",2491.71536520373,0.010613465536806,0,0.010613465536806,0
1999,"WGOA","Thornyheads",48916.7106974276,0.208360806539638,0,0.208360806539638,0
1999,"WGOA","Walleye pollock",593173.593508798,2.526623859196,0.007085818977821,2.50872065990469,0.0179031992913063
2001,"WGOA","Arrowtooth flounder",1360770.5794196,5.79620443404404,0.00217476421691791,5.78359905604694,0.0126053779970999
2001,"WGOA","Atka mackerel",221266.326477992,0.942484267394571,0,0.942484267394571,0
2001,"WGOA","Big skate",39082.269256227,0.166470987675281,0,0.166470987675281,0
2001,"WGOA","Deep-water flatfish",32476.2720917522,0.138332732310926,0,0.138332732310926,0
2001,"WGOA","Demersal shelf rockfish",1828.02541643626,0.00778647715091865,0,0.00778647715091865,0
2001,"WGOA","Flathead sole",153594.242553977,0.654234918949171,0.00760613923718374,0.649258717061816,0.00497620188735501
2001,"WGOA","Gelatinous carnivores",17915.5593989466,0.0763113535794144,0,0.0763113535794144,0
2001,"WGOA","Infauna",1936.34963059954,0.0082478843123781,0,0.0082478843123781,0
2001,"WGOA","King crab",568.23537143888,0.00242039946286867,0,0.00242039946286867,0
2001,"WGOA","Large sculpins",29366.4862616892,0.125086594652051,0,0.125086594652051,0
2001,"WGOA","Lingcod",5903.9254432696,0.0251477797580988,0,0.0251477797580988,0
2001,"WGOA","Longnose skate",23274.6896942507,0.0991385775435817,0,0.0991385775435817,0
2001,"WGOA","MISC_NA",138.776590555983,0.000591119106841059,0,0.000591119106841059,0
2001,"WGOA","MISC_SHELLS",605.25858524074,0.00257809990058128,0,0.00257809990058128,0
2001,"WGOA","Miscellaneous deep-sea fish",0.13713301398235,5.84118289827624e-07,0,5.84118289827624e-07,0
2001,"WGOA","Motile epifauna",30960.2332119028,0.131875162305764,0,0.131875162305764,0
2001,"WGOA","Nonpandalid shrimp",158.317515529385,0.000674353707654123,0,0.000674353707654123,0
2001,"WGOA","Octopus",993.607761904793,0.00423227383245568,0,0.00423227383245568,0
2001,"WGOA","Other gelatinous zooplankton",28.2156158149179,0.000120184460164817,0,0.000120184460164817,0
2001,"WGOA","Other skates",12856.4508791041,0.0547620728420779,0,0.0547620728420779,0
2001,"WGOA","Pacific capelin",278.588771814838,0.00118664931391798,0,0.00118664931391798,0
2001,"WGOA","Pacific cod",257613.796935693,1.09730637526456,0.0219125354160777,1.07326161045429,0.0240447648102726
2001,"WGOA","Pacific dogfish",31774.3501329039,0.135342894617664,0,0.135342894617664,0
2001,"WGOA","Pacific halibut",345275.627178794,1.47070207975444,0.0077130647973067,1.45935845931576,0.0113436204386797
2001,"WGOA","Pacific herring",28701.5485590171,0.122254291456434,0,0.122254291456434,0
2001,"WGOA","Pacific ocean perch",673155.061492759,2.86730504850251,0.00689453328644397,2.84753631840322,0.0197687300992894
2001,"WGOA","Pacific sandlance",12.2783796645056,5.22997775897228e-05,0,5.22997775897228e-05,0
2001,"WGOA","Pacific sleeper shark",37694.7715698715,0.160560939086995,0,0.160560939086995,0
2001,"WGOA","Pandalid shrimp",8360.07103119331,0.0356097357723545,0,0.0356097357723545,0
2001,"WGOA","Pelagic shelf rockfish",31416.4732780983,0.133818517588914,0,0.133818517588914,0
2001,"WGOA","Rex sole",51257.8229852408,0.218332778030237,0.00340794367903781,0.217588712219422,0.000744065810814912
2001,"WGOA","Sablefish",188563.048166791,0.803184601733072,0.0113118185812318,0.794099123231028,0.00908547850204339
2001,"WGOA","Salmon returning",6868.29551808482,0.0292555156161797,0,0.0292555156161797,0
2001,"WGOA","Sessile epifauna",63098.6632490644,0.268768855851125,0,0.268768855851125,0
2001,"WGOA","Shallow-water flatfish",330706.336659386,1.40864416375696,0,1.40864416375696,0
2001,"WGOA","Shelf demersal fish",13487.3274968319,0.0574492927925326,0,0.0574492927925326,0
2001,"WGOA","Shelf forage fish",54030.876899864,0.230144605563015,0,0.230144605563015,0
2001,"WGOA","Slope demersal fish",165943.591064107,0.706836988449009,0,0.706836988449009,0
2001,"WGOA","Slope forage fish",33.9325733734459,0.000144535849922314,0,0.000144535849922314,0
2001,"WGOA","Slope rockfish",403480.019950427,1.71862378277044,0,1.71862378277044,0
2001,"WGOA","Squid",6612.27606809233,0.0281650003642399,0,0.0281650003642399,0
2001,"WGOA","Tanner crab",3122.43576362724,0.0133000200708875,0,0.0133000200708875,0
2001,"WGOA","Thornyheads",28661.1773725795,0.122082330323988,0,0.122082330323988,0
2001,"WGOA","Walleye pollock",210814.596625657,0.897965107567225,0.111630229819474,0.797725056239627,0.100240051327598
2003,"WGOA","Arrowtooth flounder",2536841.07269712,10.8056785592055,0.00106685309791289,10.7941504875596,0.0115280716459393
2003,"WGOA","Atka mackerel",65018.5545110678,0.276946635716452,0,0.276946635716452,0
2003,"WGOA","Big skate",43416.1841146136,0.184931304865313,0,0.184931304865313,0
2003,"WGOA","Deep-water flatfish",52560.5664528879,0.223881815889961,0,0.223881815889961,0
2003,"WGOA","Demersal shelf rockfish",952.333027489161,0.00405646403596822,0,0.00405646403596822,0
2003,"WGOA","Flathead sole",237906.410181298,1.01336273023223,0.00608391600344651,1.00719751650047,0.0061652137317561
2003,"WGOA","Gelatinous carnivores",10394.4766275576,0.0442752896259073,0,0.0442752896259073,0
2003,"WGOA","Infauna",3557.12265441002,0.0151515695692979,0,0.0151515695692979,0
2003,"WGOA","King crab",1593.30460423672,0.00678668348032525,0,0.00678668348032525,0
2003,"WGOA","Large sculpins",25038.1009175256,0.106649830436592,0,0.106649830436592,0
2003,"WGOA","Lingcod",4471.52717568362,0.0190464770730863,0,0.0190464770730863,0
2003,"WGOA","Longnose skate",26522.4627088196,0.112972471832979,0,0.112972471832979,0
2003,"WGOA","MISC_NA",471.005457111725,0.00200624848909824,0,0.00200624848909824,0
2003,"WGOA","MISC_SHELLS",1336.95459723756,0.00569476022029309,0,0.00569476022029309,0
2003,"WGOA","Miscellaneous deep-sea fish",5.45995897312567,2.32567038767311e-05,0,2.32567038767311e-05,0
2003,"WGOA","Motile epifauna",32060.4233901413,0.136561424109071,0,0.136561424109071,0
2003,"WGOA","Nonpandalid shrimp",93.9650946367369,0.000400244469138305,0,0.000400244469138305,0
2003,"WGOA","Octopus",3755.21364647176,0.0159953384631126,0,0.0159953384631126,0
2003,"WGOA","Other gelatinous zooplankton",22.1212956392185,9.42256937429716e-05,0,9.42256937429716e-05,0
2003,"WGOA","Other skates",20789.9228340877,0.0885547091749805,0,0.0885547091749805,0
2003,"WGOA","Pacific capelin",7289.76832172451,0.0310507796895162,0,0.0310507796895162,0
2003,"WGOA","Pacific cod",282712.61341697,1.20421482374093,0.00521024651666932,1.19794056765021,0.00627425609071775
2003,"WGOA","Pacific dogfish",59933.8862055669,0.2552884830317,0,0.2552884830317,0
2003,"WGOA","Pacific halibut",515332.552084602,2.19505982020423,0.00339038648222339,2.18761771906214,0.00744210114209214
2003,"WGOA","Pacific herring",652.695910516611,0.00278015926257929,0,0.00278015926257929,0
2003,"WGOA","Pacific ocean perch",355923.275041083,1.51605575265488,0.00241338513337406,1.51239692624005,0.0036588264148235
2003,"WGOA","Pacific sandlance",9.52905719715261,4.05890341941057e-05,0,4.05890341941057e-05,0
2003,"WGOA","Pacific sleeper shark",52115.6421152569,0.221986659970518,0,0.221986659970518,0
2003,"WGOA","Pandalid shrimp",7251.31914709201,0.0308870053693914,0,0.0308870053693914,0
2003,"WGOA","Pelagic shelf rockfish",58259.2220385753,0.248155248365213,0,0.248155248365213,0
2003,"WGOA","Rex sole",71238.1560124299,0.303439038142993,0.00173697316293933,0.30291197267715,0.000527065465842501
2003,"WGOA","Sablefish",194078.057805106,0.826675794005197,0.00140794822360461,0.825511877289531,0.00116391671566654
2003,"WGOA","Salmon returning",19188.314761946,0.0817326570599882,0,0.0817326570599882,0
2003,"WGOA","Salmon shark",3612.82892191862,0.0153888505038071,0,0.0153888505038071,0
2003,"WGOA","Sessile epifauna",36368.0977821338,0.154909969991018,0,0.154909969991018,0
2003,"WGOA","Shallow-water flatfish",350147.322689086,1.49145307448135,0,1.49145307448135,0
2003,"WGOA","Shelf demersal fish",8782.29115266327,0.0374081830471704,0,0.0374081830471704,0
2003,"WGOA","Shelf forage fish",96951.4758226496,0.412964964520352,0,0.412964964520352,0
2003,"WGOA","Slope demersal fish",343717.763971509,1.46406635896045,0,1.46406635896045,0
2003,"WGOA","Slope forage fish",89.3949917691595,0.000380778108749776,0,0.000380778108749776,0
2003,"WGOA","Slope rockfish",131408.647385238,0.559735341258564,0,0.559735341258564,0
2003,"WGOA","Squid",4394.81273017841,0.0187197117711923,0,0.0187197117711923,0
2003,"WGOA","Tanner crab",6942.4283607424,0.0295712845766634,0,0.0295712845766634,0
2003,"WGOA","Thornyheads",74212.8471735183,0.316109739845822,0,0.316109739845822,0
2003,"WGOA","Walleye pollock",385837.131405221,1.64347387112355,0.0112944428960664,1.62491174933497,0.0185621217885821
2005,"WGOA","Arrowtooth flounder",1656142.48697901,7.05434154119558,0.0012074129643832,7.04582403776355,0.00851750343202651
2005,"WGOA","Atka mackerel",100912.199965824,0.429835675269024,0,0.429835675269024,0
2005,"WGOA","Big skate",35336.1670773743,0.150514459522895,0,0.150514459522895,0
2005,"WGOA","Deep-water flatfish",41853.7896800614,0.17827628330162,0,0.17827628330162,0
2005,"WGOA","Demersal shelf rockfish",1899.27416780389,0.00808996131999387,0,0.00808996131999387,0
2005,"WGOA","Flathead sole",201501.478610512,0.858295866660221,0.00868996599212949,0.850837304767759,0.00745856189246263
2005,"WGOA","Gelatinous carnivores",18020.3265716293,0.0767576095170644,0,0.0767576095170644,0
2005,"WGOA","Infauna",2207.02670684956,0.00940083374653151,0,0.00940083374653151,0
2005,"WGOA","King crab",426.854804091577,0.00181818871276881,0,0.00181818871276881,0
2005,"WGOA","Large sculpins",32014.2572445568,0.136364779338978,0,0.136364779338978,0
2005,"WGOA","Lingcod",10957.9271980826,0.0466753082217198,0,0.0466753082217198,0
2005,"WGOA","Longnose skate",31575.4477048384,0.134495669410909,0,0.134495669410909,0
2005,"WGOA","MISC_NA",17880.3155098093,0.0761612321779229,0,0.0761612321779229,0
2005,"WGOA","MISC_SHELLS",551.331239541339,0.00234839628633028,0,0.00234839628633028,0
2005,"WGOA","Miscellaneous deep-sea fish",18.8010369075246,8.00830464269e-05,0,8.00830464269e-05,0
2005,"WGOA","Motile epifauna",36815.5068876247,0.156815709783088,0,0.156815709783088,0
2005,"WGOA","Mysids",0.529176996219023,2.25403025187908e-06,0,2.25403025187908e-06,0
2005,"WGOA","Nonpandalid shrimp",262.781106055418,0.00111931653662813,0,0.00111931653662813,0
2005,"WGOA","Octopus",1034.18708803161,0.00440512153623766,0,0.00440512153623766,0
2005,"WGOA","Other gelatinous zooplankton",85.4583849748118,0.000364010125886553,0,0.000364010125886553,0
2005,"WGOA","Other skates",29276.473530561,0.124703185281525,0,0.124703185281525,0
2005,"WGOA","Pacific capelin",429.662218072208,0.00183014689705707,0,0.00183014689705707,0
2005,"WGOA","Pacific cod",294130.443531545,1.25284908916243,0.0092428946141102,1.24126913706392,0.0115799520985123
2005,"WGOA","Pacific dogfish",15964.9791819335,0.068002854061713,0,0.068002854061713,0
2005,"WGOA","Pacific hake",5.75327372604021,2.4506078530421e-05,0,2.4506078530421e-05,0
2005,"WGOA","Pacific halibut",478368.306874192,2.03761055930012,0.00194446404937854,2.03364849882093,0.00396206047919319
2005,"WGOA","Pacific herring",2461.42564340588,0.0104844464189283,0,0.0104844464189283,0
2005,"WGOA","Pacific ocean perch",626523.316636382,2.66867705757474,0.000956463941217794,2.66612456419841,0.00255249337632544
2005,"WGOA","Pacific sandlance",32.2812891451216,0.000137502202141538,0,0.000137502202141538,0
2005,"WGOA","Pacific sleeper shark",53709.9233253004,0.228777503304821,0,0.228777503304821,0
2005,"WGOA","Pandalid shrimp",10004.5713617172,0.0426144875297265,0,0.0426144875297265,0
2005,"WGOA","Pelagic shelf rockfish",191821.004807792,0.817061873195352,0,0.817061873195352,0
2005,"WGOA","Rex sole",73365.278966203,0.312499521726989,0.00273925835421254,0.311643504801411,0.000856016925578079
2005,"WGOA","Sablefish",220042.578524029,0.937271711050256,0.00238180601349495,0.935039311652597,0.0022323993976582
2005,"WGOA","Salmon returning",8678.46000684106,0.036965914117412,0,0.036965914117412,0
2005,"WGOA","Salmon shark",2455.31229099823,0.0104584065846844,0,0.0104584065846844,0
2005,"WGOA","Sessile epifauna",65824.6768242432,0.280380314983681,0,0.280380314983681,0
2005,"WGOA","Shallow-water flatfish",346620.841651484,1.47643202292728,0,1.47643202292728,0
2005,"WGOA","Shelf demersal fish",17423.9665533653,0.0742174130765866,0,0.0742174130765866,0
2005,"WGOA","Shelf forage fish",41620.2262413125,0.177281419465069,0,0.177281419465069,0
2005,"WGOA","Slope demersal fish",563818.046399283,2.40158385987993,0,2.40158385987993,0
2005,"WGOA","Slope forage fish",241.569218146803,0.00102896446655119,0,0.00102896446655119,0
2005,"WGOA","Slope rockfish",475702.854601419,2.0262570611309,0,2.0262570611309,0
2005,"WGOA","Squid",4094.97548449899,0.0174425545492601,0,0.0174425545492601,0
2005,"WGOA","Tanner crab",5701.46523752611,0.0242854001917002,0,0.0242854001917002,0
2005,"WGOA","Thornyheads",65587.7972352655,0.279371325999989,0,0.279371325999989,0
2005,"WGOA","Walleye pollock",344199.420199846,1.46611797442642,0.0307389782859665,1.42105100584586,0.0450669685805591
2007,"WGOA","Arrowtooth flounder",1698707.32563342,7.23564653872738,0.00150430212977359,7.22476194022888,0.0108845984984965
2007,"WGOA","Atka mackerel",82324.0831768296,0.350659562423573,0,0.350659562423573,0
2007,"WGOA","Big skate",30292.2079051247,0.129029707455577,0,0.129029707455577,0
2007,"WGOA","Deep-water flatfish",45936.1880879274,0.195665265773081,0,0.195665265773081,0
2007,"WGOA","Demersal shelf rockfish",1103.87484229339,0.00470195663567303,0,0.00470195663567303,0
2007,"WGOA","Euphausiids",0.0124253672847904,5.29258715906732e-08,0,5.29258715906732e-08,0
2007,"WGOA","Flathead sole",256001.545802449,1.09043898901398,0.00701114157100614,1.08279376688746,0.00764522212652185
2007,"WGOA","Gelatinous carnivores",939.184202696291,0.00400045659597829,0,0.00400045659597829,0
2007,"WGOA","Infauna",2700.55531296839,0.0115030196244285,0,0.0115030196244285,0
2007,"WGOA","King crab",240.988430246512,0.00102649059957184,0,0.00102649059957184,0
2007,"WGOA","Large sculpins",31179.2544792562,0.132808083740269,0,0.132808083740269,0
2007,"WGOA","Lingcod",7969.12708586864,0.0339445094192686,0,0.0339445094192686,0
2007,"WGOA","Longnose skate",26710.6036068937,0.113773858285725,0,0.113773858285725,0
2007,"WGOA","MISC_NA",8737.54435499129,0.0372175839917541,0,0.0372175839917541,0
2007,"WGOA","MISC_SHELLS",711.115754899469,0.00302899868207387,0,0.00302899868207387,0
2007,"WGOA","Miscellaneous deep-sea fish",6.84079658074338,2.91383838491055e-05,0,2.91383838491055e-05,0
2007,"WGOA","Motile epifauna",23904.6788881734,0.101822017510936,0,0.101822017510936,0
2007,"WGOA","Nonpandalid shrimp",190.04760158318,0.000809508059356851,0,0.000809508059356851,0
2007,"WGOA","Octopus",2279.84592164577,0.00971100730706322,0,0.00971100730706322,0
2007,"WGOA","Other gelatinous zooplankton",42.2471791632308,0.000179951926427021,0,0.000179951926427021,0
2007,"WGOA","Other skates",31490.6054641002,0.134134283752372,0,0.134134283752372,0
2007,"WGOA","Pacific capelin",665.113451374521,0.00283305179749229,0,0.00283305179749229,0
2007,"WGOA","Pacific cod",223338.493779428,0.95131066729057,0.0327198979370685,0.920183879350378,0.031126787940192
2007,"WGOA","Pacific dogfish",27496.4380394831,0.117121121293529,0,0.117121121293529,0
2007,"WGOA","Pacific hake",799.851191352034,0.00340696741391004,0,0.00340696741391004,0
2007,"WGOA","Pacific halibut",363316.861492903,1.54754874583365,0.00575514237188351,1.53864238247394,0.00890636335970241
2007,"WGOA","Pacific herring",1657.92872045035,0.00706195000549029,0,0.00706195000549029,0
2007,"WGOA","Pacific ocean perch",536813.828805808,2.28655935235423,0.0010311093736359,2.28420165957265,0.00235769278158728
2007,"WGOA","Pacific sandlance",4.39994994493478,1.87415937455676e-05,0,1.87415937455676e-05,0
2007,"WGOA","Pacific sleeper shark",41848.8874766384,0.178255402358391,0,0.178255402358391,0
2007,"WGOA","Pandalid shrimp",8362.21761922936,0.0356188791674872,0,0.0356188791674872,0
2007,"WGOA","Pelagic shelf rockfish",64908.8468940398,0.276479335948303,0,0.276479335948303,0
2007,"WGOA","Rex sole",88128.1778696964,0.375382112942526,0.00225200271611823,0.374536751404598,0.000845361537928769
2007,"WGOA","Sablefish",157408.197439132,0.670480465811306,0.00155550601588059,0.669437529413206,0.00104293639809991
2007,"WGOA","Salmon returning",3760.35457870991,0.0160172362721074,0,0.0160172362721074,0
2007,"WGOA","Sessile epifauna",59074.0448307522,0.251625987336503,0,0.251625987336503,0
2007,"WGOA","Shallow-water flatfish",405811.784847816,1.72855593903675,0,1.72855593903675,0
2007,"WGOA","Shelf demersal fish",13523.8429455391,0.0576048304040221,0,0.0576048304040221,0
2007,"WGOA","Shelf forage fish",44691.8469716968,0.190364992821533,0,0.190364992821533,0
2007,"WGOA","Slope demersal fish",471961.050653667,2.01031884130068,0,2.01031884130068,0
2007,"WGOA","Slope forage fish",162.5340827787,0.00069231418251782,0,0.00069231418251782,0
2007,"WGOA","Slope rockfish",286159.078773573,1.2188950483753,0,1.2188950483753,0
2007,"WGOA","Squid",10497.5435516977,0.0447143033522025,0,0.0447143033522025,0
2007,"WGOA","Tanner crab",5304.01531057813,0.0225924615996056,0,0.0225924615996056,0
2007,"WGOA","Thornyheads",51964.147576018,0.221341368741159,0,0.221341368741159,0
2007,"WGOA","Walleye pollock",268609.868764106,1.14414416059947,0.0660596995080784,1.06856234115635,0.0755818194431238
2009,"WGOA","Arrowtooth flounder",1487187.37710218,6.33467698360337,0.00239604556741887,6.31949880889578,0.0151781747075932
2009,"WGOA","Atka mackerel",135606.801521627,0.577617385438649,0,0.577617385438649,0
2009,"WGOA","Big skate",33342.910239669,0.142024178871895,0,0.142024178871895,0
2009,"WGOA","Deep-water flatfish",41075.7138034381,0.174962067875218,0,0.174962067875218,0
2009,"WGOA","Demersal shelf rockfish",867.688695184575,0.00369592136871729,0,0.00369592136871729,0
2009,"WGOA","Flathead sole",209025.443732302,0.890344207989818,0.00564456677749313,0.885318600652866,0.00502560733695276
2009,"WGOA","Gelatinous carnivores",4379.94876179482,0.0186563986743665,0,0.0186563986743665,0
2009,"WGOA","Infauna",1552.05476893016,0.00661097974163228,0,0.00661097974163228,0
2009,"WGOA","King crab",413.258891751311,0.00176027690266403,0,0.00176027690266403,0
2009,"WGOA","Large sculpins",38878.0707688808,0.165601203895648,0,0.165601203895648,0
2009,"WGOA","Lingcod",9635.65286653021,0.0410430786163182,0,0.0410430786163182,0
2009,"WGOA","Longnose skate",26752.0037483665,0.113950202253771,0,0.113950202253771,0
2009,"WGOA","MISC_NA",233.664099129358,0.000995292599600558,0,0.000995292599600558,0
2009,"WGOA","MISC_SHELLS",1832.47125533314,0.00780541420872756,0,0.00780541420872756,0
2009,"WGOA","Miscellaneous deep-sea fish",14.4355813215655,6.14883814579156e-05,0,6.14883814579156e-05,0
2009,"WGOA","Motile epifauna",31169.2769659878,0.13276558450673,0,0.13276558450673,0
2009,"WGOA","Mysids",0.951707143003389,4.05379808001173e-06,0,4.05379808001173e-06,0
2009,"WGOA","Nonpandalid shrimp",170.547536994,0.00072644750341497,0,0.00072644750341497,0
2009,"WGOA","Octopus",3718.30521960686,0.0158381269605394,0,0.0158381269605394,0
2009,"WGOA","Other gelatinous zooplankton",12.904464944128,5.49665888279441e-05,0,5.49665888279441e-05,0
2009,"WGOA","Other skates",26666.2968761423,0.113585133696053,0,0.113585133696053,0
2009,"WGOA","Pacific capelin",376.485327450945,0.00160363984739767,0,0.00160363984739767,0
2009,"WGOA","Pacific cod",738468.179698888,3.14550637874371,0.0181614542815915,3.0883794084537,0.0571269702900083
2009,"WGOA","Pacific dogfish",11343.8263193785,0.0483190461388807,0,0.0483190461388807,0
2009,"WGOA","Pacific hake",17.1823789739884,7.31883704003472e-05,0,7.31883704003472e-05,0
2009,"WGOA","Pacific halibut",448960.023598123,1.91234593019926,0.00360614092821422,1.90544974127146,0.00689618892779543
2009,"WGOA","Pacific herring",10050.841012769,0.0428115731815211,0,0.0428115731815211,0
2009,"WGOA","Pacific ocean perch",489232.574604861,2.08388692487235,0.00805411424169219,2.06710306151266,0.0167838633596905
2009,"WGOA","Pacific sandlance",1.81772812417108,7.74261581823792e-06,0,7.74261581823792e-06,0
2009,"WGOA","Pacific sleeper shark",39687.7282602499,0.169049941259982,0,0.169049941259982,0
2009,"WGOA","Pandalid shrimp",6131.95357120492,0.0261190659294894,0,0.0261190659294894,0
2009,"WGOA","Pelagic shelf rockfish",49084.5324443479,0.209075643535926,0,0.209075643535926,0
2009,"WGOA","Rex sole",101872.17627956,0.433924695894846,0.000918664001548891,0.433526064897344,0.000398630997501645
2009,"WGOA","Sablefish",138847.472700346,0.591421029447016,0.00772552854383602,0.586851989402599,0.00456904004441781
2009,"WGOA","Salmon returning",6812.17448182023,0.0290164679734986,0,0.0290164679734986,0
2009,"WGOA","Sessile epifauna",67874.3318082053,0.289110823627812,0,0.289110823627812,0
2009,"WGOA","Shallow-water flatfish",380847.06585935,1.62221867904299,0,1.62221867904299,0
2009,"WGOA","Shelf demersal fish",9391.93882293033,0.0400049782623592,0,0.0400049782623592,0
2009,"WGOA","Shelf forage fish",75089.0752594199,0.319842034762797,0,0.319842034762797,0
2009,"WGOA","Slope demersal fish",726523.621563834,3.09462851448636,0,3.09462851448636,0
2009,"WGOA","Slope forage fish",213.292910928612,0.000908521491258199,0,0.000908521491258199,0
2009,"WGOA","Slope rockfish",155299.12484818,0.661496867776281,0,0.661496867776281,0
2009,"WGOA","Squid",7180.64910457449,0.030585986211578,0,0.030585986211578,0
2009,"WGOA","Tanner crab",19568.7435078345,0.0833530939044541,0,0.0833530939044541,0
2009,"WGOA","Thornyheads",49505.3905692383,0.210868289384158,0,0.210868289384158,0
2009,"WGOA","Walleye pollock",648087.825076555,2.76053111536324,0.0152376815401228,2.71846702134574,0.0420640940175053
2011,"WGOA","Arrowtooth flounder",1400764.643075,5.96655921140387,0.000308742500664443,5.96471708099258,0.0018421304112913
2011,"WGOA","Atka mackerel",97233.6401931319,0.414166844102446,0,0.414166844102446,0
2011,"WGOA","Big skate",28012.2580774522,0.119318257560629,0,0.119318257560629,0
2011,"WGOA","Deep-water flatfish",36380.7947565374,0.154964052773561,0,0.154964052773561,0
2011,"WGOA","Demersal shelf rockfish",3788.19691719504,0.0161358307568959,0,0.0161358307568959,0
2011,"WGOA","Flathead sole",204476.405381035,0.87096757194181,0.0059157261313258,0.865815166316937,0.00515240562487355
2011,"WGOA","Gelatinous carnivores",1776.52389522358,0.00756710633990342,0,0.00756710633990342,0
2011,"WGOA","Infauna",2132.89207661749,0.0090850571718714,0,0.0090850571718714,0
2011,"WGOA","King crab",469.304039201726,0.00199900129682113,0,0.00199900129682113,0
2011,"WGOA","Large sculpins",30515.5278855159,0.129980939265062,0,0.129980939265062,0
2011,"WGOA","Lingcod",11932.2708496797,0.0508255265458687,0,0.0508255265458687,0
2011,"WGOA","Longnose skate",24548.8372678833,0.104565811147549,0,0.104565811147549,0
2011,"WGOA","MISC_NA",15759.9189493739,0.0671293996769811,0,0.0671293996769811,0
2011,"WGOA","MISC_SHELLS",815.951723224359,0.00347554765487075,0,0.00347554765487075,0
2011,"WGOA","Miscellaneous deep-sea fish",1.87711097504981,7.9955571654239e-06,0,7.9955571654239e-06,0
2011,"WGOA","Motile epifauna",19426.9023042478,0.0827489210735647,0,0.0827489210735647,0
2011,"WGOA","Nonpandalid shrimp",47.5110075096585,0.000202373211589303,0,0.000202373211589303,0
2011,"WGOA","Octopus",4819.60815290031,0.0205291285457617,0,0.0205291285457617,0
2011,"WGOA","Other gelatinous zooplankton",59.8667180260983,0.000255002380065079,0,0.000255002380065079,0
2011,"WGOA","Other skates",19532.2367222514,0.0831975931935559,0,0.0831975931935559,0
2011,"WGOA","Pacific capelin",293.562616654395,0.00125043042968163,0,0.00125043042968163,0
2011,"WGOA","Pacific cod",483772.364770183,2.06062915245043,0.00971770060849713,2.04060457528178,0.0200245771686545
2011,"WGOA","Pacific dogfish",15677.8273036243,0.0667797301821462,0,0.0667797301821462,0
2011,"WGOA","Pacific halibut",336085.104283984,1.43155503295629,0.0012424628762993,1.42977637897247,0.00177865398382761
2011,"WGOA","Pacific herring",13957.0983058044,0.0594502822959305,0,0.0594502822959305,0
2011,"WGOA","Pacific ocean perch",637643.450164731,2.71604328391663,0.00114500306562733,2.71293340603017,0.00310987788646106
2011,"WGOA","Pacific sandlance",3.22471480532227,1.37356778106627e-05,0,1.37356778106627e-05,0
2011,"WGOA","Pacific sleeper shark",29496.1287356629,0.125638806974871,0,0.125638806974871,0
2011,"WGOA","Pandalid shrimp",5953.30911643017,0.0253581295919883,0,0.0253581295919883,0
2011,"WGOA","Pelagic shelf rockfish",79815.9218096347,0.339976045115289,0,0.339976045115289,0
2011,"WGOA","Rex sole",76453.4842161202,0.325653736870619,0.000411331811590197,0.325519785129081,0.000133951741538109
2011,"WGOA","Sablefish",91173.7897664628,0.388354901631082,0.000210235592096885,0.388273255608394,8.16460226881381e-05
2011,"WGOA","Salmon returning",4532.01562633905,0.0193041277242688,0,0.0193041277242688,0
2011,"WGOA","Salmon shark",3765.87548922527,0.0160407525991746,0,0.0160407525991746,0
2011,"WGOA","Sessile epifauna",46651.4648852004,0.198711988421722,0,0.198711988421722,0
2011,"WGOA","Shallow-water flatfish",287144.449869256,1.22309223811496,0,1.22309223811496,0
2011,"WGOA","Shelf demersal fish",5737.15229646359,0.0244374092756559,0,0.0244374092756559,0
2011,"WGOA","Shelf forage fish",49645.5601324024,0.211465341860025,0,0.211465341860025,0
2011,"WGOA","Slope demersal fish",278151.479756677,1.18478666770501,0,1.18478666770501,0
2011,"WGOA","Slope forage fish",201.976150657517,0.000860317732994768,0,0.000860317732994768,0
2011,"WGOA","Slope rockfish",274258.828429948,1.16820591322559,0,1.16820591322559,0
2011,"WGOA","Squid",2612.19541736926,0.0111266505094511,0,0.0111266505094511,0
2011,"WGOA","Tanner crab",6624.76134369763,0.0282181814154165,0,0.0282181814154165,0
2011,"WGOA","Thornyheads",33874.6345032505,0.144289059213131,0,0.144289059213131,0
2011,"WGOA","Walleye pollock",636093.337223841,2.7094405753946,0.0173322817138868,2.66247978805483,0.0469607873397749
2013,"WGOA","Arrowtooth flounder",969597.483848171,4.13000201511981,0.000517644344700621,4.12786414293308,0.00213787218672894
2013,"WGOA","Atka mackerel",105096.095796705,0.447656986174259,0,0.447656986174259,0
2013,"WGOA","Big skate",23481.2600341612,0.100018464232962,0,0.100018464232962,0
2013,"WGOA","Deep-water flatfish",24211.7149288915,0.103129838011715,0,0.103129838011715,0
2013,"WGOA","Demersal shelf rockfish",760.293245196754,0.00323847027973132,0,0.00323847027973132,0
2013,"WGOA","Flathead sole",183194.003702682,0.780315148351206,0.00907258968573066,0.773235669184655,0.00707947916655053
2013,"WGOA","Gelatinous carnivores",20420.6139702974,0.0869816374858895,0,0.0869816374858895,0
2013,"WGOA","Infauna",1225.78060293379,0.00522121441582047,0,0.00522121441582047,0
2013,"WGOA","King crab",765.513616992755,0.00326070646164837,0,0.00326070646164837,0
2013,"WGOA","Large sculpins",33084.433559973,0.140923197046149,0,0.140923197046149,0
2013,"WGOA","Lingcod",3804.85322488463,0.0162067783258288,0,0.0162067783258288,0
2013,"WGOA","Longnose skate",30401.2871671108,0.129494330744432,0,0.129494330744432,0
2013,"WGOA","MISC_NA",180.809122552033,0.000770156743320174,0,0.000770156743320174,0
2013,"WGOA","MISC_SHELLS",492.302074347025,0.00209696146387613,0,0.00209696146387613,0
2013,"WGOA","Motile epifauna",24931.4357129517,0.106195489829101,0,0.106195489829101,0
2013,"WGOA","Nonpandalid shrimp",167.761019252811,0.000714578326691655,0,0.000714578326691655,0
2013,"WGOA","Octopus",2563.87018881849,0.0109208091220502,0,0.0109208091220502,0
2013,"WGOA","Other gelatinous zooplankton",82.32466041032,0.000350662021150538,0,0.000350662021150538,0
2013,"WGOA","Other skates",28632.9019015928,0.121961890910624,0,0.121961890910624,0
2013,"WGOA","Pacific capelin",3258.20990295925,0.013878350231994,0,0.013878350231994,0
2013,"WGOA","Pacific cod",493928.497450665,2.10388921565702,0.0197947419542039,2.06224327153286,0.0416459441241631
2013,"WGOA","Pacific dogfish",19510.4923746212,0.083104973110453,0,0.083104973110453,0
2013,"WGOA","Pacific halibut",187167.041198189,0.797238307843606,0.00389154962240308,0.794135815407752,0.00310249243585405
2013,"WGOA","Pacific herring",3812.24050060125,0.016238244438421,0,0.016238244438421,0
2013,"WGOA","Pacific ocean perch",1043895.37231287,4.44647398847986,0.00147511314553842,4.43991493624816,0.00655905223170127
2013,"WGOA","Pacific sandlance",5.09205171440802,2.16896023266625e-05,0,2.16896023266625e-05,0
2013,"WGOA","Pacific sleeper shark",40848.1083943901,0.173992582275596,0,0.173992582275596,0
2013,"WGOA","Pandalid shrimp",10730.6164472832,0.0457070777193735,0,0.0457070777193735,0
2013,"WGOA","Pelagic shelf rockfish",59059.5164864386,0.251564103830934,0,0.251564103830934,0
2013,"WGOA","Rex sole",78064.7559686992,0.33251695144771,0.00141527057711298,0.332046349989935,0.00047060145777525
2013,"WGOA","Sablefish",48220.6878421999,0.205396096087574,7.33290002073417e-05,0.205381034597201,1.50614903725929e-05
2013,"WGOA","Salmon returning",8944.60139412545,0.0380995437772466,0,0.0380995437772466,0
2013,"WGOA","Salmon shark",3978.49343668263,0.01694639908246,0,0.01694639908246,0
2013,"WGOA","Sessile epifauna",38273.8017811497,0.163027319187223,0,0.163027319187223,0
2013,"WGOA","Shallow-water flatfish",275268.128985726,1.17250503053835,0,1.17250503053835,0
2013,"WGOA","Shelf demersal fish",11235.5161980996,0.0478576990060843,0,0.0478576990060843,0
2013,"WGOA","Shelf forage fish",37989.9579770854,0.161818286055132,0,0.161818286055132,0
2013,"WGOA","Slope demersal fish",319885.821998224,1.36255416445346,0,1.36255416445346,0
2013,"WGOA","Slope forage fish",184.652330556408,0.000786526893889871,0,0.000786526893889871,0
2013,"WGOA","Slope rockfish",415869.427821956,1.77139648518349,0,1.77139648518349,0
2013,"WGOA","Squid",7550.12991808645,0.0321597903207804,0,0.0321597903207804,0
2013,"WGOA","Tanner crab",2687.51610828235,0.0114474791114569,0,0.0114474791114569,0
2013,"WGOA","Thornyheads",41278.4609807604,0.17582566979751,0,0.17582566979751,0
2013,"WGOA","Walleye pollock",926612.938581268,3.94690927660862,0.0237260245982655,3.85326481002468,0.0936444665839385
2015,"WGOA","Arrowtooth flounder",1150748.65567384,4.90161571786172,0.000494136873219273,4.89919364879717,0.00242206906454663
2015,"WGOA","Atka mackerel",28780.3526484228,0.122589957599826,0,0.122589957599826,0
2015,"WGOA","Big skate",45491.1836788427,0.193769768789154,0,0.193769768789154,0
2015,"WGOA","Deep-water flatfish",20819.1510774573,0.0886792069238149,0,0.0886792069238149,0
2015,"WGOA","Demersal shelf rockfish",1257.10363033209,0.00535463490053669,0,0.00535463490053669,0
2015,"WGOA","Flathead sole",193864.819435283,0.825767504831862,0.00842509059964266,0.818810338789412,0.00695716604244929
2015,"WGOA","Gelatinous carnivores",23159.770963806,0.0986490810295976,0,0.0986490810295976,0
2015,"WGOA","Infauna",1833.23401224645,0.00780866317300552,0,0.00780866317300552,0
2015,"WGOA","King crab",1277.55698067285,0.00544175597864428,0,0.00544175597864428,0
2015,"WGOA","Large sculpins",43677.226557199,0.186043215562143,0,0.186043215562143,0
2015,"WGOA","Lingcod",4696.86159601519,0.0200062893926807,0,0.0200062893926807,0
2015,"WGOA","Longnose skate",34956.0854520667,0.148895501239092,0,0.148895501239092,0
2015,"WGOA","MISC_NA",334.630166958484,0.00142535772511847,0,0.00142535772511847,0
2015,"WGOA","MISC_SHELLS",1845.83150852001,0.00786232222829595,0,0.00786232222829595,0
2015,"WGOA","Miscellaneous deep-sea fish",13.9897468462658,5.95893488056341e-05,0,5.95893488056341e-05,0
2015,"WGOA","Motile epifauna",31510.5678796097,0.13421931369279,0,0.13421931369279,0
2015,"WGOA","Mysids",0.147835488112952,6.29705495304605e-07,0,6.29705495304605e-07,0
2015,"WGOA","Nonpandalid shrimp",168.939447760891,0.000719597844784592,0,0.000719597844784592,0
2015,"WGOA","Octopus",12644.2302728866,0.0538581188344317,0,0.0538581188344317,0
2015,"WGOA","Other gelatinous zooplankton",60.8712373322887,0.000259281131637667,0,0.000259281131637667,0
2015,"WGOA","Other skates",24053.6842801205,0.102456706213472,0,0.102456706213472,0
2015,"WGOA","Pacific capelin",56.280782761427,0.000239728083136828,0,0.000239728083136828,0
2015,"WGOA","Pacific cod",229886.352015836,0.979201279798924,0.0125767025024549,0.96688615661287,0.0123151231860542
2015,"WGOA","Pacific dogfish",18963.6171492144,0.0807755572233725,0,0.0807755572233725,0
2015,"WGOA","Pacific halibut",279793.296029211,1.19177998671313,0.00415277721719017,1.1868307899364,0.00494919677672549
2015,"WGOA","Pacific herring",2938.49251807329,0.0125165135256864,0,0.0125165135256864,0
2015,"WGOA","Pacific ocean perch",893557.946600866,3.8061114860172,0.000568835524292297,3.80394643459453,0.00216505142266353
2015,"WGOA","Pacific sandlance",3.12021427001749,1.32905576153452e-05,0,1.32905576153452e-05,0
2015,"WGOA","Pacific sleeper shark",70932.6160938166,0.302137590376684,0,0.302137590376684,0
2015,"WGOA","Pandalid shrimp",12510.8300128116,0.0532899002157728,0,0.0532899002157728,0
2015,"WGOA","Pelagic shelf rockfish",30912.1847693667,0.13167049988883,0,0.13167049988883,0
2015,"WGOA","Rex sole",64839.2758851155,0.276182998125817,0.000288736344875749,0.276103254056422,7.97440693956742e-05
2015,"WGOA","Sablefish",99518.6906153836,0.423900019988067,0.0876264817727205,0.386755152613127,0.0371448673749402
2015,"WGOA","Salmon returning",15405.3054606385,0.0656189229611657,0,0.0656189229611657,0
2015,"WGOA","Salmon shark",5127.10469604553,0.0218389105573567,0,0.0218389105573567,0
2015,"WGOA","Sessile epifauna",55138.7884589544,0.234863756600266,0,0.234863756600266,0
2015,"WGOA","Shallow-water flatfish",239351.560388105,1.01951834982251,0,1.01951834982251,0
2015,"WGOA","Shelf demersal fish",7680.0212240682,0.0327130625439323,0,0.0327130625439323,0
2015,"WGOA","Shelf forage fish",93795.5742686886,0.399522396862638,0,0.399522396862638,0
2015,"WGOA","Slope demersal fish",467018.612993394,1.9892665202741,0,1.9892665202741,0
2015,"WGOA","Slope forage fish",515.409130894649,0.00219538600776668,0,0.00219538600776668,0
2015,"WGOA","Slope rockfish",116807.734229332,0.49754272859093,0,0.49754272859093,0
2015,"WGOA","Squid",12509.5307898506,0.0532843661735167,0,0.0532843661735167,0
2015,"WGOA","Tanner crab",4615.94402532592,0.0196616208724212,0,0.0196616208724212,0
2015,"WGOA","Thornyheads",61816.3137373199,0.263306686078805,0,0.263306686078805,0
2015,"WGOA","Walleye pollock",683366.63665886,2.91080126906423,0.0131331915096633,2.87257315855104,0.0382281105131914
2017,"WGOA","Arrowtooth flounder",830640.639407883,3.53811511657363,0.00166978356684678,3.53220723009436,0.00590788647926683
2017,"WGOA","Atka mackerel",37703.6540132802,0.160598773868736,0,0.160598773868736,0
2017,"WGOA","Big skate",27946.1321688927,0.119036594148593,0,0.119036594148593,0
2017,"WGOA","Deep-water flatfish",20754.9914696103,0.0884059189727721,0,0.0884059189727721,0
2017,"WGOA","Demersal shelf rockfish",1391.35125522805,0.00592646287098981,0,0.00592646287098981,0
2017,"WGOA","Flathead sole",222096.069248877,0.946018558038755,0.00689351630759485,0.939497163681627,0.00652139435712752
2017,"WGOA","Gelatinous carnivores",7599.06837120735,0.0323682437392072,0,0.0323682437392072,0
2017,"WGOA","Infauna",570.309739914824,0.00242923523867097,0,0.00242923523867097,0
2017,"WGOA","King crab",816.004871605775,0.0034757740404854,0,0.0034757740404854,0
2017,"WGOA","Large sculpins",29401.7636014058,0.125236858536338,0,0.125236858536338,0
2017,"WGOA","Lingcod",20147.3594995174,0.0858177096356613,0,0.0858177096356613,0
2017,"WGOA","Longnose skate",41351.478295215,0.17613668716385,0,0.17613668716385,0
2017,"WGOA","MISC_NA",197.455252214093,0.000841060958928697,0,0.000841060958928697,0
2017,"WGOA","MISC_SHELLS",665.554574704834,0.00283493076301506,0,0.00283493076301506,0
2017,"WGOA","Miscellaneous deep-sea fish",24.7107650425513,0.000105255542759711,0,0.000105255542759711,0
2017,"WGOA","Motile epifauna",20920.8602247134,0.0891124371973269,0,0.0891124371973269,0
2017,"WGOA","Nonpandalid shrimp",406.436770183724,0.00173121806506298,0,0.00173121806506298,0
2017,"WGOA","Octopus",1011.86031654873,0.00431002061781382,0,0.00431002061781382,0
2017,"WGOA","Other gelatinous zooplankton",869.389810896714,0.00370316727378215,0,0.00370316727378215,0
2017,"WGOA","Other skates",16458.8502745484,0.0701064987613814,0,0.0701064987613814,0
2017,"WGOA","Pacific capelin",151.130327469889,0.00064373986875372,0,0.00064373986875372,0
2017,"WGOA","Pacific cod",99548.6905564026,0.424027804784259,0.0173231872672209,0.416682291715473,0.00734551306878632
2017,"WGOA","Pacific dogfish",27384.9157651115,0.116646091989557,0,0.116646091989557,0
2017,"WGOA","Pacific hake",1.41563095972363,6.0298823106683e-06,0,6.0298823106683e-06,0
2017,"WGOA","Pacific halibut",234045.880598734,0.996918798372856,0.00181977710812372,0.995104628364919,0.00181417000793713
2017,"WGOA","Pacific herring",13869.6528357097,0.0590778081778345,0,0.0590778081778345,0
2017,"WGOA","Pacific ocean perch",1226021.38576723,5.22224003068011,0.000442783387482361,5.21992770954908,0.00231232113103053
2017,"WGOA","Pacific sandlance",16.4542503809544,7.00869055073464e-05,0,7.00869055073464e-05,0
2017,"WGOA","Pacific sleeper shark",6561.37249353139,0.0279481765079329,0,0.0279481765079329,0
2017,"WGOA","Pandalid shrimp",8324.58614006961,0.0354585878225212,0,0.0354585878225212,0
2017,"WGOA","Pelagic shelf rockfish",49502.0382272723,0.210854010078255,0,0.210854010078255,0
2017,"WGOA","Rex sole",77367.6862237086,0.329547781767046,0.00357012928751424,0.328371253579724,0.00117652818732188
2017,"WGOA","Sablefish",103706.978091557,0.441740037113366,0.0989179515340954,0.398044017531517,0.0436960195818495
2017,"WGOA","Salmon returning",10175.8472130238,0.0433440372891071,0,0.0433440372891071,0
2017,"WGOA","Sessile epifauna",38905.2046804254,0.165716780834764,0,0.165716780834764,0
2017,"WGOA","Shallow-water flatfish",263778.112533877,1.12356328729913,0,1.12356328729913,0
2017,"WGOA","Shelf demersal fish",8336.70655926699,0.0355102147672515,0,0.0355102147672515,0
2017,"WGOA","Shelf forage fish",12414.531014998,0.0528797144823632,0,0.0528797144823632,0
2017,"WGOA","Slope demersal fish",137525.144404804,0.585788569981917,0,0.585788569981917,0
2017,"WGOA","Slope forage fish",300.631311902963,0.00128053954826658,0,0.00128053954826658,0
2017,"WGOA","Slope rockfish",218814.487073332,0.932040653574738,0,0.932040653574738,0
2017,"WGOA","Squid",1130.9991116449,0.0048174925038518,0,0.0048174925038518,0
2017,"WGOA","Tanner crab",3997.15884876955,0.0170259044347492,0,0.0170259044347492,0
2017,"WGOA","Thornyheads",48370.9867706958,0.206036294611084,0,0.206036294611084,0
2017,"WGOA","Walleye pollock",282065.560045816,1.20145869888368,0.0216128282402672,1.17549177838694,0.0259669204967479
2019,"WGOA","Arrowtooth flounder",860270.256283337,3.66432251649095,0.00233763972190759,3.65575665062252,0.00856586586842962
2019,"WGOA","Atka mackerel",825.23029133888,0.00351506973042143,0,0.00351506973042143,0
2019,"WGOA","Big skate",30553.2375913298,0.130141563816584,0,0.130141563816584,0
2019,"WGOA","Deep-water flatfish",15516.4184651001,0.0660922089793093,0,0.0660922089793093,0
2019,"WGOA","Demersal shelf rockfish",1934.43747768064,0.00823973949399747,0,0.00823973949399747,0
2019,"WGOA","Flathead sole",160990.454565223,0.68573909570246,0.009345192600029,0.67933073177975,0.0064083639227092
2019,"WGOA","Gelatinous carnivores",105598.502973106,0.449796990336306,0,0.449796990336306,0
2019,"WGOA","Infauna",853.170755006961,0.00363408217958185,0,0.00363408217958185,0
2019,"WGOA","King crab",1084.53324296576,0.00461957106276319,0,0.00461957106276319,0
2019,"WGOA","Large sculpins",27676.2551137479,0.117887052405602,0,0.117887052405602,0
2019,"WGOA","Lingcod",9699.76166738025,0.0413161501548774,0,0.0413161501548774,0
2019,"WGOA","Longnose skate",24931.2631817114,0.10619475493201,0,0.10619475493201,0
2019,"WGOA","MISC_NA",1465.79227898342,0.00624354452934673,0,0.00624354452934673,0
2019,"WGOA","MISC_SHELLS",1871.81906379391,0.00797301626106435,0,0.00797301626106435,0
2019,"WGOA","Miscellaneous deep-sea fish",2.70661651347972,1.15288373175876e-05,0,1.15288373175876e-05,0
2019,"WGOA","Motile epifauna",16097.1143789755,0.0685656841423831,0,0.0685656841423831,0
2019,"WGOA","Mysids",0.0712281600834167,3.0339646046756e-07,0,3.0339646046756e-07,0
2019,"WGOA","Nonpandalid shrimp",239.369041917465,0.00101959281242445,0,0.00101959281242445,0
2019,"WGOA","Octopus",12742.5501721553,0.0542769126007835,0,0.0542769126007835,0
2019,"WGOA","Other gelatinous zooplankton",52.1561576448406,0.000222159235932824,0,0.000222159235932824,0
2019,"WGOA","Other skates",10233.7259917507,0.043590572038585,0,0.043590572038585,0
2019,"WGOA","Pacific capelin",1152.97766409749,0.0049111101827657,0,0.0049111101827657,0
2019,"WGOA","Pacific cod",171777.50780815,0.731686566042089,0.0320949827311556,0.70820309834035,0.0234834677017394
2019,"WGOA","Pacific dogfish",13465.8003436494,0.0573575978495235,0,0.0573575978495235,0
2019,"WGOA","Pacific hake",3.88914141007676,1.65658039838912e-05,0,1.65658039838912e-05,0
2019,"WGOA","Pacific halibut",231284.646286989,0.985157316457222,0.00769733501601901,0.977574230548969,0.0075830859082535
2019,"WGOA","Pacific herring",45086.4841398815,0.19204595046323,0,0.19204595046323,0
2019,"WGOA","Pacific ocean perch",977265.954312321,4.16266587718362,0.000746753361545738,4.15955739244684,0.0031084847367786
2019,"WGOA","Pacific sandlance",12.0525041949521,5.13376606701125e-05,0,5.13376606701125e-05,0
2019,"WGOA","Pacific sleeper shark",4877.73300854043,0.0207767114602402,0,0.0207767114602402,0
2019,"WGOA","Pandalid shrimp",11499.9910218334,0.048984229935841,0,0.048984229935841,0
2019,"WGOA","Pelagic shelf rockfish",80271.8583436829,0.341918107502778,0,0.341918107502778,0
2019,"WGOA","Rex sole",66170.361795599,0.281852760665604,0.00194901924600384,0.281303424210528,0.000549336455076577
2019,"WGOA","Sablefish",214181.878087309,0.912308048275884,0.00772005809256281,0.905264977144881,0.00704307113100242
2019,"WGOA","Salmon returning",12671.5178662769,0.0539743503816117,0,0.0539743503816117,0
2019,"WGOA","Sessile epifauna",35247.3109594963,0.150135976748336,0,0.150135976748336,0
2019,"WGOA","Shallow-water flatfish",217822.884496044,0.927816920829326,0,0.927816920829326,0
2019,"WGOA","Shelf demersal fish",7178.78376791343,0.0305780408071217,0,0.0305780408071217,0
2019,"WGOA","Shelf forage fish",24765.7786437622,0.10548987328103,0,0.10548987328103,0
2019,"WGOA","Slope demersal fish",203441.016881572,0.866557332991681,0,0.866557332991681,0
2019,"WGOA","Slope forage fish",315.005078799353,0.00134176463108275,0,0.00134176463108275,0
2019,"WGOA","Slope rockfish",159261.450641803,0.678374400757569,0,0.678374400757569,0
2019,"WGOA","Squid",2286.97139725686,0.00974135828169212,0,0.00974135828169212,0
2019,"WGOA","Tanner crab",7128.26368194456,0.0303628504210788,0,0.0303628504210788,0
2019,"WGOA","Thornyheads",52389.3699280371,0.223152604021744,0,0.223152604021744,0
2019,"WGOA","Walleye pollock",246683.154799435,1.05074728780681,0.0520328275975222,0.996073935331798,0.054673352475016
2021,"WGOA","Arrowtooth flounder",983068.219914838,4.18738063668933,0.000887892631346901,4.18366269227737,0.00371794441196115
2021,"WGOA","Atka mackerel",24410.5861948529,0.103976930483439,0,0.103976930483439,0
2021,"WGOA","Big skate",23360.5805513262,0.0995044297850647,0,0.0995044297850647,0
2021,"WGOA","Deep-water flatfish",17809.5600010186,0.0758598489763838,0,0.0758598489763838,0
2021,"WGOA","Demersal shelf rockfish",3719.05924629132,0.0158413387383937,0,0.0158413387383937,0
2021,"WGOA","Flathead sole",150114.099734427,0.639411245108141,0.00582996625891803,0.635683499123588,0.00372774598455323
2021,"WGOA","Gelatinous carnivores",19021.182592999,0.0810207573221685,0,0.0810207573221685,0
2021,"WGOA","Infauna",1114.36384533373,0.00474663456070361,0,0.00474663456070361,0
2021,"WGOA","King crab",1608.64341343747,0.00685201916236232,0,0.00685201916236232,0
2021,"WGOA","Large sculpins",23047.9224891373,0.0981726622749443,0,0.0981726622749443,0
2021,"WGOA","Lingcod",16555.8235537782,0.0705195565975489,0,0.0705195565975489,0
2021,"WGOA","Longnose skate",30115.9961275096,0.128279133110283,0,0.128279133110283,0
2021,"WGOA","MISC_NA",9492.73560237916,0.0404343223037536,0,0.0404343223037536,0
2021,"WGOA","MISC_SHELLS",1261.97845811462,0.00537539923718214,0,0.00537539923718214,0
2021,"WGOA","Miscellaneous deep-sea fish",25.3900071853074,0.000108148775740477,0,0.000108148775740477,0
2021,"WGOA","Motile epifauna",26911.9359660408,0.114631433787764,0,0.114631433787764,0
2021,"WGOA","Mysids",0.0436846655451068,1.86074901942895e-07,0,1.86074901942895e-07,0
2021,"WGOA","Nonpandalid shrimp",563.868457658974,0.00240179858672026,0,0.00240179858672026,0
2021,"WGOA","Octopus",1181.77634745793,0.00503377822006235,0,0.00503377822006235,0
2021,"WGOA","Other gelatinous zooplankton",14.2287789915544,6.06075066063355e-05,0,6.06075066063355e-05,0
2021,"WGOA","Other skates",12836.5185778245,0.05467717117327,0,0.05467717117327,0
2021,"WGOA","Pacific capelin",5301.46696309146,0.0225816069094579,0,0.0225816069094579,0
2021,"WGOA","Pacific cod",150205.34898569,0.639799921438138,0.0143439000115389,0.630622695337639,0.00917722610049908
2021,"WGOA","Pacific dogfish",12622.3041987581,0.0537647246870219,0,0.0537647246870219,0
2021,"WGOA","Pacific hake",21.6359443351616,9.21583390961335e-05,0,9.21583390961335e-05,0
2021,"WGOA","Pacific halibut",197064.502938465,0.83939656177149,0.003606644744126,0.83636915657374,0.00302740519775058
2021,"WGOA","Pacific herring",3122.73070551386,0.0133012763763197,0,0.0133012763763197,0
2021,"WGOA","Pacific ocean perch",1320163.36535849,5.62323794156185,0.000166156107150656,5.62230360623589,0.000934335325951785
2021,"WGOA","Pacific sandlance",25.1887577472612,0.000107291553440998,0,0.000107291553440998,0
2021,"WGOA","Pandalid shrimp",8918.93646503166,0.0379902239712024,0,0.0379902239712024,0
2021,"WGOA","Pelagic shelf rockfish",108421.561369078,0.461821812036434,0,0.461821812036434,0
2021,"WGOA","Rex sole",86209.5483031574,0.367209707271025,0.000936855107453123,0.366865684981261,0.000344022289763226
2021,"WGOA","Sablefish",274298.053476523,1.16837299237348,0.00328154113583151,1.16453892833701,0.00383406403646811
2021,"WGOA","Salmon returning",12677.4225823275,0.0539995015289629,0,0.0539995015289629,0
2021,"WGOA","Salmon shark",1235.29624285895,0.00526174629912333,0,0.00526174629912333,0
2021,"WGOA","Sessile epifauna",25782.3610036469,0.109820007449898,0,0.109820007449898,0
2021,"WGOA","Shallow-water flatfish",251680.177541003,1.07203211407345,0,1.07203211407345,0
2021,"WGOA","Shelf demersal fish",6437.76597759769,0.0274216743579252,0,0.0274216743579252,0
2021,"WGOA","Shelf forage fish",24483.6481739411,0.104288138098856,0,0.104288138098856,0
2021,"WGOA","Slope demersal fish",184172.705963079,0.784483932176431,0,0.784483932176431,0
2021,"WGOA","Slope forage fish",314.332039316782,0.00133889781834285,0,0.00133889781834285,0
2021,"WGOA","Slope rockfish",125742.160867464,0.535598932978942,0,0.535598932978942,0
2021,"WGOA","Squid",6359.03545974284,0.0270863215926711,0,0.0270863215926711,0
2021,"WGOA","Tanner crab",4694.54290143325,0.0199964129094437,0,0.0199964129094437,0
2021,"WGOA","Thornyheads",43677.7185824538,0.186045311344493,0,0.186045311344493,0
2021,"WGOA","Walleye pollock",475376.270495479,2.0248659756154,0.041768668162211,1.94029002060697,0.0845759550084315
2023,"WGOA","Arrowtooth flounder",904524.567517395,3.85282382514638,0.00058703767036583,3.85056207242374,0.0022617527226439
2023,"WGOA","Atka mackerel",77874.4318520283,0.3317062655719,0,0.3317062655719,0
2023,"WGOA","Big skate",33337.3477739903,0.142000485540544,0,0.142000485540544,0
2023,"WGOA","Deep-water flatfish",18760.5474882264,0.0799105816813965,0,0.0799105816813965,0
2023,"WGOA","Demersal shelf rockfish",3291.29826642,0.0140192901684587,0,0.0140192901684587,0
2023,"WGOA","Flathead sole",118353.913014547,0.504128679570642,0.00721446905363193,0.500491658812831,0.00363702075781072
2023,"WGOA","Gelatinous carnivores",11612.24206631,0.0494623634372275,0,0.0494623634372275,0
2023,"WGOA","Infauna",1701.79932952563,0.00724881693419388,0,0.00724881693419388,0
2023,"WGOA","King crab",686.790715291981,0.00292538613741454,0,0.00292538613741454,0
2023,"WGOA","Large sculpins",23310.5326701992,0.0992912507562924,0,0.0992912507562924,0
2023,"WGOA","Lingcod",10402.6738503405,0.0443102057093085,0,0.0443102057093085,0
2023,"WGOA","Longnose skate",25759.1122279641,0.109720979253127,0,0.109720979253127,0
2023,"WGOA","MISC_NA",3944.70719872619,0.0168024865484778,0,0.0168024865484778,0
2023,"WGOA","MISC_SHELLS",1331.22400166691,0.00567035073940138,0,0.00567035073940138,0
2023,"WGOA","Miscellaneous deep-sea fish",1.76122128828014,7.50192486143859e-06,0,7.50192486143859e-06,0
2023,"WGOA","Motile epifauna",27557.9778460727,0.117383250196975,0,0.117383250196975,0
2023,"WGOA","Mysids",0.105806014441046,4.50680885762016e-07,0,4.50680885762016e-07,0
2023,"WGOA","Nonpandalid shrimp",187.734690929221,0.000799656212770236,0,0.000799656212770236,0
2023,"WGOA","Octopus",4938.30849575155,0.0210347328437693,0,0.0210347328437693,0
2023,"WGOA","Other gelatinous zooplankton",24.8182346834584,0.000105713309865034,0,0.000105713309865034,0
2023,"WGOA","Other skates",8074.0911967759,0.0343916042155976,0,0.0343916042155976,0
2023,"WGOA","Pacific capelin",3647.41540286088,0.0155361716740524,0,0.0155361716740524,0
2023,"WGOA","Pacific cod",207656.142734885,0.88451166822683,0.0227129072454188,0.864421836748904,0.0200898314779266
2023,"WGOA","Pacific dogfish",50339.225564684,0.214420010865324,0,0.214420010865324,0
2023,"WGOA","Pacific halibut",160280.503248803,0.682715056947932,0.00620054693521673,0.678481850193947,0.00423320675398481
2023,"WGOA","Pacific herring",24903.290162762,0.106075603813578,0,0.106075603813578,0
2023,"WGOA","Pacific ocean perch",798226.413006207,3.40004666797766,0.000331877223866818,3.39891826992847,0.00112839804918605
2023,"WGOA","Pacific sandlance",5.04460612631514,2.14875077691824e-05,0,2.14875077691824e-05,0
2023,"WGOA","Pandalid shrimp",4475.62551749295,0.0190639339665015,0,0.0190639339665015,0
2023,"WGOA","Pelagic shelf rockfish",69768.6284253348,0.29717958306284,0,0.29717958306284,0
2023,"WGOA","Rex sole",74636.2391460203,0.317913178621962,0.000878087901862254,0.317634022905971,0.000279155715990518
2023,"WGOA","Sablefish",144933.499315677,0.617344469435361,0.00696958050900365,0.613041837453843,0.00430263198151789
2023,"WGOA","Salmon returning",17665.4535425727,0.0752460272888405,0,0.0752460272888405,0
2023,"WGOA","Salmon shark",2182.00782912793,0.00929426579732823,0,0.00929426579732823,0
2023,"WGOA","Sessile epifauna",31067.2548905449,0.132331021315112,0,0.132331021315112,0
2023,"WGOA","Shallow-water flatfish",235654.608368611,1.0037711768516,0,1.0037711768516,0
2023,"WGOA","Shelf demersal fish",5452.42213202779,0.023224600690161,0,0.023224600690161,0
2023,"WGOA","Shelf forage fish",28068.089739997,0.119556072615493,0,0.119556072615493,0
2023,"WGOA","Slope demersal fish",94411.4154792113,0.402145573472336,0,0.402145573472336,0
2023,"WGOA","Slope forage fish",88.882020755664,0.000378593107906925,0,0.000378593107906925,0
2023,"WGOA","Slope rockfish",68034.5661563482,0.289793342087013,0,0.289793342087013,0
2023,"WGOA","Squid",14536.0784510751,0.0619164491399201,0,0.0619164491399201,0
2023,"WGOA","Tanner crab",2099.81731998135,0.00894417519369766,0,0.00894417519369766,0
2023,"WGOA","Thornyheads",32919.63427893,0.140221234248044,0,0.140221234248044,0
2023,"WGOA","Walleye pollock",865712.1059622,3.68750208380014,0.0112677534346631,3.64595221953007,0.0415498642700661
2023,"WGOA","ZERO",1.04066751211147,4.43272491284963e-06,0,4.43272491284963e-06,0
