"date","PP_S"
1980-01-01,1.18902695426925
1980-02-01,1.00411764338939
1980-03-01,1.10851145263809
1980-04-01,1.16363470294324
1980-05-01,0.99628604735915
1980-06-01,0.790815413160141
1980-07-01,0.867212876946186
1980-08-01,0.927859692405992
1980-09-01,1.03520468169451
1980-10-01,1.07564354249506
1980-11-01,0.95388580444835
1980-12-01,1.00958701951722
1981-01-01,1.05577076516785
1981-02-01,0.943099064663084
1981-03-01,0.878556066083534
1981-04-01,1.08719568730755
1981-05-01,1.00945242049188
1981-06-01,0.998546361198699
1981-07-01,0.911692844316642
1981-08-01,1.04326115024197
1981-09-01,0.921832396007754
1981-10-01,0.990766994300849
1981-11-01,0.959146686809396
1981-12-01,0.993484223188998
1982-01-01,1.0386668071348
1982-02-01,0.989140037860249
1982-03-01,0.913199799651953
1982-04-01,0.972593511053401
1982-05-01,1.11000230978659
1982-06-01,1.11840966948625
1982-07-01,0.911495577261372
1982-08-01,1.00360093621376
1982-09-01,0.927498054644657
1982-10-01,1.06953360268097
1982-11-01,0.951131374700523
1982-12-01,0.988439697470503
1983-01-01,1.02839132303575
1983-02-01,0.949722691423236
1983-03-01,0.945708000146171
1983-04-01,0.932401878767376
1983-05-01,0.944578760927768
1983-06-01,0.974836029591582
1983-07-01,1.02009227795445
1983-08-01,1.07044113778824
1983-09-01,0.939001497933696
1983-10-01,1.06265681492624
1983-11-01,1.01527848778043
1983-12-01,1.02526552972181
1984-01-01,1.02062017250586
1984-02-01,1.05123056054552
1984-03-01,1.02783300657289
1984-04-01,0.897201267206218
1984-05-01,1.23881374665341
1984-06-01,1.00946564807242
1984-07-01,0.89073628297614
1984-08-01,0.962323626655467
1984-09-01,1.14756752612779
1984-10-01,1.09083689513968
1984-11-01,0.978284033732665
1984-12-01,1.01343394030327
1985-01-01,1.05356073795982
1985-02-01,1.16204131850396
1985-03-01,0.935438460037674
1985-04-01,1.05825632363322
1985-05-01,0.966301835867465
1985-06-01,0.991077021288684
1985-07-01,1.05774711762642
1985-08-01,1.03177999151539
1985-09-01,0.990808469106027
1985-10-01,0.976661506129709
1985-11-01,0.976277769314925
1985-12-01,1.03046546349018
1986-01-01,1.05372344545383
1986-02-01,1.01571959565643
1986-03-01,0.903954305027045
1986-04-01,0.974976474657669
1986-05-01,1.24426519108503
1986-06-01,0.869374358754314
1986-07-01,1.01364088478506
1986-08-01,0.816690900511019
1986-09-01,0.967336283817042
1986-10-01,0.879324472756007
1986-11-01,1.08528418891088
1986-12-01,1.02720626978596
1987-01-01,1.06424033500403
1987-02-01,1.0257120888043
1987-03-01,0.844410944228794
1987-04-01,0.838698138468019
1987-05-01,0.882233507845792
1987-06-01,1.01649850348902
1987-07-01,1.08335707478421
1987-08-01,0.946107576950534
1987-09-01,1.1071063995245
1987-10-01,1.07854042349768
1987-11-01,1.03290380376294
1987-12-01,1.04010140643924
1988-01-01,0.996681314271991
1988-02-01,0.967495974931672
1988-03-01,0.97330485077701
1988-04-01,0.845528331447426
1988-05-01,0.882677505197125
1988-06-01,0.998567575317068
1988-07-01,0.97309885729145
1988-08-01,0.88021849885821
1988-09-01,0.831424455506666
1988-10-01,0.948680377221884
1988-11-01,1.00500243171678
1988-12-01,0.984194977714342
1989-01-01,0.998415215947852
1989-02-01,1.09852726619957
1989-03-01,1.07858315917825
1989-04-01,0.883137812255403
1989-05-01,0.981001388282994
1989-06-01,0.875591457733857
1989-07-01,0.779673059256771
1989-08-01,0.769225118714289
1989-09-01,0.967215995611751
1989-10-01,0.950827347435955
1989-11-01,1.04058671567717
1989-12-01,1.03839298811322
1990-01-01,1.01860210787736
1990-02-01,1.04296573449368
1990-03-01,0.980199044903209
1990-04-01,0.988174841969658
1990-05-01,0.866280419021571
1990-06-01,0.889818325725118
1990-07-01,0.866194252446394
1990-08-01,0.984529772601327
1990-09-01,0.905874444056297
1990-10-01,1.08109278669129
1990-11-01,1.06521720683318
1990-12-01,1.0564450789729
1991-01-01,1.01075316145677
1991-02-01,0.979011766858924
1991-03-01,1.06861287739689
1991-04-01,1.10935760588894
1991-05-01,0.97465089876075
1991-06-01,0.904414814173874
1991-07-01,0.933718947604543
1991-08-01,0.796051844586858
1991-09-01,0.855044673747828
1991-10-01,1.03474963643109
1991-11-01,0.995664789845855
1991-12-01,1.03278022206753
1992-01-01,1.01605339099794
1992-02-01,1.06762593772377
1992-03-01,0.982849323620264
1992-04-01,1.15709741202192
1992-05-01,1.08273100559969
1992-06-01,0.957015547097784
1992-07-01,0.807203021331266
1992-08-01,0.82192265275835
1992-09-01,0.887606421273511
1992-10-01,0.918487662956952
1992-11-01,1.00794646672006
1992-12-01,1.01439170092566
1993-01-01,1.02473593377613
1993-02-01,0.991893865506394
1993-03-01,0.954478360680941
1993-04-01,1.11601414368569
1993-05-01,0.956766527321297
1993-06-01,1.03017966642691
1993-07-01,0.968378978601356
1993-08-01,0.862564789903588
1993-09-01,0.942799983132519
1993-10-01,1.08575352321873
1993-11-01,1.10256701974899
1993-12-01,1.04566727484118
1994-01-01,1.02484040841096
1994-02-01,1.07952864330026
1994-03-01,0.908049636537846
1994-04-01,0.992639990234259
1994-05-01,0.908738446776039
1994-06-01,1.08884935490833
1994-07-01,0.936071567562972
1994-08-01,1.0028418754695
1994-09-01,1.02753170310577
1994-10-01,0.975994231126078
1994-11-01,0.960675763907987
1994-12-01,1.0231519719664
1995-01-01,1.04049782155473
1995-02-01,0.988403341134452
1995-03-01,0.947078994527319
1995-04-01,0.933486201557101
1995-05-01,0.817579518623765
1995-06-01,1.07468253664623
1995-07-01,1.03459627721427
1995-08-01,0.98782407453207
1995-09-01,0.828039272750391
1995-10-01,1.01764995391199
1995-11-01,1.08266707403522
1995-12-01,1.01277259201717
1996-01-01,1.03381819504891
1996-02-01,0.984650080218598
1996-03-01,1.14943981232913
1996-04-01,0.945570073549161
1996-05-01,1.0050181458023
1996-06-01,0.968266649045388
1996-07-01,0.919842380168759
1996-08-01,0.90408747983713
1996-09-01,1.02400195100075
1996-10-01,0.920552435826063
1996-11-01,0.950247012678215
1996-12-01,1.02791819043907
1997-01-01,1.02823788587546
1997-02-01,0.929962073662586
1997-03-01,1.02260151249398
1997-04-01,0.863998024037406
1997-05-01,1.02425813629153
1997-06-01,1.01100839496989
1997-07-01,0.937006011368381
1997-08-01,0.908073206385629
1997-09-01,1.07568147716878
1997-10-01,1.05571709151943
1997-11-01,0.997097842412422
1997-12-01,1.03442203068275
1998-01-01,1.02771597282735
1998-02-01,1.00133587128871
1998-03-01,0.861097786161727
1998-04-01,0.93581840245728
1998-05-01,0.944125803741086
1998-06-01,0.791404108791777
1998-07-01,0.836205415565664
1998-08-01,0.963879265714563
1998-09-01,1.03438482253547
1998-10-01,0.93689786733469
1998-11-01,0.990406703530629
1998-12-01,1.01764137288035
1999-01-01,1.03946666500589
1999-02-01,1.05565610298204
1999-03-01,0.958504596378622
1999-04-01,0.826572765569909
1999-05-01,0.846044557347532
1999-06-01,0.788636715600778
1999-07-01,0.91913729732528
1999-08-01,0.867176413442999
1999-09-01,0.914761605673061
1999-10-01,0.949468001544036
1999-11-01,0.998991021834968
1999-12-01,1.02290640488522
2000-01-01,1.03727700662041
2000-02-01,0.96717487619344
2000-03-01,0.902242605648845
2000-04-01,1.00618247593679
2000-05-01,1.11763845376417
2000-06-01,0.892241431538673
2000-07-01,0.9669516809562
2000-08-01,1.06258259830119
2000-09-01,1.07786747200303
2000-10-01,0.930213800542761
2000-11-01,0.974654562856911
2000-12-01,1.01096524990379
2001-01-01,1.03147096742428
2001-02-01,1.04702769828813
2001-03-01,1.03665445249363
2001-04-01,1.09585890253353
2001-05-01,1.2604712942047
2001-06-01,1.25250650444147
2001-07-01,0.94447164353466
2001-08-01,1.0225157132074
2001-09-01,1.06846866261429
2001-10-01,1.05616954447841
2001-11-01,0.987460772972792
2001-12-01,1.03755042830685
2002-01-01,1.01839595660001
2002-02-01,0.985468954755479
2002-03-01,0.984128964096881
2002-04-01,0.97863659224859
2002-05-01,1.03225757273637
2002-06-01,1.02281568679797
2002-07-01,1.00129836262671
2002-08-01,0.905351874384827
2002-09-01,1.00016999449453
2002-10-01,0.977205538736208
2002-11-01,0.988649656413494
2002-12-01,1.06120256922161
2003-01-01,1.01387140900077
2003-02-01,1.05911707060677
2003-03-01,1.11191350080222
2003-04-01,1.14359673179005
2003-05-01,1.13515649692147
2003-06-01,1.04671134218609
2003-07-01,1.12130103363691
2003-08-01,1.09876765142683
2003-09-01,1.0809941666552
2003-10-01,0.895458464076927
2003-11-01,1.00204097313339
2003-12-01,1.04278667806746
2004-01-01,1.05598839164872
2004-02-01,1.01417672405047
2004-03-01,1.0781602032814
2004-04-01,0.933387655512526
2004-05-01,0.901594409188119
2004-06-01,0.902196398371379
2004-07-01,0.962902804571412
2004-08-01,1.00982730399543
2004-09-01,0.870464831563444
2004-10-01,1.02708431995911
2004-11-01,0.985158492538512
2004-12-01,1.02679623351313
2005-01-01,1.02022047426916
2005-02-01,1.04778702316173
2005-03-01,0.991704411651371
2005-04-01,1.03902007708001
2005-05-01,1.01888190940334
2005-06-01,1.09842934352048
2005-07-01,1.07283717048659
2005-08-01,1.03295137751705
2005-09-01,1.07674048650047
2005-10-01,1.05648799193648
2005-11-01,0.984092763787
2005-12-01,1.00728122629123
2006-01-01,1.04580938717422
2006-02-01,1.04838366557307
2006-03-01,0.97630431076542
2006-04-01,1.01283651307241
2006-05-01,1.11432627509655
2006-06-01,1.01745373516301
2006-07-01,1.01553962762276
2006-08-01,1.05519959873585
2006-09-01,1.08418009908172
2006-10-01,0.943692824718045
2006-11-01,1.08123736260524
2006-12-01,1.04526316991081
2007-01-01,1.04138698273206
2007-02-01,1.01554695436929
2007-03-01,0.93130314704018
2007-04-01,0.714790148819517
2007-05-01,0.855660918701364
2007-06-01,0.949842762112265
2007-07-01,1.100623455057
2007-08-01,0.960514146370956
2007-09-01,0.925283540786996
2007-10-01,1.03420588345062
2007-11-01,1.01770661243897
2007-12-01,1.0254249974993
2008-01-01,1.02959833641125
2008-02-01,0.98180673430321
2008-03-01,0.928173823786768
2008-04-01,0.946621101470908
2008-05-01,0.877287673027407
2008-06-01,1.0013337092845
2008-07-01,1.10559860652076
2008-08-01,1.07574128096832
2008-09-01,0.908518007342244
2008-10-01,1.0786189104398
2008-11-01,1.04578119465179
2008-12-01,1.00974163904313
2009-01-01,1.03252643660409
2009-02-01,1.05131958852493
2009-03-01,0.927661439474295
2009-04-01,0.877952342119596
2009-05-01,1.08165208581305
2009-06-01,1.04651983054879
2009-07-01,0.887625825535637
2009-08-01,1.08263651025339
2009-09-01,0.924048813237509
2009-10-01,0.874657884285246
2009-11-01,0.989823767006543
2009-12-01,0.997154286826625
2010-01-01,1.02868325388006
2010-02-01,1.01025093989621
2010-03-01,0.987468691599891
2010-04-01,0.933556721465804
2010-05-01,0.968262749205961
2010-06-01,1.12030523133142
2010-07-01,1.01553021327197
2010-08-01,1.05918931059764
2010-09-01,1.01913990314487
2010-10-01,1.15356029341632
2010-11-01,1.03780308063848
2010-12-01,1.0589700910365
2011-01-01,0.918402954609973
2011-02-01,0.756562961606438
2011-03-01,0.787603994634188
2011-04-01,0.827968685831291
2011-05-01,0.905044008425654
2011-06-01,0.899526834630203
2011-07-01,1.18059267229811
2011-08-01,1.20984335643897
2011-09-01,1.08667293437166
2011-10-01,1.04836285837671
2011-11-01,1.05913485643061
2011-12-01,1.04136953782964
2012-01-01,1.06725574513855
2012-02-01,0.985180645344234
2012-03-01,0.998603382378266
2012-04-01,1.01025146383383
2012-05-01,0.960131691895294
2012-06-01,1.21516412868263
2012-07-01,1.12088959327094
2012-08-01,1.14136837213262
2012-09-01,1.01361852569731
2012-10-01,0.84705035861024
2012-11-01,0.99233182921153
2012-12-01,1.042537754202
2013-01-01,1.01764412688261
2013-02-01,1.02049762640331
2013-03-01,1.05363736955963
2013-04-01,1.0443704335474
2013-05-01,0.95225630309236
2013-06-01,1.06795748620231
2013-07-01,1.16141727778054
2013-08-01,1.04570073545976
2013-09-01,1.14616364556017
2013-10-01,0.901034967294833
2013-11-01,1.08525440015023
2013-12-01,1.01552992485059
2014-01-01,1.02752148282376
2014-02-01,1.01239390742285
2014-03-01,1.04129323859517
2014-04-01,1.16286125902957
2014-05-01,1.19858320903012
2014-06-01,1.15257906435939
2014-07-01,1.26102260653554
2014-08-01,1.22168976241538
2014-09-01,1.17937249910731
2014-10-01,1.06910596865048
2014-11-01,1.01225728508561
2014-12-01,1.0369247665013
2015-01-01,1.05609070975528
2015-02-01,1.02254620680849
2015-03-01,1.02733549039182
2015-04-01,1.05703906921983
2015-05-01,0.832211988625126
2015-06-01,1.1473580532494
2015-07-01,1.14282691173754
2015-08-01,1.21929637520282
2015-09-01,1.16540545642138
2015-10-01,0.999803656969044
2015-11-01,1.05259784065403
2015-12-01,1.03356639660234
2016-01-01,1.03567682278622
2016-02-01,1.04556962426192
2016-03-01,1.10944541436313
2016-04-01,1.09167784878829
2016-05-01,1.09007608207148
2016-06-01,1.21100542679518
2016-07-01,1.32679360726988
2016-08-01,1.19333566479436
2016-09-01,1.27096953965928
2016-10-01,1.05438502563922
2016-11-01,1.09061070178271
2016-12-01,1.05648085634872
2017-01-01,1.07295501560753
2017-02-01,1.12657425622505
2017-03-01,1.07240471433161
2017-04-01,0.964351614977246
2017-05-01,1.06318472064129
2017-06-01,1.04559863107247
2017-07-01,1.12574191229067
2017-08-01,1.02949210177663
2017-09-01,1.01258071729669
2017-10-01,1.06474084077533
2017-11-01,1.13020628416111
2017-12-01,1.02451375878317
2018-01-01,1.04683206845583
2018-02-01,1.026668332481
2018-03-01,1.14185953168071
2018-04-01,1.11444299853917
2018-05-01,1.00020086636889
2018-06-01,0.955255691863839
2018-07-01,0.912124420574079
2018-08-01,1.28443446218888
2018-09-01,1.07842885286474
2018-10-01,1.19475195668598
2018-11-01,1.06383363611875
2018-12-01,1.04462543645596
2019-01-01,1.03510063587179
2019-02-01,1.05722263742661
2019-03-01,1.10717277034458
2019-04-01,1.15229621606986
2019-05-01,1.07462618806933
2019-06-01,1.16426231122502
2019-07-01,1.16727418558835
2019-08-01,1.18245753717825
2019-09-01,1.21238189595873
2019-10-01,1.15794630393749
2019-11-01,0.997058830473222
2019-12-01,1.03973344597786
2020-01-01,1.05895574906946
2020-02-01,1.05038193368747
2020-03-01,1.13572434486955
2020-04-01,1.00256491185306
2020-05-01,0.998859590881089
2020-06-01,1.0671675437588
2020-07-01,1.15358318684466
2020-08-01,1.14122929082495
2020-09-01,1.25242734989941
2020-10-01,1.09648472959431
2020-11-01,1.06369458654926
2020-12-01,1.03320200094503
2021-01-01,1.02220832066403
2021-02-01,1.01682161111396
2021-03-01,0.892446136607707
2021-04-01,0.989402530200665
2021-05-01,0.854875222536437
2021-06-01,0.878209390621497
2021-07-01,1.09043631089414
2021-08-01,1.26023722568546
2021-09-01,1.05376737032948
2021-10-01,1.12882250505614
2021-11-01,0.990883775900969
2021-12-01,1.02831249441629
2022-01-01,1.04773917710153
2022-02-01,1.01292911787799
2022-03-01,0.881409525548897
2022-04-01,0.799608172079646
2022-05-01,0.937159127975519
2022-06-01,1.03369248579618
2022-07-01,1.15111510170947
2022-08-01,0.858347169743708
2022-09-01,0.900439351436186
2022-10-01,0.988959674801636
2022-11-01,1.00769247056581
2022-12-01,1.01938174778583
2023-01-01,1.01699166057664
2023-02-01,0.998388525775732
2023-03-01,0.935457732919993
2023-04-01,0.844623490506831
2023-05-01,1.03269072475348
2023-06-01,0.985120931297039
2023-07-01,1.10858294645742
2023-08-01,1.0330947751127
2023-09-01,1.25201385748537
2023-10-01,1.08158560389962
2023-11-01,0.992714267976915
2023-12-01,1.01248332346061
2024-01-01,1.01083437664933
2024-02-01,0.996710922452973
2024-03-01,1.02099735599298
2024-04-01,0.930637382471092
2024-05-01,1.03255239945595
2024-06-01,1.31839470551139
2024-07-01,1.28956818845991
2024-08-01,1.05159953544097
2024-09-01,1.17105002615788
2024-10-01,1.05145626979934
2024-11-01,1.00658382749166
2024-12-01,1.03162206706069
2025-01-01,1.03438393875444
2025-02-01,0.99827017479161
2025-03-01,0.955842426244284
2025-04-01,0.932583620672287
2025-05-01,1.01270427441586
2025-06-01,1.28361406119736
2025-07-01,1.26070661553699
2025-08-01,1.10279118224849
2025-09-01,0.969098080867986
2025-10-01,0.889444697499599
2025-11-01,1.05286844334352
2025-12-01,1.051879249652
2026-01-01,1.02576377330833
2026-02-01,1.14446041156157
2026-03-01,1.17114638419583
2026-04-01,1.1643555788261
2026-05-01,1.10559690026079
2026-06-01,1.09171412556466
2026-07-01,1.02850861290256
2026-08-01,1.04089543977394
2026-09-01,1.04598515819648
2026-10-01,1.09658423087478
2026-11-01,0.974675577090226
2026-12-01,1.09721955796425
2027-01-01,1.04700143235344
2027-02-01,1.08269663507738
2027-03-01,1.16543628157372
2027-04-01,1.02912894988247
2027-05-01,1.09305352412194
2027-06-01,1.12129893323972
2027-07-01,1.1341331583774
2027-08-01,1.15840588943982
2027-09-01,1.20856977486798
2027-10-01,1.12797196149681
2027-11-01,0.938648051415963
2027-12-01,1.09214894150151
2028-01-01,1.04563365879498
2028-02-01,1.03917098658539
2028-03-01,1.08799728680756
2028-04-01,1.13300081217242
2028-05-01,1.03698242193353
2028-06-01,1.18042530946071
2028-07-01,1.04483908371982
2028-08-01,0.957823880198128
2028-09-01,1.16296069726839
2028-10-01,1.09530798136778
2028-11-01,1.02426870210753
2028-12-01,1.06208934273832
2029-01-01,1.09417437842219
2029-02-01,1.03829155402377
2029-03-01,1.06944675643556
2029-04-01,1.01818195201489
2029-05-01,1.02685577329479
2029-06-01,0.90550736953283
2029-07-01,0.947335906240836
2029-08-01,1.07388756339535
2029-09-01,0.933934521312099
2029-10-01,1.07147418137628
2029-11-01,1.08414015965269
2029-12-01,1.03827608031156
2030-01-01,1.0794606131437
2030-02-01,1.01963049811569
2030-03-01,1.06525092722538
2030-04-01,1.25285659797225
2030-05-01,1.23985336017312
2030-06-01,1.05939579738513
2030-07-01,1.07798867097902
2030-08-01,0.990782436902506
2030-09-01,0.962728396904325
2030-10-01,1.12238528896337
2030-11-01,1.10692064588808
2030-12-01,1.04316745435114
2031-01-01,1.02874633214848
2031-02-01,0.961964291448887
2031-03-01,1.22570604027922
2031-04-01,1.16231749682653
2031-05-01,1.03952298942533
2031-06-01,0.902210197102652
2031-07-01,0.900527462875226
2031-08-01,0.984704361561581
2031-09-01,0.967503181893235
2031-10-01,0.972405551587339
2031-11-01,1.06503646265245
2031-12-01,1.01456970367338
2032-01-01,1.09217164003716
2032-02-01,1.03471569434828
2032-03-01,1.12740742655206
2032-04-01,1.10330780072719
2032-05-01,1.00212372009705
2032-06-01,0.947829501134019
2032-07-01,1.13268439884146
2032-08-01,0.915512954084043
2032-09-01,1.12089588506055
2032-10-01,1.06321339150974
2032-11-01,1.00531119532728
2032-12-01,1.01566855613081
2033-01-01,1.0536974388118
2033-02-01,1.16171409062254
2033-03-01,1.16435511115665
2033-04-01,0.787233059399732
2033-05-01,1.15918036378468
2033-06-01,1.13889790289702
2033-07-01,0.843764386819548
2033-08-01,0.907990907296706
2033-09-01,1.04304849352965
2033-10-01,0.983766145103719
2033-11-01,1.05961782174723
2033-12-01,0.997592821200656
2034-01-01,1.03647295284575
2034-02-01,1.0648480651791
2034-03-01,0.882448620111803
2034-04-01,0.901145290826751
2034-05-01,1.02610568125966
2034-06-01,1.18183918962881
2034-07-01,1.09645621921072
2034-08-01,0.984636348459344
2034-09-01,0.942003821331005
2034-10-01,1.01560307320104
2034-11-01,0.971834368858347
2034-12-01,1.06786610617969
2035-01-01,1.05214973633417
2035-02-01,1.05092861680892
2035-03-01,0.992050380047891
2035-04-01,0.846440472448811
2035-05-01,1.05452235767958
2035-06-01,1.19541196290801
2035-07-01,0.934882952148202
2035-08-01,1.06291261420374
2035-09-01,1.13282043292221
2035-10-01,0.9820548134019
2035-11-01,0.981955930316476
2035-12-01,1.00715874345999
2036-01-01,1.03301655292135
2036-02-01,0.977315519796644
2036-03-01,0.961344247978435
2036-04-01,0.845488457463862
2036-05-01,0.838403581166785
2036-06-01,1.04916352216795
2036-07-01,0.923549928018246
2036-08-01,0.93303610785562
2036-09-01,1.06717767797245
2036-10-01,0.994447260296532
2036-11-01,1.06645700918159
2036-12-01,1.05273657659606
2037-01-01,1.01677051204094
2037-02-01,1.0190798722077
2037-03-01,0.904218134136028
2037-04-01,1.08959426504223
2037-05-01,1.04675587368861
2037-06-01,1.03875936468693
2037-07-01,1.02132651156308
2037-08-01,1.1560626931057
2037-09-01,1.09384210768368
2037-10-01,0.960398814062557
2037-11-01,1.03321804347977
2037-12-01,1.06151105222543
2038-01-01,1.05235330258609
2038-02-01,1.07949866069454
2038-03-01,1.10350799661466
2038-04-01,0.959642701671891
2038-05-01,1.11109451364852
2038-06-01,1.108757908806
2038-07-01,0.975996060308571
2038-08-01,1.00148396355518
2038-09-01,1.03971622159909
2038-10-01,1.0760133573523
2038-11-01,1.06824608819459
2038-12-01,1.04265585828989
2039-01-01,1.04079443481649
2039-02-01,1.0993958973072
2039-03-01,1.03554199759179
2039-04-01,1.03866922998961
2039-05-01,1.29489824065367
2039-06-01,1.04214288665384
2039-07-01,1.11033888290683
2039-08-01,1.14404025918045
2039-09-01,1.00987874056381
2039-10-01,0.999865137290147
2039-11-01,1.00267587338111
2039-12-01,1.0505713625003
2040-01-01,1.01949073081601
2040-02-01,1.07828424669061
2040-03-01,0.974637945571752
2040-04-01,0.874149841245836
2040-05-01,0.994269087276208
2040-06-01,1.0008944553345
2040-07-01,1.03181060177539
2040-08-01,1.06087317223902
2040-09-01,0.982198025083611
2040-10-01,1.09958725507563
2040-11-01,0.987097554307074
2040-12-01,1.0254040266318
2041-01-01,1.03340941421782
2041-02-01,1.09548319978266
2041-03-01,0.99902696476582
2041-04-01,1.23638371447156
2041-05-01,1.18287616084063
2041-06-01,1.04030203568419
2041-07-01,1.12465898913042
2041-08-01,1.13956089359465
2041-09-01,1.04919448718728
2041-10-01,1.05231531068228
2041-11-01,1.11175703728198
2041-12-01,1.05086364605167
2042-01-01,1.05987705848822
2042-02-01,1.05458410004029
2042-03-01,1.05863636287399
2042-04-01,1.19521377385757
2042-05-01,1.20989381499322
2042-06-01,1.04982850852924
2042-07-01,1.03414220300485
2042-08-01,0.974274991257188
2042-09-01,1.07032328842505
2042-10-01,1.20451364931153
2042-11-01,1.08042447657297
2042-12-01,1.05917584997262
2043-01-01,1.02100242564645
2043-02-01,1.12047086824948
2043-03-01,0.99512286817436
2043-04-01,1.10687289368851
2043-05-01,1.51715207556125
2043-06-01,1.27452208160025
2043-07-01,1.17762368417225
2043-08-01,1.14588008498916
2043-09-01,1.11284344843624
2043-10-01,1.1873960675792
2043-11-01,1.06128810195576
2043-12-01,1.02793188671413
2044-01-01,1.03936240134174
2044-02-01,1.10555485803368
2044-03-01,1.07728356688823
2044-04-01,1.05771265537797
2044-05-01,1.18189135548928
2044-06-01,1.20980529704042
2044-07-01,1.1596418660585
2044-08-01,1.21806292528119
2044-09-01,1.11858091699188
2044-10-01,0.992382910327863
2044-11-01,1.00519276732238
2044-12-01,1.08852224817129
2045-01-01,1.00713479497062
2045-02-01,1.07488528250396
2045-03-01,1.1448428056918
2045-04-01,1.01219514709416
2045-05-01,1.07918000008547
2045-06-01,1.07782823536433
2045-07-01,0.919296561381808
2045-08-01,1.11591726669331
2045-09-01,0.976817643070267
2045-10-01,1.14267823765608
2045-11-01,1.07437320029167
2045-12-01,1.00050937103095
2046-01-01,1.02150005399037
2046-02-01,0.991640793530864
2046-03-01,1.10824579354066
2046-04-01,1.04307991919195
2046-05-01,1.30596212944728
2046-06-01,1.01294794896608
2046-07-01,1.11505866033115
2046-08-01,1.0206124348776
2046-09-01,1.11527372268136
2046-10-01,1.17186413573792
2046-11-01,1.08726408598009
2046-12-01,1.01761536865508
2047-01-01,1.03501928338555
2047-02-01,1.01991508042698
2047-03-01,1.01339097792517
2047-04-01,0.864130053115746
2047-05-01,1.23543990442171
2047-06-01,1.03154827837783
2047-07-01,1.16985735406552
2047-08-01,1.29146149691634
2047-09-01,1.09477545580037
2047-10-01,1.08699847567517
2047-11-01,1.07172737784327
2047-12-01,1.05892342399592
2048-01-01,1.00790928479917
2048-02-01,1.06049740178451
2048-03-01,1.13297848180581
2048-04-01,0.966061632653857
2048-05-01,1.15063860991649
2048-06-01,0.961405199793315
2048-07-01,0.845912616275766
2048-08-01,1.06448887708508
2048-09-01,1.20696165682906
2048-10-01,0.992973834933699
2048-11-01,1.09591327612568
2048-12-01,1.04700510092239
2049-01-01,1.03823500114981
2049-02-01,1.01848696930836
2049-03-01,0.988439939264228
2049-04-01,1.01805244311195
2049-05-01,1.12596330125991
2049-06-01,1.14422126289382
2049-07-01,0.850270505386108
2049-08-01,0.978575844445589
2049-09-01,1.03337228317217
2049-10-01,1.03851963214964
2049-11-01,1.00893588266874
2049-12-01,1.03018028650466
2050-01-01,1.04631621366377
2050-02-01,1.00439330415536
2050-03-01,1.02715694896403
2050-04-01,0.943613529979561
2050-05-01,1.05131590475445
2050-06-01,0.985170690190338
2050-07-01,1.06065393332784
2050-08-01,1.1305760324689
2050-09-01,1.15796508374508
2050-10-01,1.04136332745375
2050-11-01,1.00902540515763
2050-12-01,1.01712571471792
2051-01-01,1.01518391966275
2051-02-01,1.02079862198486
2051-03-01,1.02884879746221
2051-04-01,1.1527239065269
2051-05-01,1.07841693467514
2051-06-01,0.796347745658463
2051-07-01,1.05459224642755
2051-08-01,1.03044220866579
2051-09-01,1.08312941225284
2051-10-01,0.959723030822378
2051-11-01,0.990415177912083
2051-12-01,1.02352810424389
2052-01-01,1.04960768864714
2052-02-01,1.12320513714568
2052-03-01,1.17580953275993
2052-04-01,1.16567610041132
2052-05-01,0.960987642689294
2052-06-01,0.968377229833085
2052-07-01,0.930846536474694
2052-08-01,1.36808382460542
2052-09-01,1.08352004353187
2052-10-01,1.19300899087324
2052-11-01,1.07730534564997
2052-12-01,1.0258899460128
2053-01-01,1.00101998986656
2053-02-01,1.00104305915204
2053-03-01,1.22738364484907
2053-04-01,1.25999720462279
2053-05-01,0.90198030513884
2053-06-01,0.875642567896209
2053-07-01,1.10582828855173
2053-08-01,1.04864467264823
2053-09-01,1.00602133057021
2053-10-01,1.02463219205899
2053-11-01,1.13340388861357
2053-12-01,1.06635195689791
2054-01-01,1.01026568292064
2054-02-01,1.10581228561965
2054-03-01,1.08192562924021
2054-04-01,1.13067620075226
2054-05-01,1.12914863165741
2054-06-01,1.14893011348104
2054-07-01,1.25872344637157
2054-08-01,1.358661907825
2054-09-01,0.943511452506055
2054-10-01,1.03398233084518
2054-11-01,1.06368360717097
2054-12-01,1.06074388349731
2055-01-01,1.03641527232571
2055-02-01,1.05767883523434
2055-03-01,0.971933218242695
2055-04-01,1.09173269572842
2055-05-01,1.05556272293473
2055-06-01,1.15036174858802
2055-07-01,1.32544212131569
2055-08-01,0.982241783995232
2055-09-01,1.25718032324561
2055-10-01,1.01156360980583
2055-11-01,1.07333206616016
2055-12-01,1.02793447977356
2056-01-01,1.02468284995495
2056-02-01,1.03044764880722
2056-03-01,1.34298308137822
2056-04-01,1.10125284796268
2056-05-01,1.15079311341365
2056-06-01,1.07433869653819
2056-07-01,1.09887877798069
2056-08-01,1.07514274538816
2056-09-01,1.09772987811031
2056-10-01,1.1474136508126
2056-11-01,1.0449548248264
2056-12-01,1.07574253071464
2057-01-01,1.05526832845785
2057-02-01,0.991248723662962
2057-03-01,1.11795135679761
2057-04-01,1.12034719496044
2057-05-01,0.921106299917406
2057-06-01,1.03788498847773
2057-07-01,1.07697454068899
2057-08-01,1.06626266349685
2057-09-01,1.1157845842885
2057-10-01,1.1373565307298
2057-11-01,1.03975539743984
2057-12-01,1.05964629828172
2058-01-01,1.02975122280577
2058-02-01,1.11347965126314
2058-03-01,1.13462171191087
2058-04-01,1.39650088519452
2058-05-01,1.15219137828351
2058-06-01,1.0790255206574
2058-07-01,1.16732645134061
2058-08-01,1.02264739479392
2058-09-01,1.05404724980963
2058-10-01,1.00398195411527
2058-11-01,1.12722989832056
2058-12-01,1.04116128858682
2059-01-01,1.07451951443073
2059-02-01,1.10664843333811
2059-03-01,1.11933360868217
2059-04-01,0.959281369420677
2059-05-01,1.19198617927716
2059-06-01,1.17007730200875
2059-07-01,0.857409059318524
2059-08-01,1.09039866254939
2059-09-01,1.06025634487954
2059-10-01,1.00657992153424
2059-11-01,1.02783882484329
2059-12-01,1.05198273153596
2060-01-01,1.01370058451057
2060-02-01,0.981622311130798
2060-03-01,1.10190032113385
2060-04-01,0.977082190460307
2060-05-01,1.14191072524701
2060-06-01,1.43305728081787
2060-07-01,1.55317247983478
2060-08-01,1.05038156360094
2060-09-01,1.26337249793811
2060-10-01,1.04529585304727
2060-11-01,1.01285968792449
2060-12-01,1.04453890051663
2061-01-01,1.03592109209162
2061-02-01,1.07018643807183
2061-03-01,1.12608067363047
2061-04-01,0.967987285495998
2061-05-01,1.14512591970994
2061-06-01,0.865327560754719
2061-07-01,1.35903103839308
2061-08-01,1.0688699351063
2061-09-01,1.07373743958703
2061-10-01,0.986594225743564
2061-11-01,1.01697851228819
2061-12-01,1.05258427749786
2062-01-01,1.06301155560877
2062-02-01,1.11983540063477
2062-03-01,0.964021157165613
2062-04-01,0.902506370008281
2062-05-01,0.941002110374952
2062-06-01,0.996300941484974
2062-07-01,1.00512710655479
2062-08-01,1.01097004768068
2062-09-01,0.810405481167126
2062-10-01,1.05118931612224
2062-11-01,1.08636405591918
2062-12-01,1.07826229055085
2063-01-01,1.00232715843408
2063-02-01,1.10073857237759
2063-03-01,1.03424717784639
2063-04-01,0.955281175012241
2063-05-01,1.11256000463578
2063-06-01,0.991253703975275
2063-07-01,1.26313448816252
2063-08-01,0.969972887948668
2063-09-01,1.0250758262789
2063-10-01,0.965262917981459
2063-11-01,1.05317135678597
2063-12-01,1.02902043201407
2064-01-01,1.0261597543962
2064-02-01,0.971517960735525
2064-03-01,1.03569406055859
2064-04-01,1.08470718817964
2064-05-01,0.954097688678031
2064-06-01,1.06940293897333
2064-07-01,0.814145817657851
2064-08-01,1.10157877440452
2064-09-01,1.09002500420392
2064-10-01,0.867230403606732
2064-11-01,1.06259421982321
2064-12-01,1.05854294528204
2065-01-01,1.0992501151713
2065-02-01,1.08463451342692
2065-03-01,1.05745802326107
2065-04-01,0.92814651515097
2065-05-01,0.879626168377525
2065-06-01,1.09534025899996
2065-07-01,1.0969863426655
2065-08-01,0.925776921427177
2065-09-01,1.02379418819181
2065-10-01,1.12658642625338
2065-11-01,1.01533891871558
2065-12-01,1.04153384505901
2066-01-01,1.04398544924421
2066-02-01,0.956897810961192
2066-03-01,0.972683880040001
2066-04-01,1.21679680871617
2066-05-01,0.967402621996509
2066-06-01,0.940346745003961
2066-07-01,1.04178628869357
2066-08-01,1.13726076178687
2066-09-01,1.0533816933749
2066-10-01,1.06468688672368
2066-11-01,1.12351501786909
2066-12-01,1.04496278533629
2067-01-01,1.01583256565511
2067-02-01,1.04207324095803
2067-03-01,1.10584923911411
2067-04-01,1.10827990917058
2067-05-01,1.08232190798003
2067-06-01,1.06340933022731
2067-07-01,0.854246940179175
2067-08-01,1.27809987781096
2067-09-01,1.12768756860367
2067-10-01,1.05414279777666
2067-11-01,0.98893438423808
2067-12-01,1.01632264294812
2068-01-01,1.06396575930302
2068-02-01,1.1357515022967
2068-03-01,1.13315141669588
2068-04-01,1.01999997243571
2068-05-01,1.1330815302191
2068-06-01,0.877076431247017
2068-07-01,0.904913347895395
2068-08-01,1.04165726349154
2068-09-01,0.908706575418694
2068-10-01,0.979419125898478
2068-11-01,1.02947677897345
2068-12-01,1.05107188893249
2069-01-01,1.12972128511677
2069-02-01,1.01890891285906
2069-03-01,1.1846298515637
2069-04-01,1.34105178292809
2069-05-01,1.12456161116256
2069-06-01,0.929473088278974
2069-07-01,1.24966098500165
2069-08-01,0.96305900432155
2069-09-01,1.08378326371444
2069-10-01,1.06922546950622
2069-11-01,1.0955754719776
2069-12-01,1.04591447924588
2070-01-01,1.03615397658294
2070-02-01,0.955499027278165
2070-03-01,1.07725528111959
2070-04-01,1.13211396057887
2070-05-01,0.982384919587013
2070-06-01,1.25060672827593
2070-07-01,0.952505933264915
2070-08-01,0.923048392526417
2070-09-01,1.0585740862583
2070-10-01,0.984382038981788
2070-11-01,1.08385025140526
2070-12-01,1.02252069903353
2071-01-01,1.04927323236022
2071-02-01,1.11945991850685
2071-03-01,1.13020390074172
2071-04-01,1.04780589968842
2071-05-01,1.00115248165707
2071-06-01,1.08459141235473
2071-07-01,1.10388468450494
2071-08-01,0.997603577859177
2071-09-01,1.0589599311941
2071-10-01,1.01427492366514
2071-11-01,1.00143245522895
2071-12-01,1.09184097114701
2072-01-01,1.0372133099765
2072-02-01,1.04975956337714
2072-03-01,1.18100869899823
2072-04-01,1.22446315579837
2072-05-01,1.11379226641591
2072-06-01,1.02880141240853
2072-07-01,1.14454768944815
2072-08-01,1.27655716475953
2072-09-01,0.920230478368048
2072-10-01,1.06330843928266
2072-11-01,1.13702651849457
2072-12-01,1.08244748840481
2073-01-01,1.0513531853831
2073-02-01,1.07029673274116
2073-03-01,0.969247933179432
2073-04-01,1.0814872695991
2073-05-01,1.13744015654831
2073-06-01,1.01936097577553
2073-07-01,1.25596804484059
2073-08-01,1.09723092205899
2073-09-01,1.03904105315882
2073-10-01,1.00866310557828
2073-11-01,1.02944476892125
2073-12-01,1.04434546069615
2074-01-01,1.0431459197761
2074-02-01,1.05101151128547
2074-03-01,1.20605163751606
2074-04-01,1.39806167086086
2074-05-01,0.835981451425023
2074-06-01,1.24596105249206
2074-07-01,1.03425586620608
2074-08-01,1.22888924012212
2074-09-01,1.12628035812201
2074-10-01,1.05107474823559
2074-11-01,1.00551236182721
2074-12-01,1.05132481769226
2075-01-01,1.03892632561365
2075-02-01,1.01644378727633
2075-03-01,1.12515506535891
2075-04-01,1.09248023714151
2075-05-01,1.01421834981215
2075-06-01,1.06130930059227
2075-07-01,1.04502449069336
2075-08-01,0.98230250238869
2075-09-01,1.02792245509736
2075-10-01,1.10288472820163
2075-11-01,1.07663135920114
2075-12-01,1.00416547032836
2076-01-01,1.05205544384339
2076-02-01,1.19391848519419
2076-03-01,1.04472687417361
2076-04-01,1.02543241598113
2076-05-01,1.08987481268495
2076-06-01,1.19721838508048
2076-07-01,1.19679268271452
2076-08-01,0.861144835762144
2076-09-01,1.13512411786413
2076-10-01,1.09951954227203
2076-11-01,0.945945602113304
2076-12-01,1.00512192138943
2077-01-01,1.05099506059143
2077-02-01,1.07536201818184
2077-03-01,0.996343664436479
2077-04-01,0.989728372644672
2077-05-01,1.17047610869023
2077-06-01,0.900061998699601
2077-07-01,1.00319862010637
2077-08-01,1.22316970398463
2077-09-01,0.960077141183063
2077-10-01,1.03335286339605
2077-11-01,1.10768040222246
2077-12-01,1.05756865181773
2078-01-01,1.03345010591947
2078-02-01,1.06684647769287
2078-03-01,0.997627615907163
2078-04-01,1.10286313187629
2078-05-01,1.18240984292796
2078-06-01,1.22273991397312
2078-07-01,0.995729117557858
2078-08-01,0.937576204228004
2078-09-01,0.917615602855943
2078-10-01,0.979286457861382
2078-11-01,1.06580622535523
2078-12-01,1.01671046284677
2079-01-01,1.02547652420302
2079-02-01,1.01306295982062
2079-03-01,0.918947838233573
2079-04-01,0.890372783800039
2079-05-01,1.0137817645266
2079-06-01,0.98573200063334
2079-07-01,0.907688644124685
2079-08-01,0.963687208671753
2079-09-01,0.869643917524489
2079-10-01,0.975474632665692
2079-11-01,1.09960973850908
2079-12-01,1.06098808262981
2080-01-01,1.05142876065804
2080-02-01,1.12944151879472
2080-03-01,1.04843230119897
2080-04-01,1.08759165930049
2080-05-01,0.857638565517411
2080-06-01,0.891252262388877
2080-07-01,0.951416311777113
2080-08-01,1.07263950050427
2080-09-01,0.989065998518676
2080-10-01,0.976750908678638
2080-11-01,1.08467753230585
2080-12-01,1.06832747730585
2081-01-01,1.03791574389631
2081-02-01,0.976960761228471
2081-03-01,1.16692215894363
2081-04-01,1.03408385308609
2081-05-01,0.981234554186052
2081-06-01,1.15694739733245
2081-07-01,0.992686763854028
2081-08-01,1.04684083401733
2081-09-01,1.02768699798284
2081-10-01,1.01830829644624
2081-11-01,1.06067625534623
2081-12-01,1.04976987799178
2082-01-01,1.0419417156571
2082-02-01,0.901595641234623
2082-03-01,0.933420552779481
2082-04-01,1.05980562249753
2082-05-01,1.0234554044933
2082-06-01,1.06902017698984
2082-07-01,1.21215898044449
2082-08-01,1.08154353476834
2082-09-01,1.08031415677007
2082-10-01,1.11438263490957
2082-11-01,1.03069084347769
2082-12-01,1.04113054802831
2083-01-01,1.02399582629254
2083-02-01,0.973948379011486
2083-03-01,1.04701945136306
2083-04-01,1.05440770403091
2083-05-01,1.01242577412574
2083-06-01,0.912857716176334
2083-07-01,1.11720827459202
2083-08-01,1.14853562080025
2083-09-01,1.1544600942504
2083-10-01,1.19355627625975
2083-11-01,0.986010692183024
2083-12-01,1.03872305603627
2084-01-01,1.02482950293848
2084-02-01,0.946909072280108
2084-03-01,1.09431771771149
2084-04-01,1.10154586699161
2084-05-01,0.935985038397044
2084-06-01,1.06774687083688
2084-07-01,1.1037407477599
2084-08-01,0.911011139087223
2084-09-01,0.939601669704784
2084-10-01,1.12902223929121
2084-11-01,0.949283240869216
2084-12-01,1.03276182140487
2085-01-01,1.0674059636327
2085-02-01,1.0348006076937
2085-03-01,1.09481839820303
2085-04-01,0.900356142049055
2085-05-01,0.915201110511387
2085-06-01,0.988230031220168
2085-07-01,0.94370570848782
2085-08-01,1.07428392261986
2085-09-01,0.911050803981639
2085-10-01,0.983006851960808
2085-11-01,0.990809091183191
2085-12-01,1.0365008821289
2086-01-01,1.02471075526144
2086-02-01,0.951689201896297
2086-03-01,1.07323529891836
2086-04-01,1.16412790116164
2086-05-01,1.03634938711364
2086-06-01,1.02040707036621
2086-07-01,0.85324184406201
2086-08-01,1.04796113633123
2086-09-01,1.16118860495401
2086-10-01,0.992974447791363
2086-11-01,1.09267132237625
2086-12-01,1.04969060225894
2087-01-01,1.09264506531613
2087-02-01,1.15549594774568
2087-03-01,1.00140871651108
2087-04-01,0.992904451961559
2087-05-01,1.06203963364799
2087-06-01,0.958580805591237
2087-07-01,0.928448495223298
2087-08-01,1.10747551279598
2087-09-01,0.953463965461698
2087-10-01,1.0350725040534
2087-11-01,1.15419475294109
2087-12-01,1.04492836298824
2088-01-01,1.04742565617113
2088-02-01,0.981053528773584
2088-03-01,1.24991746224167
2088-04-01,0.957229953677017
2088-05-01,0.95352289757411
2088-06-01,1.03035171943733
2088-07-01,0.756054954322171
2088-08-01,0.89978910004197
2088-09-01,0.912385019129715
2088-10-01,1.01465225631419
2088-11-01,0.952662542324116
2088-12-01,1.05882237572259
2089-01-01,1.03054890317107
2089-02-01,1.13135627808195
2089-03-01,1.08217573042472
2089-04-01,0.947492258044394
2089-05-01,0.922349902979354
2089-06-01,0.82991548922233
2089-07-01,1.0286834699483
2089-08-01,1.02732510683679
2089-09-01,1.07212538600078
2089-10-01,1.07449030585434
2089-11-01,1.13991820902901
2089-12-01,1.04463552992451
2090-01-01,1.01522402381898
2090-02-01,1.01151943153506
2090-03-01,1.01032085662131
2090-04-01,1.2657813892686
2090-05-01,0.880567832398882
2090-06-01,0.933424488132717
2090-07-01,0.85336649737107
2090-08-01,0.793958463717165
2090-09-01,0.977282422297761
2090-10-01,0.953446427998447
2090-11-01,1.05125326086775
2090-12-01,1.07703628001016
2091-01-01,1.03007658479479
2091-02-01,1.04406043125
2091-03-01,0.995881387127363
2091-04-01,1.02068402671988
2091-05-01,0.841062259252955
2091-06-01,1.01720128632754
2091-07-01,0.945865553848487
2091-08-01,1.01706351718963
2091-09-01,0.940683894144188
2091-10-01,1.12095278675405
2091-11-01,1.06824733541036
2091-12-01,0.998756426684939
2092-01-01,0.992441212302429
2092-02-01,1.04121958094365
2092-03-01,1.01779605857378
2092-04-01,1.24800835441284
2092-05-01,1.22579575814163
2092-06-01,0.973960830207633
2092-07-01,0.989046389410227
2092-08-01,1.0189147535425
2092-09-01,1.23660337484424
2092-10-01,1.28098785127522
2092-11-01,1.06653268173781
2092-12-01,1.0019066411708
2093-01-01,1.01556481142489
2093-02-01,1.14853220342643
2093-03-01,1.03692638451009
2093-04-01,1.22594369707608
2093-05-01,0.959018775016622
2093-06-01,1.17385665838173
2093-07-01,1.02737144005334
2093-08-01,1.02877353843515
2093-09-01,0.961045458011674
2093-10-01,0.947254818860548
2093-11-01,1.0938408785038
2093-12-01,1.01227698953073
2094-01-01,1.04202778946552
2094-02-01,0.999708158169287
2094-03-01,0.938003803340342
2094-04-01,1.07036163843736
2094-05-01,1.0276940947599
2094-06-01,1.14246034004966
2094-07-01,0.982254912832929
2094-08-01,0.861545839910008
2094-09-01,0.97327680926129
2094-10-01,1.00325326208546
2094-11-01,0.998384468382303
2094-12-01,1.02092122276607
2095-01-01,1.0374879371225
2095-02-01,1.06041400852695
2095-03-01,1.04875385107748
2095-04-01,1.02607423679416
2095-05-01,0.932092223039458
2095-06-01,1.0854584766407
2095-07-01,0.936937093134686
2095-08-01,0.942392802641626
2095-09-01,1.02176277345016
2095-10-01,0.997884883237175
2095-11-01,1.02491691794498
2095-12-01,1.00240768645819
2096-01-01,1.07665189115464
2096-02-01,1.13150545754576
2096-03-01,1.19676256771848
2096-04-01,1.07443791345775
2096-05-01,1.06410625008258
2096-06-01,0.824610886524045
2096-07-01,0.972173031160962
2096-08-01,0.867704494829345
2096-09-01,0.897311778413822
2096-10-01,1.06554348833789
2096-11-01,1.0383039964827
2096-12-01,1.05681239258665
2097-01-01,1.02114824631241
2097-02-01,1.00824094076798
2097-03-01,1.07973361899547
2097-04-01,1.14951791449551
2097-05-01,1.03798402650763
2097-06-01,0.980587221284574
2097-07-01,0.978910350313629
2097-08-01,0.990782234538524
2097-09-01,0.998047833862811
2097-10-01,1.12714021170467
2097-11-01,1.09297607707801
2097-12-01,1.04402571095144
2098-01-01,1.02511286068953
2098-02-01,1.05550763254105
2098-03-01,0.853145055703579
2098-04-01,1.24619809873592
2098-05-01,1.21394351575002
2098-06-01,1.03737686719029
2098-07-01,1.18266967201312
2098-08-01,1.02023991349476
2098-09-01,1.11739256101076
2098-10-01,1.03974686219688
2098-11-01,1.0710080655984
2098-12-01,1.02383984801485
2099-01-01,1.05327580374581
2099-02-01,0.990570445996841
2099-03-01,1.03734446941301
2099-04-01,1.28295228170279
2099-05-01,0.838337042946576
2099-06-01,0.861773546489521
2099-07-01,1.03789065213757
2099-08-01,0.962573959530479
2099-09-01,1.01858880209086
2099-10-01,0.9273094408916
2099-11-01,1.11590289512653
2099-12-01,1.05236756291649
