year,run_type,pacific_cod_adult,walleye_pollock_adult,arrowtooth_flounder_adult,pacific_cod_adult_mt,walleye_pollock_adult_mt,arrowtooth_flounder_adult_mt,,,,
1990,biomass_126,1.664532304,12.93771247,6.620586306,390780.5845,3037373.818,1554308.426,,,,
1991,biomass_126,3.938641379,30.18559001,11.49457779,924670.8979,7086640.781,2698570.533,,,,
1992,biomass_126,7.119552709,42.37123921,19.73627647,1671450.27,9947453.458,4633465.89,,,,
1993,biomass_126,9.868496821,48.43138853,26.75006748,2316817.13,11370188.65,6280086.592,,,,
1994,biomass_126,12.26867157,53.96922667,32.05350393,2880303.755,12670301.38,7525169.065,,,,
1995,biomass_126,14.41589025,56.15408651,36.04072573,3384404.137,13183238.74,8461245.139,,,,
1996,biomass_126,16.21825407,56.01323044,38.55217386,3807543.29,13150170.1,9050855.304,,,,
1997,biomass_126,17.94090099,54.29678098,40.38989709,4211967.385,12747200.97,9482295.749,,,,
1998,biomass_126,19.53904097,52.07566246,41.57024255,4587161.111,12225751.2,9759404.273,,,,
1999,biomass_126,21.11226725,50.08891473,42.62114265,4956505.87,11759324.42,10006123.04,,,,
2000,biomass_126,22.59787171,48.25268733,43.39228274,5305279.743,11328235.15,10187162.83,,,,
2001,biomass_126,24.46702727,48.48737931,44.72229545,5744099.526,11383333.55,10499408.58,,,,
2002,biomass_126,26.67923283,48.47078481,46.43199758,6263456.812,11379437.68,10900793.64,,,,
2003,biomass_126,28.49087742,47.48780373,47.35310143,6688774.801,11148664.19,11117040.27,,,,
2004,biomass_126,30.2615677,46.74168884,48.11634182,7104477.988,10973499.55,11296225.45,,,,
2005,biomass_126,31.59469988,45.26164155,48.19001669,7417456.097,10626030.32,11313522.03,,,,
2006,biomass_126,32.94159673,45.03809514,48.29886466,7733665.723,10573548.56,11339076.16,,,,
2007,biomass_126,34.30526418,44.46571325,48.46236313,8053812.567,10439171.03,11377460.53,,,,
2008,biomass_126,35.47133233,44.13991455,48.49150364,8327569.221,10362683.6,11384301.82,,,,
2009,biomass_126,36.56718998,43.70654734,48.43568406,8584842.625,10260942.41,11371197.11,,,,
2010,biomass_126,37.48197518,42.82297872,48.10152915,8799605.832,10053507.89,11292747.9,,,,
2011,biomass_126,38.36065617,42.33556387,47.81380289,9005892.889,9939077.995,11225198.69,,,,
2012,biomass_126,38.6078481,40.78310963,46.83836128,9063925.89,9574609.866,10996195.24,,,,
2013,biomass_126,39.28045952,41.4371972,46.48851075,9221834.201,9728169.35,10914061.18,,,,
2014,biomass_126,40.25539908,42.19036861,46.53118588,9450719.788,9904990.649,10924079.98,,,,
2015,biomass_126,41.7352025,42.89358455,47.09974274,9798131.756,10070083.95,11057559.5,,,,
2016,biomass_126,42.70830681,42.43729882,47.06443986,10026586.48,9962962.208,11049271.48,,,,
2017,biomass_126,43.88722956,43.2683544,47.371365,10303361,10158068.29,11121327.99,,,,
2018,biomass_126,44.80956692,43.20072517,47.3855993,10519897.22,10142191.05,11124669.76,,,,
2019,biomass_126,45.66093699,44.23159441,47.50037634,10719772.52,10384207.19,11151615.85,,,,
2020,biomass_126,46.87361948,45.10448248,47.99572865,11004472.77,10589134.25,11267909.22,,,,
2021,biomass_126,45.41142704,39.15876924,45.61376338,10661195.31,9193265.096,10708697.62,,,,
2022,biomass_126,40.9692008,32.27504031,41.54025345,9618298.303,7577178.938,9752363.763,,,,
2023,biomass_126,37.17700826,30.82313686,38.63803574,8728009.052,7236317.017,9071013.013,,,,
2024,biomass_126,35.78217786,32.49344282,37.4488767,8400546.114,7628453.076,8791835.335,,,,
2025,biomass_126,35.93713496,32.91908478,37.52003219,8436925.237,7728380.615,8808540.437,,,,
2026,biomass_126,35.22563294,30.78708768,36.94012345,8269886.619,7227853.787,8672395.841,,,,
2027,biomass_126,34.86587226,31.66304041,36.05151189,8185425.965,7433500.333,8463777.394,,,,
2028,biomass_126,35.03836975,32.72667164,35.61458785,8225923.028,7683207.974,8361201.174,,,,
2029,biomass_126,34.25539384,32.82152217,34.9636739,8042104.556,7705475.939,8208386.759,,,,
2030,biomass_126,33.55793812,34.33361109,33.9469143,7878363.575,8060467.543,7969683.124,,,,
2031,biomass_126,33.31254127,36.74348447,33.06222862,7820752.001,8626231.106,7761986.351,,,,
2032,biomass_126,32.36621813,38.2000361,32.44566224,7598584.664,8968184.276,7617235.679,,,,
2033,biomass_126,31.10297556,40.02516479,32.25608413,7302014.47,9396667.912,7572728.615,,,,
2034,biomass_126,30.63286576,40.14669434,32.34908101,7191647.262,9425199.284,7594561.399,,,,
2035,biomass_126,30.18998066,40.3252695,31.95245806,7087671.569,9467123.195,7501446.627,,,,
2036,biomass_126,29.61103484,40.3527477,31.62862508,6951753.039,9473574.224,7425420.682,,,,
2037,biomass_126,27.64533532,37.56691778,30.96384038,6490267.727,8819547.72,7269349.842,,,,
2038,biomass_126,25.69008255,36.69124505,30.72258969,6031234.99,8613966.908,7212711.659,,,,
2039,biomass_126,24.8787128,34.89885347,31.17809902,5840750.525,8193168.93,7319651.13,,,,
2040,biomass_126,24.26467504,32.75541321,31.15929315,5696593.495,7689955.604,7315236.093,,,,
2041,biomass_126,23.91046245,30.41399373,31.00229643,5613435.358,7140262.895,7278378.13,,,,
2042,biomass_126,23.42888632,30.36613729,30.90485194,5500376.212,7129027.685,7255501.186,,,,
2043,biomass_126,23.14680455,29.81433964,30.89383176,5434152.157,6999482.704,7252913.989,,,,
2044,biomass_126,23.51360643,29.56919749,31.20367615,5520265.867,6941930.926,7325655.846,,,,
2045,biomass_126,24.02647408,29.6609723,31.58762001,5640671.293,6963476.807,7415793.962,,,,
2046,biomass_126,23.8582543,29.22444371,31.48438022,5601178.504,6860993.425,7391556.46,,,,
2047,biomass_126,23.16307919,30.17973531,30.6672475,5437972.938,7085266.279,7199719.028,,,,
2048,biomass_126,22.62938243,31.71765258,29.98627975,5312677.484,7446321.578,7039848.911,,,,
2049,biomass_126,21.88895323,32.97972901,29.49330817,5138847.661,7742618,6924114.465,,,,
2050,biomass_126,21.25664375,32.6671735,28.34804036,4990400.997,7669239.655,6655241.088,,,,
2051,biomass_126,21.41064839,33.77067693,27.24100227,5026556.512,7928308.052,6395342.862,,,,
2052,biomass_126,21.87089705,34.89137199,26.77239579,5134608.629,8191412.511,6285328.586,,,,
2053,biomass_126,22.6153782,37.34945362,27.0617519,5309389.725,8768493.876,6353260.432,,,,
2054,biomass_126,23.5278587,39.6108585,27.24323913,5523611.858,9299401.64,6395868.006,,,,
2055,biomass_126,24.54957593,41.56210892,27.84325593,5763479.392,9757494.748,6536733.352,,,,
2056,biomass_126,24.78720415,40.02434174,27.81402304,5819267.132,9396474.685,6529870.375,,,,
2057,biomass_126,24.75258901,39.75541523,27.23729049,5811140.57,9333339.078,6394471.451,,,,
2058,biomass_126,24.77957567,41.27739501,26.77762008,5817476.2,9690652.75,6286555.089,,,,
2059,biomass_126,25.19777285,42.09388636,26.73366475,5915655.934,9882339.607,6276235.74,,,,
2060,biomass_126,25.69804864,41.69047767,27.02356717,6033105.18,9787631.753,6344295.841,,,,
2061,biomass_126,26.44269132,41.80400192,27.097304,6207924.198,9814283.726,6361606.963,,,,
2062,biomass_126,27.14865666,42.4145987,26.63272203,6373662.975,9957632.922,6252537.519,,,,
2063,biomass_126,27.46392162,40.42989847,25.92923094,6447677.414,9491686.835,6087379.618,,,,
2064,biomass_126,27.97263945,38.4744561,25.34602349,6567108.59,9032609.585,5950460.588,,,,
2065,biomass_126,28.48848795,37.8729525,24.90482704,6688213.828,8891395.187,5846881.339,,,,
2066,biomass_126,28.98488353,36.03656169,24.88828886,6804752.121,8460267.552,5842998.687,,,,
2067,biomass_126,28.9037684,35.54466721,24.37603265,6785708.804,8344785.976,5722736.81,,,,
2068,biomass_126,29.00298908,37.17904551,24.00553918,6809002.742,8728487.335,5635756.427,,,,
2069,biomass_126,29.12859939,39.6167258,23.72676606,6838492.151,9300779.099,5570309.142,,,,
2070,biomass_126,29.84568942,41.88761037,24.0007434,7006842.66,9833912.399,5634630.527,,,,
2071,biomass_126,30.62745475,42.06384226,24.34960745,7190376.924,9875286.183,5716532.992,,,,
2072,biomass_126,30.57813323,43.11285085,24.60783576,7178797.76,10121560.88,5777156.994,,,,
2073,biomass_126,30.44298776,45.69597192,24.39375138,7147069.792,10727997.63,5726896.619,,,,
2074,biomass_126,29.70279199,46.05036899,23.55728224,6973294.773,10811199.08,5530519.595,,,,
2075,biomass_126,28.33796807,46.01977292,22.76640903,6652876.427,10804016.07,5344847.08,,,,
2076,biomass_126,27.28093928,45.58543618,21.86743156,6404718.834,10702047.27,5133795.041,,,,
2077,biomass_126,26.19311345,46.86269076,21.42112166,6149331.053,11001907.05,5029015.311,,,,
2078,biomass_126,25.0768014,47.6909395,21.37805941,5887255.588,11196354.17,5018905.63,,,,
2079,biomass_126,24.80323307,48.05136248,21.20306329,5823030.224,11280970.32,4977821.966,,,,
2080,biomass_126,24.23370485,47.59787367,20.60165484,5689322.653,11174505.2,4836629.905,,,,
2081,biomass_126,24.27857237,47.84343014,20.58309314,5699856.156,11232154.25,4832272.194,,,,
2082,biomass_126,24.92266819,48.94062632,20.75100487,5851069.888,11489741.9,4871692.663,,,,
2083,biomass_126,25.71625627,50.92345106,20.8673875,6037379.769,11955247.68,4899015.697,,,,
2084,biomass_126,26.12656245,48.9640278,20.93465721,6133706.94,11495235.84,4914808.539,,,,
2085,biomass_126,26.37292767,48.02869163,21.17907854,6191545.857,11275647.91,4972191.09,,,,
2086,biomass_126,26.95246879,49.37911045,21.6447891,6327604.144,11592684.38,5081525.492,,,,
2087,biomass_126,27.73305677,48.67194438,21.75182544,6510862.005,11426663.71,5106654.307,,,,
2088,biomass_126,28.47923049,49.14768952,21.5274598,6686040.462,11538353.92,5053980.211,,,,
2089,biomass_126,28.68369902,47.22367999,20.62893361,6734043.336,11086656.13,4843034.114,,,,
2090,biomass_126,28.85163733,46.17192053,20.05793089,6773470.043,10839735.61,4708980.377,,,,
2091,biomass_126,28.81642392,44.50078209,20.09232534,6765203.027,10447404.11,4717055.127,,,,
2092,biomass_126,29.0781528,43.35465308,20.93759623,6826648.855,10178328.55,4915498.528,,,,
2093,biomass_126,29.25063455,42.52713485,21.7368056,6867142.223,9984052.921,5103128.113,,,,
2094,biomass_126,28.87202705,41.49173637,21.97866461,6778256.919,9740973.456,5159909.112,,,,
2095,biomass_126,28.12831689,39.29029603,21.96627449,6603656.827,9224143.509,5157000.296,,,,
2096,biomass_126,27.78559551,39.74388607,22.42887596,6523196.473,9330632.389,5265604.779,,,,
2097,biomass_126,27.8254709,39.65392231,22.83902263,6532557.977,9309511.686,5361894.503,,,,
2098,biomass_126,27.63889632,38.88082701,23.13257098,6488756.05,9128012.875,5430810.556,,,,
2099,biomass_126,27.32755518,37.01623518,23.6189755,6415662.801,8690264.517,5545003.258,,,,
1990,biomass_245,1.664532304,12.93771247,6.620586306,390780.5845,3037373.818,1554308.426,,,,
1991,biomass_245,3.938641379,30.18559001,11.49457779,924670.8979,7086640.781,2698570.533,,,,
1992,biomass_245,7.119552709,42.37123921,19.73627647,1671450.27,9947453.458,4633465.89,,,,
1993,biomass_245,9.868496821,48.43138853,26.75006748,2316817.13,11370188.65,6280086.592,,,,
1994,biomass_245,12.26867157,53.96922667,32.05350393,2880303.755,12670301.38,7525169.065,,,,
1995,biomass_245,14.41589025,56.15408651,36.04072573,3384404.137,13183238.74,8461245.139,,,,
1996,biomass_245,16.21825407,56.01323044,38.55217386,3807543.29,13150170.1,9050855.304,,,,
1997,biomass_245,17.94090099,54.29678098,40.38989709,4211967.385,12747200.97,9482295.749,,,,
1998,biomass_245,19.53904097,52.07566246,41.57024255,4587161.111,12225751.2,9759404.273,,,,
1999,biomass_245,21.11226725,50.08891473,42.62114265,4956505.87,11759324.42,10006123.04,,,,
2000,biomass_245,22.59787171,48.25268733,43.39228274,5305279.743,11328235.15,10187162.83,,,,
2001,biomass_245,24.46702727,48.48737931,44.72229545,5744099.526,11383333.55,10499408.58,,,,
2002,biomass_245,26.67923283,48.47078481,46.43199758,6263456.812,11379437.68,10900793.64,,,,
2003,biomass_245,28.49087742,47.48780373,47.35310143,6688774.801,11148664.19,11117040.27,,,,
2004,biomass_245,30.2615677,46.74168884,48.11634182,7104477.988,10973499.55,11296225.45,,,,
2005,biomass_245,31.59469988,45.26164155,48.19001669,7417456.097,10626030.32,11313522.03,,,,
2006,biomass_245,32.94159673,45.03809514,48.29886466,7733665.723,10573548.56,11339076.16,,,,
2007,biomass_245,34.30526418,44.46571325,48.46236313,8053812.567,10439171.03,11377460.53,,,,
2008,biomass_245,35.47133233,44.13991455,48.49150364,8327569.221,10362683.6,11384301.82,,,,
2009,biomass_245,36.56718998,43.70654734,48.43568406,8584842.625,10260942.41,11371197.11,,,,
2010,biomass_245,37.48197518,42.82297872,48.10152915,8799605.832,10053507.89,11292747.9,,,,
2011,biomass_245,38.36065617,42.33556387,47.81380289,9005892.889,9939077.995,11225198.69,,,,
2012,biomass_245,38.6078481,40.78310963,46.83836128,9063925.89,9574609.866,10996195.24,,,,
2013,biomass_245,39.28045952,41.4371972,46.48851075,9221834.201,9728169.35,10914061.18,,,,
2014,biomass_245,40.25539908,42.19036861,46.53118588,9450719.788,9904990.649,10924079.98,,,,
2015,biomass_245,41.7352025,42.89358455,47.09974274,9798131.756,10070083.95,11057559.5,,,,
2016,biomass_245,42.70830681,42.43729882,47.06443986,10026586.48,9962962.208,11049271.48,,,,
2017,biomass_245,43.88722956,43.2683544,47.371365,10303361,10158068.29,11121327.99,,,,
2018,biomass_245,44.80956692,43.20072517,47.3855993,10519897.22,10142191.05,11124669.76,,,,
2019,biomass_245,45.66093699,44.23159441,47.50037634,10719772.52,10384207.19,11151615.85,,,,
2020,biomass_245,46.87361948,45.10448248,47.99572865,11004472.77,10589134.25,11267909.22,,,,
2021,biomass_245,45.97629201,35.48534217,45.95215683,10793808.1,8330858.295,10788141.91,,,,
2022,biomass_245,44.24870178,28.17070176,42.89954741,10388223.47,6613607.48,10071483.85,,,,
2023,biomass_245,42.36072561,25.595367,39.50110391,9944985.191,6008998.715,9273634.665,,,,
2024,biomass_245,40.57967248,23.73801076,36.87054322,9526849.128,5572949.049,8656060.561,,,,
2025,biomass_245,39.49584818,22.84946021,35.81556209,9272400.78,5364344.925,8408383.695,,,,
2026,biomass_245,38.50096518,22.62497001,34.49359984,9038833.095,5311641.584,8098027.941,,,,
2027,biomass_245,37.60361,23.45200863,33.61948627,8828161.916,5505804.615,7892813.172,,,,
2028,biomass_245,37.55140776,24.18189166,33.35190213,8815906.45,5677158.523,7829992.712,,,,
2029,biomass_245,37.23236076,24.2527313,32.74661845,8741004.103,5693789.475,7687890.867,,,,
2030,biomass_245,36.06630674,23.81286481,32.37291398,8467250.766,5590522.459,7600156.642,,,,
2031,biomass_245,35.14131383,21.16764824,32.4301109,8250091.106,4969507.61,7613584.706,,,,
2032,biomass_245,34.69566962,20.33139384,32.82458939,8145467.661,4773181,7706196.027,,,,
2033,biomass_245,33.23115793,18.83273188,33.4468024,7801645.715,4421341.632,7852272.353,,,,
2034,biomass_245,30.42256984,16.60921727,33.60139459,7142276.298,3899329.33,7888565.806,,,,
2035,biomass_245,27.59239446,16.33922104,32.95316079,6477838.854,3835942.584,7736380.606,,,,
2036,biomass_245,26.79411845,17.1670716,32.62456897,6290428.393,4030296.232,7659237.434,,,,
2037,biomass_245,27.23399298,16.73994432,32.99366491,6393697.297,3930019.989,7745889.717,,,,
2038,biomass_245,27.22983634,16.1447369,33.23896487,6392721.447,3790283.738,7803478.543,,,,
2039,biomass_245,27.19355047,16.70114635,33.51898077,6384202.649,3920911.428,7869217.596,,,,
2040,biomass_245,27.44724189,18.71969569,33.65170251,6443761.531,4394804.237,7900376.547,,,,
2041,biomass_245,27.67109884,19.00280493,33.42473047,6496316.203,4461269.512,7847090.548,,,,
2042,biomass_245,26.853684,18.97986785,32.11846954,6304412.54,4455884.594,7540420.975,,,,
2043,biomass_245,25.75011671,20.0727717,30.97758856,6045329.151,4712464.538,7272577.49,,,,
2044,biomass_245,24.69331768,21.37581186,30.52178779,5797225.499,5018377.974,7165569.597,,,,
2045,biomass_245,24.34424276,23.65041246,30.68839145,5715273.529,5552383.684,7204682.973,,,,
2046,biomass_245,24.76644844,24.32525252,31.00664243,5814394.335,5710815.208,7279398.438,,,,
2047,biomass_245,24.48730377,25.96833965,31.08268509,5748859.819,6096561.132,7297250.897,,,,
2048,biomass_245,24.15225049,27.28779422,31.29794934,5670199.696,6406328.162,7347788.27,,,,
2049,biomass_245,24.11675655,27.7792387,31.38611712,5661866.82,6521704.091,7368487.33,,,,
2050,biomass_245,23.59956665,28.04472469,31.18490653,5540446.664,6584031.972,7321249.321,,,,
2051,biomass_245,23.30284272,27.36450984,31.16600188,5470785.082,6424338.609,7316811.095,,,,
2052,biomass_245,23.19401013,25.25745122,31.21993348,5445234.564,5929666.566,7329472.564,,,,
2053,biomass_245,23.18388889,26.3823229,31.31039985,5442858.412,6193751.565,7350711.262,,,,
2054,biomass_245,22.5899898,26.82273922,31.53131901,5303429.316,6297147.664,7402576.234,,,,
2055,biomass_245,21.65107086,26.76130994,31.59916257,5083000.255,6282725.974,7418503.798,,,,
2056,biomass_245,21.35610221,26.25846091,31.56909657,5013750.759,6164672.61,7411445.232,,,,
2057,biomass_245,21.70526274,24.75943445,31.29555544,5095722.828,5812747.665,7347226.255,,,,
2058,biomass_245,21.43475639,22.83610777,30.96309551,5032216.323,5361210.186,7269174.97,,,,
2059,biomass_245,20.39174763,22.45855234,30.24939768,4787350.2,5272571.875,7101620.843,,,,
2060,biomass_245,19.44740657,23.9390796,30.18588077,4565648.193,5620153.78,7086709.042,,,,
2061,biomass_245,18.94065188,23.72726448,30.01955416,4446677.9,5570426.156,7047660.71,,,,
2062,biomass_245,18.69934069,25.13478543,29.45017933,4390025.516,5900868.441,6913989.152,,,,
2063,biomass_245,19.05998485,27.26852585,29.53981745,4474693.582,6401804.545,6935033.403,,,,
2064,biomass_245,19.57064314,27.71977101,30.28529483,4594580.319,6507742.921,7110048.383,,,,
2065,biomass_245,19.53673654,25.72095519,30.01139808,4586620.102,6038482.929,7045745.916,,,,
2066,biomass_245,19.89677347,26.15890999,29.73236308,4671145.611,6141301.139,6980237.147,,,,
2067,biomass_245,20.44326616,27.05765697,29.90532739,4799445.153,6352299.07,7020843.805,,,,
2068,biomass_245,20.85182042,27.18660164,29.98000359,4895361.028,6382571.279,7038375.463,,,,
2069,biomass_245,21.04794595,26.67515027,29.77251546,4941405.223,6262498.354,6989663.682,,,,
2070,biomass_245,20.64806465,25.94944038,28.99998575,4847525.49,6092124.168,6808297.655,,,,
2071,biomass_245,20.81553506,25.16995064,28.88001832,4886842.35,5909124.143,6780133.02,,,,
2072,biomass_245,22.06932534,25.17379447,29.5811436,5181193.441,5910026.555,6944735.501,,,,
2073,biomass_245,22.93624103,25.57205491,29.48777397,5384718.371,6003525.759,6922815.207,,,,
2074,biomass_245,22.7738674,25.62075672,28.73843678,5346598.075,6014959.435,6746894.063,,,,
2075,biomass_245,22.93278618,28.16553418,28.50381928,5383907.279,6612394.293,6691813.148,,,,
2076,biomass_245,23.61089795,28.27622475,28.59980638,5543106.902,6638381.007,6714347.945,,,,
2077,biomass_245,24.04711477,28.68175161,28.31616925,5645517.088,6733586.145,6647758.738,,,,
2078,biomass_245,24.22646033,29.59664294,27.14210787,5687621.865,6948374.267,6372125.521,,,,
2079,biomass_245,24.2592927,30.99896112,25.57036528,5695329.889,7277595.104,6003129.087,,,,
2080,biomass_245,24.1412405,32.312383,24.39937062,5667614.892,7585945.844,5728215.841,,,,
2081,biomass_245,23.67139973,32.18120012,23.33137307,5557310.843,7555148.17,5477483.124,,,,
2082,biomass_245,23.05646198,32.3873135,22.58034972,5412942.522,7603537.204,5301166.123,,,,
2083,biomass_245,22.90696377,35.61931911,22.38332518,5377844.978,8362311.928,5254910.869,,,,
2084,biomass_245,23.17930162,38.41548968,22.92789468,5441781.462,9018766.097,5382758.907,,,,
2085,biomass_245,23.73561563,38.84919806,23.45327791,5572386.746,9120587.378,5506102.602,,,,
2086,biomass_245,24.28914978,40.1999714,23.83683432,5702339.405,9437707.085,5596149.757,,,,
2087,biomass_245,24.37098389,41.50721259,23.91519271,5721551.516,9744606.792,5614545.878,,,,
2088,biomass_245,24.99969116,42.49332404,24.27321701,5869152.495,9976115.19,5698598.883,,,,
2089,biomass_245,25.43828774,41.00521273,23.99615266,5972121.375,9626752.786,5633552.763,,,,
2090,biomass_245,25.62324966,40.72376224,23.63777207,6015544.7,9560676.938,5549416.111,,,,
2091,biomass_245,25.82605216,42.23050926,23.7371541,6063156.441,9914414.429,5572747.93,,,,
2092,biomass_245,26.15045199,42.76641453,23.96052506,6139315.464,10040228.37,5625188.509,,,,
2093,biomass_245,26.8266309,41.27141528,23.92992675,6298061.309,9689248.895,5618004.972,,,,
2094,biomass_245,27.90831075,41.74744248,23.88940414,6552006.206,9801005.324,5608491.521,,,,
2095,biomass_245,28.67306985,39.82697635,23.8841691,6731547.937,9350139.411,5607262.495,,,,
2096,biomass_245,29.23064526,37.80458638,23.24371338,6862449.356,8875344.94,5456903.346,,,,
2097,biomass_245,29.95287012,36.25093436,22.63092954,7032005.365,8510595.608,5313040.697,,,,
2098,biomass_245,30.47905518,38.27403785,22.03575854,7155537.307,8985557.591,5173312.997,,,,
2099,biomass_245,30.83935748,38.02505497,21.5640043,7240125.115,8927104.131,5062559.726,,,,
1990,biomass_585,1.664532304,12.93771247,6.620586306,390780.5845,3037373.818,1554308.426,,,,
1991,biomass_585,3.938641379,30.18559001,11.49457779,924670.8979,7086640.781,2698570.533,,,,
1992,biomass_585,7.119552709,42.37123921,19.73627647,1671450.27,9947453.458,4633465.89,,,,
1993,biomass_585,9.868496821,48.43138853,26.75006748,2316817.13,11370188.65,6280086.592,,,,
1994,biomass_585,12.26867157,53.96922667,32.05350393,2880303.755,12670301.38,7525169.065,,,,
1995,biomass_585,14.41589025,56.15408651,36.04072573,3384404.137,13183238.74,8461245.139,,,,
1996,biomass_585,16.21825407,56.01323044,38.55217386,3807543.29,13150170.1,9050855.304,,,,
1997,biomass_585,17.94090099,54.29678098,40.38989709,4211967.385,12747200.97,9482295.749,,,,
1998,biomass_585,19.53904097,52.07566246,41.57024255,4587161.111,12225751.2,9759404.273,,,,
1999,biomass_585,21.11226725,50.08891473,42.62114265,4956505.87,11759324.42,10006123.04,,,,
2000,biomass_585,22.59787171,48.25268733,43.39228274,5305279.743,11328235.15,10187162.83,,,,
2001,biomass_585,24.46702727,48.48737931,44.72229545,5744099.526,11383333.55,10499408.58,,,,
2002,biomass_585,26.67923283,48.47078481,46.43199758,6263456.812,11379437.68,10900793.64,,,,
2003,biomass_585,28.49087742,47.48780373,47.35310143,6688774.801,11148664.19,11117040.27,,,,
2004,biomass_585,30.2615677,46.74168884,48.11634182,7104477.988,10973499.55,11296225.45,,,,
2005,biomass_585,31.59469988,45.26164155,48.19001669,7417456.097,10626030.32,11313522.03,,,,
2006,biomass_585,32.94159673,45.03809514,48.29886466,7733665.723,10573548.56,11339076.16,,,,
2007,biomass_585,34.30526418,44.46571325,48.46236313,8053812.567,10439171.03,11377460.53,,,,
2008,biomass_585,35.47133233,44.13991455,48.49150364,8327569.221,10362683.6,11384301.82,,,,
2009,biomass_585,36.56718998,43.70654734,48.43568406,8584842.625,10260942.41,11371197.11,,,,
2010,biomass_585,37.48197518,42.82297872,48.10152915,8799605.832,10053507.89,11292747.9,,,,
2011,biomass_585,38.36065617,42.33556387,47.81380289,9005892.889,9939077.995,11225198.69,,,,
2012,biomass_585,38.6078481,40.78310963,46.83836128,9063925.89,9574609.866,10996195.24,,,,
2013,biomass_585,39.28045952,41.4371972,46.48851075,9221834.201,9728169.35,10914061.18,,,,
2014,biomass_585,40.25539908,42.19036861,46.53118588,9450719.788,9904990.649,10924079.98,,,,
2015,biomass_585,41.7352025,42.89358455,47.09974274,9798131.756,10070083.95,11057559.5,,,,
2016,biomass_585,42.70830681,42.43729882,47.06443986,10026586.48,9962962.208,11049271.48,,,,
2017,biomass_585,43.88722956,43.2683544,47.371365,10303361,10158068.29,11121327.99,,,,
2018,biomass_585,44.80956692,43.20072517,47.3855993,10519897.22,10142191.05,11124669.76,,,,
2019,biomass_585,45.66093699,44.23159441,47.50037634,10719772.52,10384207.19,11151615.85,,,,
2020,biomass_585,46.87361948,45.10448248,47.99572865,11004472.77,10589134.25,11267909.22,,,,
2021,biomass_585,45.3038335,35.65189693,43.37255319,10635935.69,8369960.189,10182530.94,,,,
2022,biomass_585,42.35165708,28.90916668,36.24143868,9942856.182,6786976.152,8508366.317,,,,
2023,biomass_585,40.01855638,27.6070621,29.98103352,9395116.464,6481282.361,7038617.259,,,,
2024,biomass_585,37.75122576,27.55911872,26.37669625,8862817.52,6470026.744,6192430.603,,,,
2025,biomass_585,36.12652841,28.64023293,25.33323403,8481388.948,6723838.845,5947458.019,,,,
2026,biomass_585,34.11264247,28.11082981,24.70267826,8008590.96,6599551.404,5799423.074,,,,
2027,biomass_585,32.54679644,28.39780008,24.46773305,7640978.854,6666923.128,5744265.22,,,,
2028,biomass_585,31.76154512,29.82927837,24.52320176,7456626.186,7002989.855,5757287.554,,,,
2029,biomass_585,30.43185295,29.0606856,24.03225286,7144455.685,6822548.097,5642027.972,,,,
2030,biomass_585,28.94342593,29.11382491,22.91424018,6795019.163,6835023.56,5379553.252,,,,
2031,biomass_585,27.12556956,29.67184533,22.29613138,6368242.839,6966029.457,5234440.469,,,,
2032,biomass_585,25.23029664,30.12787814,22.69543466,5923291.512,7073091.822,5328184.499,,,,
2033,biomass_585,24.3996989,30.10563709,23.72264021,5728292.91,7067870.314,5569340.519,,,,
2034,biomass_585,23.91864065,31.6459066,24.27950903,5615355.346,7429477.848,5700076.056,,,,
2035,biomass_585,23.1669709,29.70956838,24.09480403,5438886.591,6974885.66,5656713.048,,,,
2036,biomass_585,23.19637534,30.01471483,24.37587691,5445789.843,7046524.585,5722700.245,,,,
2037,biomass_585,23.67991729,30.09352387,25.05295867,5559310.503,7065026.506,5881658.054,,,,
2038,biomass_585,23.56413935,27.32583184,25.4037074,5532129.431,6415258.215,5964002.983,,,,
2039,biomass_585,23.22644472,26.14021266,25.25982709,5452849.2,6136911.585,5930224.347,,,,
2040,biomass_585,23.14219791,27.75007845,25.20105491,5433070.662,6514858.168,5916426.459,,,,
2041,biomass_585,22.9211848,29.14298705,25.10235015,5381183.633,6841869.926,5893253.642,,,,
2042,biomass_585,22.25774031,30.62218738,24.32561977,5225427.435,7189140.31,5710901.427,,,,
2043,biomass_585,21.34051033,32.93265447,23.81478803,5010090.269,7731566.358,5590973.971,,,,
2044,biomass_585,20.61267031,35.02671001,23.09179726,4839215.997,8223185.683,5421238.15,,,,
2045,biomass_585,20.42652952,37.75360683,22.47812351,4795515.909,8863376.521,5277166.579,,,,
2046,biomass_585,20.62124941,39.58137828,22.48081157,4841230.102,9292480.598,5277797.652,,,,
2047,biomass_585,21.09153515,41.63936708,22.62496577,4951638.616,9775632.569,5311640.588,,,,
2048,biomass_585,21.58388638,43.40602859,22.85468818,5067227.422,10190389.93,5365572.29,,,,
2049,biomass_585,22.26778212,43.80772333,22.99521058,5227784.94,10284695.4,5398562.593,,,,
2050,biomass_585,23.08894149,42.72651265,22.72010619,5420567.705,10030860.65,5333976.611,,,,
2051,biomass_585,23.70911484,40.15434823,22.54944599,5566165.182,9426996.179,5293910.885,,,,
2052,biomass_585,24.27631101,39.73917873,22.50389637,5699325.26,9329527.251,5283217.247,,,,
2053,biomass_585,24.86824005,41.35132791,22.80347061,5838291.848,9708009.901,5353547.991,,,,
2054,biomass_585,25.57491781,41.67182503,23.52099479,6004197.879,9783252.691,5522000.426,,,,
2055,biomass_585,26.38429979,40.3157579,23.81008641,6194215.677,9464890.167,5589870.175,,,,
2056,biomass_585,26.88311271,37.91325163,23.99897522,6311321.487,8900856.171,5634215.412,,,,
2057,biomass_585,27.17244069,34.85467175,24.31929834,6379246.729,8182796.432,5709417.353,,,,
2058,biomass_585,27.35423053,30.77627069,24.54745168,6421925.347,7225314.294,5762980.683,,,,
2059,biomass_585,27.01226412,29.87852763,24.52894259,6341642.236,7014552.054,5758635.323,,,,
2060,biomass_585,26.98065114,30.6118066,24.97122158,6334220.487,7186703.223,5862468.72,,,,
2061,biomass_585,26.80572758,28.99160568,25.07553451,6293153.858,6806330.274,5886958.161,,,,
2062,biomass_585,26.43592226,27.74337749,25.00301802,6206335.033,6513284.991,5869933.538,,,,
2063,biomass_585,26.5777403,26.86116426,25.24414796,6239629.513,6306168.673,5926543.372,,,,
2064,biomass_585,27.00969084,24.98824014,25.61729883,6341038.109,5866464.149,6014147.629,,,,
2065,biomass_585,26.75583865,21.19671306,24.91162352,6281441.484,4976331.129,5848476.942,,,,
2066,biomass_585,26.74564811,21.94404803,24.56480566,6279049.061,5151782.211,5767054.861,,,,
2067,biomass_585,27.50702472,24.35022907,24.80334412,6457796.688,5716678.927,5823056.297,,,,
2068,biomass_585,28.22495705,25.27437806,25.11752439,6626344.943,5933640.463,5896816.084,,,,
2069,biomass_585,28.47482674,25.2216939,25.32067961,6685006.598,5921271.855,5944510.631,,,,
2070,biomass_585,28.26219452,25.72657935,25.17489559,6635087.144,6039803.306,5910285.063,,,,
2071,biomass_585,28.14223455,27.30089103,25.10560931,6606924.263,6409402.887,5894018.793,,,,
2072,biomass_585,28.93886538,29.74328108,25.2175155,6793948.486,6982800.355,5920290.897,,,,
2073,biomass_585,29.40578393,30.95153156,24.47140862,6903566.487,7266460.113,5745128.131,,,,
2074,biomass_585,29.51970552,30.84989906,23.69215967,6930311.746,7242599.953,5562184.634,,,,
2075,biomass_585,30.27981197,33.89279042,23.69845638,7108761.176,7956976.515,5563662.906,,,,
2076,biomass_585,31.21611082,33.11746367,23.64761913,7328575.122,7774953.827,5551727.896,,,,
2077,biomass_585,31.90161851,32.94797594,23.52704422,7489511.076,7735163.364,5523420.645,,,,
2078,biomass_585,32.23709307,33.77385165,23.08715213,7568270.102,7929053.378,5420147.619,,,,
2079,biomass_585,32.03887633,32.78917155,22.57147312,7521734.958,7697881.015,5299082.172,,,,
2080,biomass_585,31.95354487,30.37381255,22.58058896,7501701.777,7130829.598,5301222.29,,,,
2081,biomass_585,32.09457911,31.28910583,22.43290615,7534812.243,7345712.087,5266550.945,,,,
2082,biomass_585,32.12839405,32.42128427,22.17965332,7542750.942,7611512.488,5207095.031,,,,
2083,biomass_585,32.20218272,33.68470983,22.18185216,7560074.236,7908125.641,5207611.25,,,,
2084,biomass_585,32.23434735,36.29940193,22.16451579,7567625.493,8521974.293,5203541.207,,,,
2085,biomass_585,32.41360929,37.38277767,22.10987556,7609710.638,8776317.331,5190713.376,,,,
2086,biomass_585,32.74119721,37.23357683,22.17605656,7686618.128,8741289.6,5206250.623,,,,
2087,biomass_585,33.01048396,36.6000523,21.63867449,7749838.31,8592557.678,5080089.972,,,,
2088,biomass_585,33.82283957,37.74300873,21.32252758,7940554.224,8860888.418,5005868.477,,,,
2089,biomass_585,33.86929502,38.00387565,20.48809584,7951460.523,8922131.882,4809969.772,,,,
2090,biomass_585,33.73121322,35.8438588,19.17265277,7919043.196,8415026.888,4501144.518,,,,
2091,biomass_585,33.95142452,35.15894626,18.48281455,7970741.984,8254230.656,4339191.888,,,,
2092,biomass_585,33.82066711,35.57767667,18.67128488,7940044.196,8352535.575,4383438.881,,,,
2093,biomass_585,33.46832023,35.8693859,19.05348936,7857324.072,8421019.858,4473168.643,,,,
2094,biomass_585,33.52595637,38.28278331,19.29981428,7870855.25,8987610.756,4530998.1,,,,
2095,biomass_585,33.72677852,36.89881677,19.40491423,7918002.066,8662698.313,4555672.309,,,,
2096,biomass_585,34.17425027,38.01352622,19.37751029,8023054.561,8924397.538,4549238.712,,,,
2097,biomass_585,34.86843471,40.46428109,19.66469224,8186027.549,9499758.807,4616660.133,,,,
2098,biomass_585,35.30263564,43.06005912,20.177928,8287964.466,10109167.02,4737151.979,,,,
2099,biomass_585,35.49519382,43.11749784,20.28295946,8333171.159,10122651.85,4761810.109,,,,
1990,catch_126,0.506295912,0.37288629,0.054637544,118862.5849,87542.14141,12827.20155,,,,
1991,catch_126,0.274596859,0.374103949,0.072234324,64466.83,87828.01,16958.38,,,,
1992,catch_126,0.336358293,0.385848174,0.087243972,78966.5,90585.19,20482.18,,,,
1993,catch_126,0.195294822,0.461007118,0.077925322,45849.17,108230.18,18294.45,,,,
1994,catch_126,0.194278546,0.427707065,0.093680341,45610.58,100412.36,21993.24,,,,
1995,catch_126,0.289251051,0.294622075,0.074181387,67907.18,69168.13,17415.49,,,,
1996,catch_126,0.235941117,0.2122336,0.091816253,55391.66,49825.87,21555.61,,,,
1997,catch_126,0.250972573,0.358563737,0.062862984,58920.58,84179.65,14758.28,,,,
1998,catch_126,0.213907927,0.023122218,0.052720717,50218.95,5428.38,12377.19,,,,
1999,catch_126,0.28225477,0.385727673,0.062398485,66264.67,90556.9,14649.23,,,,
2000,catch_126,0.227393182,0.023652314,0.09794202,53384.87,5552.83,22993.75,,,,
2001,catch_126,0.172584157,0.014705093,0.074184411,40517.41,3452.3,17416.2,,,,
2002,catch_126,0.177059109,0.007232769,0.085929403,41567.99,1698.03,20173.56,,,,
2003,catch_126,0.223052256,0.206969732,0.128508329,52365.755,48590.077,30169.772,,,,
2004,catch_126,0.240450153,0.265939881,0.066596987,56450.242,62434.44,15634.908,,,,
2005,catch_126,0.202427833,0.333531224,0.084864582,47523.78,78302.792,19923.573,,,,
2006,catch_126,0.203464171,0.293600552,0.117659056,47767.08,68928.308,27622.699,,,,
2007,catch_126,0.220694291,0.219672559,0.107965647,51812.178,51572.307,25346.987,,,,
2008,catch_126,0.248697162,0.216324157,0.124402881,58386.384,50786.206,29205.94,,,,
2009,catch_126,0.220595479,0.176980364,0.105770958,51788.98,41549.503,24831.742,,,,
2010,catch_126,0.327786695,0.312832547,0.103674022,76954.1545,73443.3843,24339.4465,,,,
2011,catch_126,0.356565285,0.330940114,0.131669095,83710.47547,77694.47963,30911.82179,,,,
2012,catch_126,0.327432966,0.421412926,0.088435483,76871.10993,98934.69131,20761.90981,,,,
2013,catch_126,0.284661866,0.386748811,0.0928969,66829.78161,90796.6316,21809.31242,,,,
2014,catch_126,0.35563353,0.591850125,0.155576339,83491.72823,138948.062,36524.50148,,,,
2015,catch_126,0.330920999,0.69348017,0.082193932,77689.99193,162807.6459,19296.58716,,,,
2016,catch_126,0.267783768,0.737262383,0.085089148,62867.32752,173086.3524,19976.29408,,,,
2017,catch_126,0.205326149,0.784686345,0.115234588,48204.21456,184220.0286,27053.50897,,,,
2018,catch_126,0.06253508,0.642398239,0.08037795,14681.29828,150815.1923,18870.251,,,,
2019,catch_126,0.064746285,0.471311253,0.104643509,15200.42055,110649.2715,24567.05201,,,,
2020,catch_126,0.025920157,0.425827366,0.089943303,6085.249334,99971.06497,21115.89937,,1026648.16,,
2021,catch_126,5.239620003,15.71047616,5.702577579,1230100.348,3688332.777,1338788.436,,4295073.852,,
2022,catch_126,7.459413479,10.7660961,4.314106316,1751239.043,2527545.614,1012818.426,,562708.1833,,
2023,catch_126,6.030319102,9.51349697,3.824046417,1415731.985,2233474.17,897767.5533,,,,
2024,catch_126,4.459770971,6.467358484,3.022295863,1047015.971,1518335.284,709541.3776,,,,
2025,catch_126,4.009686616,9.84383311,2.922943161,941350.1171,2311026.855,686216.4429,,,,
2026,catch_126,4.656740615,11.00131472,2.710232092,1093258.337,2582767.655,636278.478,,,,
2027,catch_126,3.467789721,8.574004172,3.702753711,814129.5251,2012910.385,869291.7861,,,,
2028,catch_126,4.149720659,11.14899251,3.483545256,974225.7694,2617437.824,817828.4362,,,,
2029,catch_126,4.835044109,8.665446045,3.518681863,1135118.471,2034378.103,826077.4223,,,,
2030,catch_126,3.863751617,7.639858316,3.835331058,907089.1035,1793601.897,900416.8372,,,,
2031,catch_126,3.925656402,6.102646629,3.763261564,921622.4279,1432712.246,883497.1541,,,,
2032,catch_126,5.102769356,5.653735772,3.172314532,1197972.059,1327321.893,744761.1104,,,,
2033,catch_126,5.205696376,6.554933116,2.825786285,1222136.133,1538895.093,663407.0204,,,,
2034,catch_126,3.949804412,8.300679559,2.443059441,927291.6319,1948742.239,573554.622,,,,
2035,catch_126,4.06086367,7.089736355,2.881188705,953364.903,1664450.314,676413.7912,,,,
2036,catch_126,4.562566292,8.965062832,2.800623808,1071149.126,2104718.836,657499.6507,,,,
2037,catch_126,6.312590606,11.85885669,2.538228567,1482000.584,2784091.926,595897.3823,,,,
2038,catch_126,6.117047622,11.72570761,2.364436369,1436093.153,2752832.65,555096.362,,,,
2039,catch_126,5.3257527,16.08313506,2.141610473,1250321.636,3775821.534,502783.7492,,,,
2040,catch_126,4.960559826,13.81601831,2.452820692,1164585.67,3243572.802,575846.2611,,,,
2041,catch_126,4.393173581,17.76949726,2.844947116,1031380.969,4171727.101,667905.3894,,,,
2042,catch_126,5.23192251,13.22047129,2.845067004,1228293.216,3103756.824,667933.5354,,,,
2043,catch_126,4.697956676,17.02566984,3.241993775,1102934.591,3997099.482,761119.6366,,,,
2044,catch_126,3.906776428,14.56601306,2.851067782,917189.9953,3419648.321,669342.332,,,,
2045,catch_126,3.740950136,15.22041862,2.965142102,878259.1224,3573282.459,696123.4462,,,,
2046,catch_126,4.656508969,12.93616785,3.161347408,1093203.954,3037011.191,742186.3696,,,,
2047,catch_126,4.726703262,11.92422856,3.584095056,1109683.398,2799439.214,841434.4122,,,,
2048,catch_126,4.807194335,10.86942025,3.706307208,1128580.207,2551802.923,870126.0368,,,,
2049,catch_126,5.492016085,10.51758325,3.725868863,1289355.124,2469202.503,874718.507,,,,
2050,catch_126,4.121288336,9.601261958,3.940340419,967550.7413,2254078.669,925069.7798,,,,
2051,catch_126,3.32567062,9.489998395,3.959095009,780764.3658,2227957.433,929472.7762,,,,
2052,catch_126,2.929700761,8.983811868,2.915302666,687802.9178,2109120.529,684422.6915,,,,
2053,catch_126,2.864074171,8.642377165,2.790092868,672395.8292,2028962.245,655027.3124,,,,
2054,catch_126,2.807003435,9.393426375,3.65548642,658997.3895,2205285.317,858194.8914,,,,
2055,catch_126,3.53504503,11.632904,3.293327828,829918.9867,2731045.238,773171.2809,,,,
2056,catch_126,3.974426883,13.18526257,3.527832613,933072.2248,3095490.909,828225.7347,,,,
2057,catch_126,3.715119837,13.3719634,3.761973306,872194.969,3139322.475,883194.7112,,,,
2058,catch_126,4.205824669,11.15017244,4.139115667,987397.2516,2617714.833,971736.0461,,,,
2059,catch_126,3.673090616,14.33082855,3.575519483,862327.8109,3364434.288,839421.1335,,,,
2060,catch_126,3.45081718,12.40533514,2.893272695,810144.8986,2912388.125,679250.7374,,,,
2061,catch_126,2.562568024,11.64371102,3.178348118,601611.5324,2733582.392,746177.6092,,,,
2062,catch_126,2.848010529,13.57804061,3.816790789,668624.5839,3187703.015,896064.1568,,,,
2063,catch_126,3.060122617,16.28527657,4.094567806,718421.9268,3823278.096,961277.5892,,,,
2064,catch_126,2.633515443,16.30255679,3.913145726,618267.7869,3827334.955,918685.3089,,,,
2065,catch_126,2.68843783,15.65789277,3.524392359,631161.8608,3675987.828,827418.0697,,,,
2066,catch_126,3.518834467,18.75712417,3.826254253,826113.249,4403591.283,898285.8847,,,,
2067,catch_126,3.872172464,14.96406833,3.980239202,909066.0573,3513099.357,934436.7772,,,,
2068,catch_126,3.281208284,12.14125633,3.26936628,770325.9876,2850390.607,767545.8521,,,,
2069,catch_126,3.231957074,9.648493947,3.523032765,758763.3302,2265167.275,827098.8792,,,,
2070,catch_126,2.989881653,13.08761929,3.308008085,701931.5258,3072567.292,776617.7502,,,,
2071,catch_126,3.172747789,14.493689,3.540123114,744862.8257,3402668.872,831111.1633,,,,
2072,catch_126,4.608856218,11.76154903,3.33886102,1082016.565,2761247.105,783861.0628,,,,
2073,catch_126,4.199819353,12.92046708,4.390953367,985987.3898,3033325.135,1030859.731,,,,
2074,catch_126,5.753270525,10.64590047,4.664908757,1350689.568,2499327.408,1095175.964,,,,
2075,catch_126,6.000340457,14.86152536,4.230000907,1408693.929,3489025.447,993073.0828,,,,
2076,catch_126,4.978436856,12.37686075,4.583230983,1168782.642,2905703.222,1076000.555,,,,
2077,catch_126,6.294823566,13.63322453,3.951306306,1477829.434,3200658.489,927644.2302,,,,
2078,catch_126,5.516165063,12.633822,3.613518922,1295024.556,2966029.756,848342.2238,,,,
2079,catch_126,4.362396691,11.34462087,3.742820102,1024155.509,2663365.296,878698.1324,,,,
2080,catch_126,4.291141022,11.58336402,3.422952201,1007426.887,2719414.788,803603.0652,,,,
2081,catch_126,3.541326515,14.48079508,3.292721275,831393.6846,3399641.781,773028.8809,,,,
2082,catch_126,3.104491735,9.259164775,3.173520411,728838.42,2173764.855,745044.2133,,,,
2083,catch_126,2.701072753,10.14550956,3.071234452,634128.1492,2381851.135,721030.6411,,,,
2084,catch_126,3.058127137,14.81757268,2.802314995,717953.4497,3478706.721,657896.6892,,,,
2085,catch_126,2.966985379,14.33579871,2.795891914,696556.1904,3365601.127,656388.7487,,,,
2086,catch_126,2.97707875,12.04805929,2.934871875,698925.8011,2828510.832,689016.9352,,,,
2087,catch_126,2.773279483,16.23242753,3.512561946,651080.0508,3810870.778,824640.6556,,,,
2088,catch_126,3.210385625,13.48716906,4.127180139,753699.0229,3166369.192,968933.9541,,,,
2089,catch_126,3.112071742,14.74804911,4.217322647,730617.9708,3462384.741,990096.6206,,,,
2090,catch_126,3.226467563,18.18532576,3.88382739,757474.5634,4269350.743,911802.2725,,,,
2091,catch_126,3.808800197,19.37493101,3.059590312,894188.2135,4548633.178,718296.958,,,,
2092,catch_126,3.520309178,20.31830916,2.514536805,826459.4655,4770109.124,590335.2911,,,,
2093,catch_126,4.087221081,15.30366547,2.569917079,959552.806,3592826.238,603336.8628,,,,
2094,catch_126,4.081258944,18.6895474,2.444076774,958153.0809,4387726.353,573793.46,,,,
2095,catch_126,4.162115944,16.34080284,2.556302581,977135.7979,3836313.943,600140.6007,,,,
2096,catch_126,4.112746977,16.45167344,2.389901658,965545.495,3862342.922,561074.8223,,,,
2097,catch_126,4.000763173,13.72161449,3.115621824,939255.1693,3221409.711,731451.4199,,,,
2098,catch_126,4.602393379,18.27943815,2.635655872,1080499.291,4291445.416,618770.2933,,,,
2099,catch_126,4.373014156,18.2948935,2.396858969,1026648.16,4295073.852,562708.1833,,,,
1990,catch_245,0.506295912,0.37288629,0.054637544,118862.5849,87542.14141,12827.20155,,,,
1991,catch_245,0.274596859,0.374103949,0.072234324,64466.83,87828.01,16958.38,,,,
1992,catch_245,0.336358293,0.385848174,0.087243972,78966.5,90585.19,20482.18,,,,
1993,catch_245,0.195294822,0.461007118,0.077925322,45849.17,108230.18,18294.45,,,,
1994,catch_245,0.194278546,0.427707065,0.093680341,45610.58,100412.36,21993.24,,,,
1995,catch_245,0.289251051,0.294622075,0.074181387,67907.18,69168.13,17415.49,,,,
1996,catch_245,0.235941117,0.2122336,0.091816253,55391.66,49825.87,21555.61,,,,
1997,catch_245,0.250972573,0.358563737,0.062862984,58920.58,84179.65,14758.28,,,,
1998,catch_245,0.213907927,0.023122218,0.052720717,50218.95,5428.38,12377.19,,,,
1999,catch_245,0.28225477,0.385727673,0.062398485,66264.67,90556.9,14649.23,,,,
2000,catch_245,0.227393182,0.023652314,0.09794202,53384.87,5552.83,22993.75,,,,
2001,catch_245,0.172584157,0.014705093,0.074184411,40517.41,3452.3,17416.2,,,,
2002,catch_245,0.177059109,0.007232769,0.085929403,41567.99,1698.03,20173.56,,,,
2003,catch_245,0.223052256,0.206969732,0.128508329,52365.755,48590.077,30169.772,,,,
2004,catch_245,0.240450153,0.265939881,0.066596987,56450.242,62434.44,15634.908,,,,
2005,catch_245,0.202427833,0.333531224,0.084864582,47523.78,78302.792,19923.573,,,,
2006,catch_245,0.203464171,0.293600552,0.117659056,47767.08,68928.308,27622.699,,,,
2007,catch_245,0.220694291,0.219672559,0.107965647,51812.178,51572.307,25346.987,,,,
2008,catch_245,0.248697162,0.216324157,0.124402881,58386.384,50786.206,29205.94,,,,
2009,catch_245,0.220595479,0.176980364,0.105770958,51788.98,41549.503,24831.742,,,,
2010,catch_245,0.327786695,0.312832547,0.103674022,76954.1545,73443.3843,24339.4465,,,,
2011,catch_245,0.356565285,0.330940114,0.131669095,83710.47547,77694.47963,30911.82179,,,,
2012,catch_245,0.327432966,0.421412926,0.088435483,76871.10993,98934.69131,20761.90981,,,,
2013,catch_245,0.284661866,0.386748811,0.0928969,66829.78161,90796.6316,21809.31242,,,,
2014,catch_245,0.35563353,0.591850125,0.155576339,83491.72823,138948.062,36524.50148,,,,
2015,catch_245,0.330920999,0.69348017,0.082193932,77689.99193,162807.6459,19296.58716,,,,
2016,catch_245,0.267783768,0.737262383,0.085089148,62867.32752,173086.3524,19976.29408,,,,
2017,catch_245,0.205326149,0.784686345,0.115234588,48204.21456,184220.0286,27053.50897,,,,
2018,catch_245,0.06253508,0.642398239,0.08037795,14681.29828,150815.1923,18870.251,,,,
2019,catch_245,0.064746285,0.471311253,0.104643509,15200.42055,110649.2715,24567.05201,,,,
2020,catch_245,0.025920157,0.425827366,0.089943303,6085.249334,99971.06497,21115.89937,,,,
2021,catch_245,3.908518259,24.72623454,4.90095591,917598.9231,5804953.356,1150592.518,,,,
2022,catch_245,3.550904165,14.61283276,4.307878757,833642.22,3430640.134,1011356.388,,,,
2023,catch_245,3.361695394,13.09547261,4.71012422,789221.866,3074411.01,1105791.153,,,,
2024,catch_245,3.547857027,13.22044609,3.837009894,832926.8465,3103750.908,900810.9757,,,,
2025,catch_245,4.48022838,12.6558275,3.491507572,1051818.736,2971195.966,819697.7412,,,,
2026,catch_245,4.535508418,11.09241344,4.419926757,1064796.776,2604154.81,1037661.785,,,,
2027,catch_245,4.577723577,10.64995909,3.072839573,1074707.587,2500280.247,721407.4738,,,,
2028,catch_245,3.401176468,11.26857018,3.537896579,798490.7982,2645510.953,830588.442,,,,
2029,catch_245,3.792454873,10.81741776,3.087535263,890350.8381,2539594.351,724857.5661,,,,
2030,catch_245,3.99220521,12.53003563,1.889967618,937246.0249,2941663.934,443705.8076,,,,
2031,catch_245,3.29857945,15.50047709,1.477472301,774404.1989,3639031.507,346864.6946,,,,
2032,catch_245,3.719779272,16.12207533,1.635041586,873288.8599,3784963.502,383857.078,,,,
2033,catch_245,6.642923765,16.13495171,1.725618756,1559552.569,3787986.479,405121.7897,,,,
2034,catch_245,7.691710501,16.31415857,1.682067547,1805775.183,3830058.694,394897.316,,,,
2035,catch_245,6.860613516,10.99961974,2.198643444,1610659.375,2582369.727,516173.3228,,,,
2036,catch_245,4.010177212,13.86248602,2.083394715,941465.2939,3254481.98,489116.4939,,,,
2037,catch_245,3.770871766,12.1758478,2.020344073,885283.7937,2858511.613,474314.1578,,,,
2038,catch_245,4.07909403,14.65746455,1.992829224,957644.8262,3441118.295,467854.5241,,,,
2039,catch_245,3.932148356,10.78353695,2.20982457,923146.5375,2531640.186,518798.3044,,,,
2040,catch_245,3.740205749,11.32064246,2.518521046,878084.3634,2657735.909,591270.6675,,,,
2041,catch_245,3.471959657,11.4502845,2.949931815,815108.4968,2688171.842,692552.5422,,,,
2042,catch_245,4.978126366,11.64537652,3.944385536,1168709.749,2733973.4,926019.4478,,,,
2043,catch_245,4.782293651,10.249011,3.118472014,1122734.298,2406150.062,732120.5562,,,,
2044,catch_245,4.966632657,9.43287394,2.434272034,1166011.382,2214546.382,571491.6111,,,,
2045,catch_245,3.933710858,8.508059324,2.388069683,923513.3644,1997428.579,560644.7314,,,,
2046,catch_245,3.312657858,10.81296915,2.162528607,777709.3727,2538549.954,507694.6786,,,,
2047,catch_245,4.836822041,9.084595664,2.547053027,1135535.874,2132781.439,597969.092,,,,
2048,catch_245,3.989566314,9.846485421,1.915914693,936626.494,2311649.536,449797.3765,,,,
2049,catch_245,3.627818983,9.105829222,2.142176914,851699.4347,2137766.421,502916.7318,,,,
2050,catch_245,4.421420404,10.29445503,1.949933894,1038012.447,2416818.914,457784.0303,,,,
2051,catch_245,3.646589232,12.20197778,1.915893185,856106.1074,2864646.121,449792.3271,,,,
2052,catch_245,3.856093226,13.67491038,1.894434448,905291.1505,3210445.035,444754.4809,,,,
2053,catch_245,3.369268916,10.16020804,1.724255553,790999.8941,2385301.882,404801.7518,,,,
2054,catch_245,5.109215254,11.25083486,1.872183293,1199485.356,2641347.25,439530.5994,,,,
2055,catch_245,4.810972609,9.846297685,1.714387747,1129467.228,2311605.461,402485.097,,,,
2056,catch_245,3.729946087,11.81032227,1.800439207,875675.7128,2772697.55,422687.3121,,,,
2057,catch_245,2.751267005,13.30554392,2.081070339,645912.2035,3123729.24,488570.8023,,,,
2058,catch_245,4.367816436,12.49067244,1.967436449,1025427.897,2932422.679,461893.0876,,,,
2059,catch_245,4.814729079,11.80559939,2.691628376,1130349.131,2771588.764,631910.9023,,,,
2060,catch_245,5.601018746,11.19001258,2.280786853,1314945.57,2627068.064,535458.0486,,,,
2061,catch_245,4.068593551,9.574710118,2.47651073,955179.6395,2247845.12,581407.9476,,,,
2062,catch_245,3.917739783,8.364907831,2.383073468,919763.851,1963821.047,559471.775,,,,
2063,catch_245,2.972677112,9.447343866,2.292154229,697892.4329,2217943.472,538126.7562,,,,
2064,catch_245,3.951419866,12.73008587,2.333296106,927670.8904,2988629.53,547785.5936,,,,
2065,catch_245,3.498788048,11.6127866,2.721936714,821406.9713,2726322.298,639026.3604,,,,
2066,catch_245,2.952292349,12.31011946,2.606686298,693106.7225,2890034.437,611969.1354,,,,
2067,catch_245,3.550825885,12.07694373,2.795955075,833623.8423,2835292.002,656403.5769,,,,
2068,catch_245,3.507841545,14.22120534,3.021085966,823532.4516,3338698.156,709257.3312,,,,
2069,catch_245,3.550479851,13.03568457,2.831657845,833542.6041,3060374.631,664785.4805,,,,
2070,catch_245,3.990294529,12.74941513,3.102956276,936797.4562,2993167.44,728477.9419,,,,
2071,catch_245,2.987877568,15.76210209,2.222697841,701461.0287,3700452.946,521820.5495,,,,
2072,catch_245,2.443395143,13.42567763,2.682969795,573633.4343,3151932.911,629878.1358,,,,
2073,catch_245,2.893729672,13.18438386,2.940914764,679358.0214,3095284.614,690435.6183,,,,
2074,catch_245,3.63608373,9.581302576,2.927744815,853639.7413,2249392.824,687343.7226,,,,
2075,catch_245,3.134818614,11.48914086,2.803551483,735958.2311,2697294.111,658186.978,,,,
2076,catch_245,2.732507354,12.24664763,2.708477199,641508.0189,2875133.218,635866.4834,,,,
2077,catch_245,3.082514872,10.21251624,3.275549659,723678.934,2397582.224,768997.5179,,,,
2078,catch_245,2.874343254,8.45203473,4.063930958,674806.6915,1984275.741,954085.0071,,,,
2079,catch_245,3.107869363,9.383765304,4.339046796,729631.3824,2203017.197,1018673.677,,,,
2080,catch_245,4.063732331,9.826933288,4.611678065,954038.3757,2307059.301,1082679.048,,,,
2081,catch_245,4.578628345,12.09816717,4.348686341,1074919.998,2840274.608,1020936.744,,,,
2082,catch_245,4.546349016,11.28370003,3.840044588,1067341.812,2649062.973,901523.4278,,,,
2083,catch_245,4.409848555,11.2857551,3.606264116,1035295.735,2649545.439,846639.0203,,,,
2084,catch_245,4.237275636,11.38378762,2.848507138,994780.9638,2672560.436,668741.1723,,,,
2085,catch_245,3.154860806,12.76488107,2.944616874,740663.5165,2996798.365,691304.7589,,,,
2086,catch_245,3.300793165,10.82427356,2.763172961,774923.9105,2541203.88,648707.353,,,,
2087,catch_245,3.566326052,11.07325197,2.724387081,837262.8009,2599656.291,639601.6307,,,,
2088,catch_245,2.874664493,10.79270362,2.79231024,674882.1085,2533792.237,655547.8826,,,,
2089,catch_245,2.999683892,13.73135997,3.20775142,704232.7876,3223697.649,753080.5932,,,,
2090,catch_245,2.933516965,11.0843892,2.963831674,688698.8444,2602270.967,695815.7984,,,,
2091,catch_245,3.344072951,9.622522506,2.616141681,785084.6625,2259069.986,614188.9662,,,,
2092,catch_245,3.104596083,12.23550751,2.907792393,728862.9178,2872517.864,682659.5124,,,,
2093,catch_245,2.471132072,11.43263182,3.069404632,580145.2053,2684027.54,720601.056,,,,
2094,catch_245,2.259576664,16.11496126,3.340951633,530478.5539,3783293.34,784351.8738,,,,
2095,catch_245,2.657908563,14.09396118,2.94905716,623994.5355,3308825.171,692347.2005,,,,
2096,catch_245,2.276562006,17.21426266,4.204492206,534466.1856,4041375.229,987084.4308,,,,
2097,catch_245,2.262650069,13.97076545,3.391828775,531200.0942,3279902.634,796296.2498,,,,
2098,catch_245,2.749572008,13.08230151,4.21736243,645514.2707,3071318.842,990105.9604,,,,
2099,catch_245,2.896713764,15.09186977,3.458039195,680058.5936,3543103.174,811840.4037,,,,
1990,catch_585,0.506295912,0.37288629,0.054637544,118862.5849,87542.14141,12827.20155,,,,
1991,catch_585,0.274596859,0.374103949,0.072234324,64466.83,87828.01,16958.38,,,,
1992,catch_585,0.336358293,0.385848174,0.087243972,78966.5,90585.19,20482.18,,,,
1993,catch_585,0.195294822,0.461007118,0.077925322,45849.17,108230.18,18294.45,,,,
1994,catch_585,0.194278546,0.427707065,0.093680341,45610.58,100412.36,21993.24,,,,
1995,catch_585,0.289251051,0.294622075,0.074181387,67907.18,69168.13,17415.49,,,,
1996,catch_585,0.235941117,0.2122336,0.091816253,55391.66,49825.87,21555.61,,,,
1997,catch_585,0.250972573,0.358563737,0.062862984,58920.58,84179.65,14758.28,,,,
1998,catch_585,0.213907927,0.023122218,0.052720717,50218.95,5428.38,12377.19,,,,
1999,catch_585,0.28225477,0.385727673,0.062398485,66264.67,90556.9,14649.23,,,,
2000,catch_585,0.227393182,0.023652314,0.09794202,53384.87,5552.83,22993.75,,,,
2001,catch_585,0.172584157,0.014705093,0.074184411,40517.41,3452.3,17416.2,,,,
2002,catch_585,0.177059109,0.007232769,0.085929403,41567.99,1698.03,20173.56,,,,
2003,catch_585,0.223052256,0.206969732,0.128508329,52365.755,48590.077,30169.772,,,,
2004,catch_585,0.240450153,0.265939881,0.066596987,56450.242,62434.44,15634.908,,,,
2005,catch_585,0.202427833,0.333531224,0.084864582,47523.78,78302.792,19923.573,,,,
2006,catch_585,0.203464171,0.293600552,0.117659056,47767.08,68928.308,27622.699,,,,
2007,catch_585,0.220694291,0.219672559,0.107965647,51812.178,51572.307,25346.987,,,,
2008,catch_585,0.248697162,0.216324157,0.124402881,58386.384,50786.206,29205.94,,,,
2009,catch_585,0.220595479,0.176980364,0.105770958,51788.98,41549.503,24831.742,,,,
2010,catch_585,0.327786695,0.312832547,0.103674022,76954.1545,73443.3843,24339.4465,,,,
2011,catch_585,0.356565285,0.330940114,0.131669095,83710.47547,77694.47963,30911.82179,,,,
2012,catch_585,0.327432966,0.421412926,0.088435483,76871.10993,98934.69131,20761.90981,,,,
2013,catch_585,0.284661866,0.386748811,0.0928969,66829.78161,90796.6316,21809.31242,,,,
2014,catch_585,0.35563353,0.591850125,0.155576339,83491.72823,138948.062,36524.50148,,,,
2015,catch_585,0.330920999,0.69348017,0.082193932,77689.99193,162807.6459,19296.58716,,,,
2016,catch_585,0.267783768,0.737262383,0.085089148,62867.32752,173086.3524,19976.29408,,,,
2017,catch_585,0.205326149,0.784686345,0.115234588,48204.21456,184220.0286,27053.50897,,,,
2018,catch_585,0.06253508,0.642398239,0.08037795,14681.29828,150815.1923,18870.251,,,,
2019,catch_585,0.064746285,0.471311253,0.104643509,15200.42055,110649.2715,24567.05201,,,,
2020,catch_585,0.025920157,0.425827366,0.089943303,6085.249334,99971.06497,21115.89937,,,,
2021,catch_585,5.371947762,24.33666747,10.6969339,1261166.804,5713495.086,2511308.476,,,,
2022,catch_585,5.652190872,13.84877603,10.4200226,1326959.199,3251263.301,2446298.286,,,,
2023,catch_585,4.286200344,11.62442623,9.81866547,1006266.969,2729054.922,2305118.274,,,,
2024,catch_585,5.517931762,11.77979239,6.047512223,1295439.322,2765530.079,1419768.397,,,,
2025,catch_585,5.775257555,11.49615082,5.04486979,1355851.441,2698939.832,1184379.036,,,,
2026,catch_585,7.301646772,15.39261199,4.242325959,1714200.311,3613708.123,995966.623,,,,
2027,catch_585,5.661132522,13.72922705,3.604317269,1329058.421,3223196.904,846181.961,,,,
2028,catch_585,5.788966859,14.20955545,3.615829347,1359069.961,3335963.124,848884.6401,,,,
2029,catch_585,5.922448429,16.0942456,4.025206673,1390407.295,3778429.944,944993.7455,,,,
2030,catch_585,5.281142178,13.66306285,4.315726634,1239848.468,3207663.603,1013198.826,,,,
2031,catch_585,6.453343483,13.81197565,3.153623307,1515044.996,3242623.711,740372.9901,,,,
2032,catch_585,6.805314316,17.46284641,2.635054855,1597676.837,4099734.988,618629.1933,,,,
2033,catch_585,5.286104155,15.34375394,2.08140079,1241013.386,3602237.768,488648.3822,,,,
2034,catch_585,4.940939002,11.13920303,2.444375884,1159979.308,2615139.557,573863.6818,,,,
2035,catch_585,4.40627725,17.98295589,2.554269751,1034457.304,4221840.572,599663.3553,,,,
2036,catch_585,3.296827618,12.81769473,2.139039576,773992.9231,3009197.375,502180.1822,,,,
2037,catch_585,3.633645253,17.6658541,2.393696032,853067.2623,4147394.9,561965.6238,,,,
2038,catch_585,4.300571908,18.85907092,2.517414517,1009640.966,4427525.221,591010.8888,,,,
2039,catch_585,4.588315258,17.61800927,3.744107662,1077194.185,4136162.418,879000.4116,,,,
2040,catch_585,4.442530927,13.84618972,2.977610639,1042968.543,3250656.114,699050.6721,,,,
2041,catch_585,4.669858468,13.10225248,3.729427992,1096338.003,3076002.712,875554.0802,,,,
2042,catch_585,4.712026023,9.978457103,3.737769462,1106237.637,2342632.396,877512.3988,,,,
2043,catch_585,5.332985931,8.764878043,3.311306742,1252019.774,2057721.653,777392.1724,,,,
2044,catch_585,4.370969057,8.140581574,4.078914558,1026168.035,1911156.196,957602.692,,,,
2045,catch_585,4.332384616,8.797782159,4.064381787,1017109.604,2065446.52,954190.8478,,,,
2046,catch_585,3.776452536,9.909596328,3.137523994,886593.9855,2326466.02,736593.3705,,,,
2047,catch_585,3.314904708,9.157239736,3.329247992,778236.8634,2149836.016,781604.2218,,,,
2048,catch_585,3.396133498,9.203070752,2.832166754,797306.8652,2160595.717,664904.9566,,,,
2049,catch_585,2.38808169,9.650677876,2.939021915,560647.5502,2265679.994,689991.2361,,,,
2050,catch_585,2.270562872,13.34362022,3.209751662,533057.775,3132668.376,753550.188,,,,
2051,catch_585,2.669833944,17.0276665,2.954775768,626794.2452,3997568.236,693689.7522,,,,
2052,catch_585,2.482432912,11.75519423,3.003755529,582798.2923,2759755.193,705188.6818,,,,
2053,catch_585,2.633676535,11.03798567,2.129086136,618305.6064,2591376.859,499843.4231,,,,
2054,catch_585,2.314314349,11.22617806,2.06396917,543329.2655,2635558.596,484555.9782,,,,
2055,catch_585,2.118601089,13.6608616,2.463022332,497381.8591,3207146.816,578241.2898,,,,
2056,catch_585,2.540570905,15.49993321,2.060066788,596447.2907,3638903.82,483639.8197,,,,
2057,catch_585,2.452469279,17.78567335,1.860299245,575763.7603,4175524.746,436740.5935,,,,
2058,catch_585,2.666874274,17.58144233,1.933733375,626099.4065,4127577.634,453980.6507,,,,
2059,catch_585,3.593724478,14.32754004,2.078958274,843695.1019,3363662.248,488074.955,,,,
2060,catch_585,3.656762285,15.25453665,2.112209347,858494.4248,3581292.315,495881.2762,,,,
2061,catch_585,3.7993896,12.59426259,2.420579053,891978.8969,2956742.434,568276.9237,,,,
2062,catch_585,3.412651724,16.36188447,1.860833352,801184.8326,3841263.254,436865.9852,,,,
2063,catch_585,3.223633925,16.56700505,2.607066182,756809.3129,3889419.208,612058.3204,,,,
2064,catch_585,3.811768289,21.0061171,2.947217106,894885.0295,4931585.106,691915.2128,,,,
2065,catch_585,3.836048468,17.74546494,3.749913996,900585.2629,4166085.059,880363.5588,,,,
2066,catch_585,3.373133319,14.5702998,2.768298462,791907.1361,3420654.715,649910.6616,,,,
2067,catch_585,2.934072971,13.24694003,3.289921239,688829.3773,3109970.863,772371.5194,,,,
2068,catch_585,3.221720355,15.35960975,2.82628161,756360.0659,3605960.221,663523.3073,,,,
2069,catch_585,3.18837796,14.89251606,2.801719314,748532.3053,3496301.103,657756.8417,,,,
2070,catch_585,3.109292901,12.35018303,2.415391207,729965.585,2899440.12,567058.9783,,,,
2071,catch_585,3.517025322,13.11435993,3.010914193,825688.5179,3078845.167,706869.3142,,,,
2072,catch_585,2.81254574,10.45535313,3.606074549,660298.5509,2454592.8,846594.5159,,,,
2073,catch_585,3.418957286,12.10369774,4.371982834,802665.1831,2841573.015,1026406.038,,,,
2074,catch_585,2.357319505,10.41348266,2.995729407,553425.543,2444762.912,703304.3971,,,,
2075,catch_585,2.274029057,11.88055424,3.187578267,533871.5278,2789185.839,748344.5621,,,,
2076,catch_585,1.987593197,16.63101385,3.359863761,466625.2672,3904446.492,788791.8554,,,,
2077,catch_585,2.124818298,11.82380288,3.098486785,498841.4669,2775862.378,727428.6441,,,,
2078,catch_585,2.132056217,11.02721072,3.282529609,500540.7059,2588847.235,770636.1938,,,,
2079,catch_585,2.925768854,16.57537762,3.010079082,686879.8282,3891384.829,706673.2561,,,,
2080,catch_585,3.23151151,18.1570752,2.924827112,758658.7257,4262718.388,686658.7362,,,,
2081,catch_585,2.987254417,12.11629695,3.15007024,701314.7322,2844530.919,739538.8401,,,,
2082,catch_585,3.158291741,12.44875297,3.06818248,741468.9936,2922581.286,720314.1325,,,,
2083,catch_585,3.764228981,14.69248196,3.259454662,883724.2737,3449339.296,765218.9116,,,,
2084,catch_585,4.377370995,12.39401449,3.925230674,1027671.011,2909730.388,921522.4802,,,,
2085,catch_585,3.298669348,13.19350025,3.25894187,774425.3042,3097424.861,765098.5238,,,,
2086,catch_585,3.165600432,16.04483788,3.441336798,743184.8478,3766830.543,807919.1988,,,,
2087,catch_585,2.538527781,16.43637088,3.824366139,595967.6285,3858750.356,897842.6141,,,,
2088,catch_585,2.497221871,13.42407322,3.785863258,586270.2814,3151556.245,888803.3312,,,,
2089,catch_585,3.226450668,14.38444047,4.297791872,757470.5968,3377020.705,1008988.3,,,,
2090,catch_585,2.709329924,19.33732616,4.946081548,636066.6769,4539804.725,1161186.619,,,,
2091,catch_585,2.899310048,18.68770275,3.634730602,680668.1206,4387293.286,853322.0687,,,,
2092,catch_585,3.897382488,19.12946611,3.132528603,914984.5893,4491005.629,735420.6076,,,,
2093,catch_585,3.820937002,14.08269098,2.774640423,897037.559,3306179.279,651399.5574,,,,
2094,catch_585,3.71424598,18.89307731,3.412659636,871989.8144,4435508.866,801186.6901,,,,
2095,catch_585,3.320191832,18.027313,3.010777249,779478.1161,4232254.246,706837.1641,,,,
2096,catch_585,2.427693134,14.40413882,3.285010727,569947.0893,3381645.268,771218.6834,,,,
2097,catch_585,2.309346359,11.10003482,2.456145359,542162.9354,2605944.075,576626.7898,,,,
2098,catch_585,2.676268409,12.3962594,2.601762159,628304.8581,2910257.422,610813.1004,,,,
2099,catch_585,2.940418239,14.28692412,3.235694034,690319.0495,3354126.89,759640.6526,,,,
,,,,,,,,,,,
,,,,,,,,,,,
,,,,,,,,,,,
,,,,,,,,,,,
,,,,,,,,,,,
,,,,,,,,,,,
,,,,,,,,,,,
