"","tstep","year","month","prod_PhL","prod_PhS"
"1",1,1980,1,4.0352814243519,5.47166211383647
"2",2,1980,2,5.54489335420225,5.94221147625686
"3",3,1980,3,15.8889031392363,17.7773134513327
"4",4,1980,4,54.182799728783,30.6057729827511
"5",5,1980,5,48.7251658376281,37.3834325823989
"6",6,1980,6,34.8683469575357,35.6671112563014
"7",7,1980,7,34.2827063196261,34.6835820855681
"8",8,1980,8,30.2703221425792,33.6745427372293
"9",9,1980,9,28.6407553888019,32.7756672871014
"10",10,1980,10,15.3667280561428,21.4291992048579
"11",11,1980,11,2.85201601797527,4.71175831157345
"12",12,1980,12,0.73701443736721,1.43896937937983
"13",13,1981,1,1.42608296646497,2.59628943679533
"14",14,1981,2,2.26029324766079,4.62556603378504
"15",15,1981,3,7.05544818754633,12.8153868054018
"16",16,1981,4,27.2273264474925,28.9563887515126
"17",17,1981,5,27.1878858452968,37.6675336798179
"18",18,1981,6,25.0677546526697,40.1494838664879
"19",19,1981,7,18.951339651561,35.6433610175273
"20",20,1981,8,23.2329925901072,36.1646499584391
"21",21,1981,9,20.1834866869349,30.3293450952716
"22",22,1981,10,9.59320050459752,19.5977517558129
"23",23,1981,11,1.71542247423587,4.82527647159354
"24",24,1981,12,0.258566504380068,1.09150678947407
"25",25,1982,1,0.878222695266552,2.22722400029181
"26",26,1982,2,2.24539629007142,5.61902800540709
"27",27,1982,3,7.34541354690912,13.5629216524139
"28",28,1982,4,11.8863980027417,26.4835282521034
"29",29,1982,5,29.723282000139,39.8371770285222
"30",30,1982,6,30.0677709896343,42.7358679132922
"31",31,1982,7,21.1196146379093,35.6391044324889
"32",32,1982,8,23.4839527445383,35.308870601763
"33",33,1982,9,21.2868004134415,30.4515974285542
"34",34,1982,10,13.1859873421332,21.2973602702593
"35",35,1982,11,1.99471413666546,4.6523238335868
"36",36,1982,12,0.261888172158811,0.982657125399156
"37",37,1983,1,0.828349992029875,2.00550186925219
"38",38,1983,2,2.20478417648278,4.76848919208254
"39",39,1983,3,10.1909873480565,14.26437643745
"40",40,1983,4,15.9709705293514,25.6162820693915
"41",41,1983,5,22.0619009453979,36.2677041527377
"42",42,1983,6,24.4817690020099,39.6378675571335
"43",43,1983,7,24.9376308840596,37.9823801039258
"44",44,1983,8,27.0280216358315,36.7511337388916
"45",45,1983,9,22.5118650489679,30.6998161923373
"46",46,1983,10,12.5557177107761,21.1489744598206
"47",47,1983,11,2.57818643531095,6.03647610077106
"48",48,1983,12,0.735185367097953,1.77727681682788
"49",49,1984,1,0.79185605862341,1.83781769598037
"50",50,1984,2,3.40160360719828,6.95880361835505
"51",51,1984,3,9.18754773014294,16.0364517247114
"52",52,1984,4,11.4440616050342,24.8567310317952
"53",53,1984,5,44.6471122034276,42.6166418215266
"54",54,1984,6,30.2878224326555,40.385097831897
"55",55,1984,7,23.9150050509524,35.1911649560193
"56",56,1984,8,25.3458889193619,34.4181979141673
"57",57,1984,9,27.9926916052969,35.2002079780575
"58",58,1984,10,14.0477203679379,21.7570380194119
"59",59,1984,11,2.24525344634576,5.23821792538489
"60",60,1984,12,0.678560667811157,1.52197738819008
"61",61,1985,1,1.31679466096289,2.54860195681898
"62",62,1985,2,4.74072624694417,9.34985372945704
"63",63,1985,3,7.53009776128336,14.0427825645284
"64",64,1985,4,25.9025895683934,28.3319415407582
"65",65,1985,5,29.0760887371385,36.7364398757396
"66",66,1985,6,27.3657954233773,39.9883120962488
"67",67,1985,7,29.8335179243603,38.7948879347535
"68",68,1985,8,27.939318937281,35.9169120460329
"69",69,1985,9,24.4430317491178,31.8176955973669
"70",70,1985,10,11.8719827411711,19.2933866410882
"71",71,1985,11,2.68098759599303,5.19492719398553
"72",72,1985,12,0.865914143129311,1.88947984154896
"73",73,1986,1,1.31473125312187,2.55211282326197
"74",74,1986,2,3.1934556841316,6.1925558450545
"75",75,1986,3,7.7353810183066,13.3634244072243
"76",76,1986,4,19.2875664405846,26.5349473155203
"77",77,1986,5,36.6753492026481,42.7342718879031
"78",78,1986,6,21.7044680161831,37.3622388689241
"79",79,1986,7,24.0110847684233,37.8431733640872
"80",80,1986,8,22.6344341072902,31.2757670487601
"81",81,1986,9,24.1106214563689,31.3112179567746
"82",82,1986,10,8.62618746905678,17.1930695892924
"83",83,1986,11,3.94585634461229,7.54704368960141
"84",84,1986,12,0.935703360766695,1.81915367816785
"85",85,1987,1,1.38796265604661,2.77904394791753
"86",86,1987,2,3.14446292788354,6.40817165972452
"87",87,1987,3,7.35829627288768,12.078610892047
"88",88,1987,4,23.7232184808896,23.5943634147291
"89",89,1987,5,24.6095453755798,34.9224320234355
"90",90,1987,6,27.8135012450608,40.536851235944
"91",91,1987,7,26.2975814423841,39.3474939455384
"92",92,1987,8,26.5954149109025,34.0682915678615
"93",93,1987,9,28.7285833687792,34.3271467063677
"94",94,1987,10,15.5199107820928,21.4917074646224
"95",95,1987,11,3.69916155694149,6.41679128419393
"96",96,1987,12,0.998614236144442,2.09740209461734
"97",97,1988,1,0.682524207221191,1.32127028944421
"98",98,1988,2,2.52810881122904,5.15199718616586
"99",99,1988,3,9.36259673405135,14.8598551976592
"100",100,1988,4,22.5566318576716,23.7417438133758
"101",101,1988,5,24.9556009178378,34.9320125004198
"102",102,1988,6,27.1112562198258,40.1499416200582
"103",103,1988,7,24.9260093006661,36.9683664308177
"104",104,1988,8,24.0528331313578,32.6465515635909
"105",105,1988,9,20.7346246070227,28.3785424822193
"106",106,1988,10,11.2470302989587,18.6896160089181
"107",107,1988,11,3.56753707622258,5.81474162800538
"108",108,1988,12,0.420836569911531,0.891065498091885
"109",109,1989,1,0.707366817172135,1.35868403763156
"110",110,1989,2,4.50318355270519,7.97936150815199
"111",111,1989,3,10.5731320390501,17.1315273316395
"112",112,1989,4,21.1205713336987,24.553272900634
"113",113,1989,5,28.7093887228192,37.0536235777903
"114",114,1989,6,23.4851018989139,37.4963900603756
"115",115,1989,7,19.8093310204091,32.7946671943747
"116",116,1989,8,21.3085036390041,30.2515608712229
"117",117,1989,9,23.6906941193696,31.3086224043939
"118",118,1989,10,11.9718729329568,18.7359428589773
"119",119,1989,11,3.81902349397759,6.58257146406586
"120",120,1989,12,1.07913208543895,2.0605382205359
"121",121,1990,1,0.994293976701617,1.79427234223425
"122",122,1990,2,3.62286329022273,6.78046702348307
"123",123,1990,3,10.7285243973271,15.0086165989447
"124",124,1990,4,17.1800918902643,26.8197387762874
"125",125,1990,5,24.0119380819915,34.5781997890537
"126",126,1990,6,23.6200231295648,37.8033742821052
"127",127,1990,7,24.5113455260379,34.6616024306296
"128",128,1990,8,29.14232071157,34.8973572368651
"129",129,1990,9,25.0922075341476,29.9850079254022
"130",130,1990,10,16.4409376875656,21.5467817950402
"131",131,1990,11,4.31993123169928,7.11404277335141
"132",132,1990,12,1.30325166830262,2.45006225819157
"133",133,1991,1,0.919781613680756,1.62490950638007
"134",134,1991,2,3.29456700552169,5.4004824061425
"135",135,1991,3,12.3454614885751,16.9163907889404
"136",136,1991,4,26.1060266395485,29.434593745888
"137",137,1991,5,32.336407542796,36.9165941146094
"138",138,1991,6,32.7333115822104,38.1183340925975
"139",139,1991,7,35.5183857099966,36.1186354194354
"140",140,1991,8,28.3124897612368,30.8304220491436
"141",141,1991,9,26.4111271343106,28.8882143452253
"142",142,1991,10,18.1260021547927,20.5467995133557
"143",143,1991,11,3.48304475329876,5.6132560498517
"144",144,1991,12,1.23059179894227,1.93942719192823
"145",145,1992,1,1.03170573303393,1.73927669118038
"146",146,1992,2,4.20987433003582,7.312579453354
"147",147,1992,3,10.8137500166876,15.0658037289456
"148",148,1992,4,25.2907836215757,30.4647127601544
"149",149,1992,5,38.1529898470553,39.2487228377256
"150",150,1992,6,28.0029166887264,39.2533411137473
"151",151,1992,7,24.8793203870016,33.3887026480582
"152",152,1992,8,25.4346524460896,31.3886566456071
"153",153,1992,9,25.5059590622004,29.5908245563039
"154",154,1992,10,13.5038566946872,18.0381242753744
"155",155,1992,11,3.73129411606816,5.87826736640275
"156",156,1992,12,0.855034252814344,1.54264373579716
"157",157,1993,1,1.11453195835565,1.92662668550327
"158",158,1993,2,3.27031808492132,5.67844949137636
"159",159,1993,3,10.7838382004772,14.4536213439683
"160",160,1993,4,30.137238052396,29.5782270512794
"161",161,1993,5,35.6198933941847,36.5306890896358
"162",162,1993,6,36.2177686238793,40.8320603543124
"163",163,1993,7,31.3624850851012,36.8665219287652
"164",164,1993,8,29.8718599254981,32.265623722874
"165",165,1993,9,32.4026966321999,30.7817790687222
"166",166,1993,10,19.4210965055141,21.6473501405427
"167",167,1993,11,5.58971048155593,7.91996880406645
"168",168,1993,12,1.25907043398782,2.21750117620493
"169",169,1994,1,1.09578848881063,1.92888101614608
"170",170,1994,2,5.1035890247514,7.56941341077315
"171",171,1994,3,9.61147533392529,13.4517925679003
"172",172,1994,4,26.8379730399926,26.9160867613645
"173",173,1994,5,41.0661976024162,35.4943497536408
"174",174,1994,6,39.0607948662954,42.0980219608057
"175",175,1994,7,30.1880018904229,36.1693997343505
"176",176,1994,8,30.6138604350394,35.29249175633
"177",177,1994,9,28.3985441837721,32.6101014463373
"178",178,1994,10,13.9611328982885,19.2789883281359
"179",179,1994,11,2.83801004913615,4.85827056019854
"180",180,1994,12,0.869130113360609,1.73167093343696
"181",181,1995,1,1.22343403829252,2.26673322586578
"182",182,1995,2,3.05145059559485,5.60313172583534
"183",183,1995,3,9.13552088825875,14.2939594520215
"184",184,1995,4,21.3953470825107,25.6396793475494
"185",185,1995,5,31.5631577684276,33.5273424945786
"186",186,1995,6,32.4721446017703,41.7923334788963
"187",187,1995,7,27.4575435914421,38.2953442030851
"188",188,1995,8,31.0482440653171,34.9684409578199
"189",189,1995,9,22.1803383481918,28.3054977548425
"190",190,1995,10,15.1636375379149,20.1778263329499
"191",191,1995,11,4.64936039987691,7.49057216166029
"192",192,1995,12,0.858093881588615,1.50770696064217
"193",193,1996,1,1.27203381895937,2.12260171739938
"194",194,1996,2,2.91442187936169,5.52214468906031
"195",195,1996,3,15.4960227040006,18.6604565756058
"196",196,1996,4,18.6921398694622,25.9004224739523
"197",197,1996,5,32.8106896545817,37.5718518779376
"198",198,1996,6,26.2375543087567,39.4961149116842
"199",199,1996,7,24.9703014413089,35.8192099058811
"200",200,1996,8,23.5685475887413,33.1615911741217
"201",201,1996,9,24.5116615293133,32.5339372334183
"202",202,1996,10,11.540220488187,18.0826774892414
"203",203,1996,11,2.53797263528732,4.63324126479427
"204",204,1996,12,1.02949239548895,1.83451534510398
"205",205,1997,1,1.13790346093332,2.00219103602699
"206",206,1997,2,2.34030116851497,4.34209893753914
"207",207,1997,3,9.2403449352742,15.9235676985658
"208",208,1997,4,20.3824639721553,24.1402787691231
"209",209,1997,5,32.9030376277745,37.9870081519713
"210",210,1997,6,23.0797909605199,40.4183868844092
"211",211,1997,7,21.5703515125042,36.1895629568201
"212",212,1997,8,20.9024341375877,33.2475943030795
"213",213,1997,9,26.5145608955631,33.6490666582356
"214",214,1997,10,13.0381854471275,20.9992306377533
"215",215,1997,11,2.85561336582869,5.64417814226976
"216",216,1997,12,1.0221047472613,1.97485377635168
"217",217,1998,1,1.14198090000806,1.99092931131137
"218",218,1998,2,3.18680700619368,5.88218701100693
"219",219,1998,3,7.4709568255857,12.4386758892799
"220",220,1998,4,19.3898099986413,25.6900030645262
"221",221,1998,5,26.7232303173542,36.2579303424011
"222",222,1998,6,25.8492947822433,35.6798140008847
"223",223,1998,7,22.3765984069575,34.014509918345
"224",224,1998,8,26.47717587048,34.4517651509015
"225",225,1998,9,26.6266499522112,32.7579765468752
"226",226,1998,10,11.3234942296745,18.4353756075899
"227",227,1998,11,2.68526950428434,5.49979822229204
"228",228,1998,12,0.821810763213879,1.61276444096558
"229",229,1999,1,1.1970631578404,2.24448315713524
"230",230,1999,2,3.42168392769297,7.05429699760345
"231",231,1999,3,7.21295326674069,14.5404985704184
"232",232,1999,4,14.8299951662749,23.3327247909228
"233",233,1999,5,26.565038786158,34.1415548260971
"234",234,1999,6,22.7246918055502,35.6200998005786
"235",235,1999,7,22.0400068801243,35.8039957836939
"236",236,1999,8,22.1717844429841,32.3651323191459
"237",237,1999,9,21.5384938198038,30.1767731399233
"238",238,1999,10,12.1841921929197,18.7066111929389
"239",239,1999,11,3.22610633344911,5.6850287505682
"240",240,1999,12,0.893347169382001,1.72637214108556
"241",241,2000,1,1.17374340606443,2.19723519112248
"242",242,2000,2,2.48204007962256,5.14506858836659
"243",243,2000,3,8.84447982746662,13.3264897353222
"244",244,2000,4,26.8771464336488,27.2083035329147
"245",245,2000,5,29.9483253361071,40.0019480601655
"246",246,2000,6,25.802437787188,37.8556595252662
"247",247,2000,7,28.2749413223364,36.8357240147729
"248",248,2000,8,29.4272183931482,36.5815639059638
"249",249,2000,9,27.9668853729453,33.6962355729474
"250",250,2000,10,11.01059420873,18.2911482876085
"251",251,2000,11,2.85081955811255,5.15990200281023
"252",252,2000,12,0.766399055814739,1.4687085308814
"253",253,2001,1,1.30928483846206,2.07195375707445
"254",254,2001,2,4.21185218525329,6.86811518293044
"255",255,2001,3,12.0064731614887,16.2267989404284
"256",256,2001,4,24.7171936279234,29.1433217001741
"257",257,2001,5,33.9135747932431,43.0839636089845
"258",258,2001,6,32.4053020726472,45.629379861278
"259",259,2001,7,28.1210647773209,36.3506547221821
"260",260,2001,8,29.1643002200254,35.7170094906699
"261",261,2001,9,26.4777419529386,33.4934301355764
"262",262,2001,10,14.2896673893628,21.0089935679758
"263",263,2001,11,2.96560832224078,5.43623158203624
"264",264,2001,12,1.00737208636467,2.04235765074516
"265",265,2002,1,0.987441447125663,1.78982405541002
"266",266,2002,2,3.0598462261617,5.53981418332659
"267",267,2002,3,9.86970305791229,15.0934155291007
"268",268,2002,4,20.8254610067764,26.6139245261599
"269",269,2002,5,28.9829777323077,38.1596182283989
"270",270,2002,6,27.0261457477035,40.6731620249954
"271",271,2002,7,25.8578717830761,37.5768491414061
"272",272,2002,8,25.0648943973752,33.188874000983
"273",273,2002,9,28.0252173807586,32.0196965287986
"274",274,2002,10,14.3428434315303,19.3051256567594
"275",275,2002,11,3.09981641574871,5.46188504687442
"276",276,2002,12,1.54720461594978,2.55271833416585
"277",277,2003,1,1.08559874277478,1.69219436458249
"278",278,2003,2,5.1292760094229,7.12897699416777
"279",279,2003,3,12.9742053314875,17.8507220967627
"280",280,2003,4,23.8639511663034,30.1733980578357
"281",281,2003,5,31.305824151431,40.3799485342103
"282",282,2003,6,28.0427909553041,41.1887772100487
"283",283,2003,7,28.4432774114764,40.1662403263223
"284",284,2003,8,29.007639589198,37.3623570066549
"285",285,2003,9,24.9279972354137,33.763702700988
"286",286,2003,10,9.0312335990282,17.5412052978747
"287",287,2003,11,3.02316159296912,5.75083992743671
"288",288,2003,12,0.951750283115702,2.15534429394233
"289",289,2004,1,1.29873239779124,2.60098533303184
"290",290,2004,2,2.88674115599994,6.15926410161001
"291",291,2004,3,11.7026035789691,17.1224008825222
"292",292,2004,4,20.4457365165601,25.6375529427204
"293",293,2004,5,25.6904617126062,35.340197285207
"294",294,2004,6,26.7414037600675,38.0704656053788
"295",295,2004,7,24.9850326608981,36.7483582525667
"296",296,2004,8,25.8743273453901,35.4432217933838
"297",297,2004,9,20.5694231701602,29.2209471117683
"298",298,2004,10,13.936828553754,20.3813990040582
"299",299,2004,11,2.8385872550569,5.38655348227775
"300",300,2004,12,0.865480581920547,1.81030600584997
"301",301,2005,1,0.989798586292961,1.8291930955276
"302",302,2005,2,3.53149968363684,6.88449972768784
"303",303,2005,3,11.0075464648826,15.2568768667048
"304",304,2005,4,21.8076678410257,27.9168660525506
"305",305,2005,5,27.6381241651541,37.8710011131679
"306",306,2005,6,29.5122459585535,42.3047368435253
"307",307,2005,7,26.9691898370216,39.1204977693274
"308",308,2005,8,27.2580105376166,35.9421879549881
"309",309,2005,9,29.5985916331581,33.6719177281754
"310",310,2005,10,13.6587864502438,21.015864957036
"311",311,2005,11,2.86220485275005,5.36355742217805
"312",312,2005,12,0.623964425178317,1.38921548137606
"313",313,2006,1,1.28199753866285,2.3813450180654
"314",314,2006,2,3.4864474681568,6.89737394613205
"315",315,2006,3,8.75609839387218,14.9245768841693
"316",316,2006,4,22.2344580883031,27.3518828795911
"317",317,2006,5,30.2586467495001,39.9304785989227
"318",318,2006,6,29.203700467989,40.5574630144599
"319",319,2006,7,25.2887547729574,37.8841440185316
"320",320,2006,8,28.1394476181249,36.4222551686516
"321",321,2006,9,27.4169224812497,33.8324480486667
"322",322,2006,10,13.0692033085132,18.5819957003114
"323",323,2006,11,4.35376681984595,7.45972216355123
"324",324,2006,12,0.992025811615474,2.20878148908727
"325",325,2007,1,1.1784858137077,2.28591934976769
"326",326,2007,2,3.11715597360633,6.18883062941294
"327",327,2007,3,7.87553609672656,13.953551692145
"328",328,2007,4,13.2768670339569,20.9207041250183
"329",329,2007,5,34.3438233541656,34.3490545518196
"330",330,2007,6,35.6925228308968,39.0985683403044
"331",331,2007,7,29.3148612670686,39.7200640933309
"332",332,2007,8,26.9569846259983,34.379153347421
"333",333,2007,9,24.8826236688763,30.4038131366411
"334",334,2007,10,13.8400981330571,20.5350665313933
"335",335,2007,11,3.29048063135972,6.08886963946286
"336",336,2007,12,0.938773219000902,1.78071777738168
"337",337,2008,1,1.17386259017273,2.03154653782746
"338",338,2008,2,2.98853543153657,5.46079159760832
"339",339,2008,3,8.79093780034925,13.8860278447262
"340",340,2008,4,22.4843919197575,25.9231013227876
"341",341,2008,5,26.5212669976166,34.8157118898504
"342",342,2008,6,31.8193366395996,40.2096286491158
"343",343,2008,7,30.9436414553256,39.8274168150282
"344",344,2008,8,27.7208481912051,36.8654990602112
"345",345,2008,9,21.7281555004475,30.0420501513108
"346",346,2008,10,15.1089160734852,21.4934010385599
"347",347,2008,11,3.68068267964868,6.6946567864499
"348",348,2008,12,0.722815061750913,1.44230572542976
"349",349,2009,1,1.18364081074105,2.09472843839733
"350",350,2009,2,3.59597747069051,6.9607246444719
"351",351,2009,3,8.73066293718043,13.8749717289678
"352",352,2009,4,17.187293012237,24.4413819689883
"353",353,2009,5,39.479459929247,39.2254421443775
"354",354,2009,6,26.9984257744564,41.1846448141506
"355",355,2009,7,22.8164400354052,35.1240481909532
"356",356,2009,8,31.0360205803274,37.0142827979265
"357",357,2009,9,21.801269230588,30.3771704577282
"358",358,2009,10,10.6604967697641,17.0923749718468
"359",359,2009,11,3.29556869280315,5.48721974646205
"360",360,2009,12,0.595928892099985,1.17069861371727
"361",361,2010,1,1.22975880758368,2.01180108866535
"362",362,2010,2,3.25944341205413,6.07455439642311
"363",363,2010,3,8.80154936657186,15.1654794330415
"364",364,2010,4,19.078513712653,25.6412010105959
"365",365,2010,5,32.7868451133823,36.778752031547
"366",366,2010,6,33.9463474182116,42.776769928981
"367",367,2010,7,28.2097417755923,37.8839408777454
"368",368,2010,8,32.0832736052932,36.5083442918211
"369",369,2010,9,25.1780242586452,32.4290250364424
"370",370,2010,10,14.4898560577887,23.1104696823765
"371",371,2010,11,3.45221458516064,6.5225068007504
"372",372,2010,12,1.21141837159847,2.50454641195471
"373",373,2011,1,-0.244779458293826,-0.367802901779235
"374",374,2011,2,0.260818143656976,0.600531117000091
"375",375,2011,3,7.62982842098646,10.8528430546815
"376",376,2011,4,19.1391799894597,23.362845650644
"377",377,2011,5,23.4156652648586,35.4146319772182
"378",378,2011,6,26.9751368994172,38.0128623473781
"379",379,2011,7,30.2404723589928,41.4456222367091
"380",380,2011,8,30.1896936096755,39.7591240868837
"381",381,2011,9,23.4093006192108,33.8862378990999
"382",382,2011,10,12.11386855134,20.840542615968
"383",383,2011,11,3.68459549152622,6.98279915699339
"384",384,2011,12,1.01723362687039,2.12476555424667
"385",385,2012,1,1.42141227780654,2.84410980316478
"386",386,2012,2,2.61444053701017,5.53359310639788
"387",387,2012,3,8.64844505173172,15.4057413364273
"388",388,2012,4,18.8798594730741,27.2961032568994
"389",389,2012,5,28.1133517634894,36.6033018690877
"390",390,2012,6,31.4869201377422,44.8236143078967
"391",391,2012,7,29.9528142356695,40.1573623567921
"392",392,2012,8,28.9109505100662,38.2815859682942
"393",393,2012,9,27.6306550358877,32.309885970862
"394",394,2012,10,10.472791694886,16.4966658678875
"395",395,2012,11,2.93570737824535,5.54133815991189
"396",396,2012,12,1.05081414717223,2.14997306963951
"397",397,2013,1,0.869703002158875,1.77360123948088
"398",398,2013,2,3.34314550781899,6.29565513937085
"399",399,2013,3,11.6075795922025,16.5932525816238
"400",400,2013,4,19.8150757408437,28.0323148651162
"401",401,2013,5,23.8678101359225,36.4333684653356
"402",402,2013,6,26.1432262503092,41.6472218227055
"403",403,2013,7,28.6864071490214,41.0318598003141
"404",404,2013,8,26.0591362042683,36.2172907905525
"405",405,2013,9,29.2621595295244,35.1699153526028
"406",406,2013,10,11.8122556276244,17.6615338551772
"407",407,2013,11,4.70670416875874,7.54640091428986
"408",408,2013,12,0.758418545264241,1.56720408076989
"409",409,2014,1,1.0622101318216,1.986732648882
"410",410,2014,2,3.68074930474386,6.12079487737497
"411",411,2014,3,13.6585655967248,16.3268936444789
"412",412,2014,4,24.5295384224854,30.589083780459
"413",413,2014,5,38.5947910521083,41.7485561480224
"414",414,2014,6,28.7507592088599,43.473167584488
"415",415,2014,7,27.887243226747,43.1811216298858
"416",416,2014,8,27.3392231804634,40.0147432239416
"417",417,2014,9,27.7362565579818,35.8864886747819
"418",418,2014,10,11.3920387726222,21.2881328774055
"419",419,2014,11,2.91194945438963,5.97128525493446
"420",420,2014,12,0.971842789225022,2.02885725820904
"421",421,2015,1,1.44620291229191,2.60319313058286
"422",422,2015,2,3.41751151734347,6.33985895582014
"423",423,2015,3,11.397382841988,16.0257164302152
"424",424,2015,4,19.3504696524224,28.3056758933246
"425",425,2015,5,21.4544926920567,33.8430787070822
"426",426,2015,6,27.5666374345014,43.3605097575349
"427",427,2015,7,24.4717691118183,40.6307209793956
"428",428,2015,8,26.4613290312758,39.9630992422024
"429",429,2015,9,26.6772179654915,35.5851109062219
"430",430,2015,10,10.8490238944619,19.7927428710698
"431",431,2015,11,3.20466677597151,6.84174487140927
"432",432,2015,12,0.8469607331692,1.95639109275746
"433",433,2016,1,1.15526349752083,2.16270677704956
"434",434,2016,2,3.99415320812944,6.83665318297119
"435",435,2016,3,13.6903923275954,17.7974662715783
"436",436,2016,4,23.9856273322686,29.0531038440175
"437",437,2016,5,26.9608989878214,39.407213278884
"438",438,2016,6,28.0450613209915,44.7338787552009
"439",439,2016,7,29.6145630636158,44.6003137869516
"440",440,2016,8,29.2285347533723,39.4029247550852
"441",441,2016,9,29.296840894245,37.8629494266391
"442",442,2016,10,11.7552259552755,20.9704876137948
"443",443,2016,11,3.71947401478282,7.66197801031744
"444",444,2016,12,1.11057677679532,2.4508342545212
"445",445,2017,1,1.35657371458721,2.96708740515155
"446",446,2017,2,3.96523106398438,8.58455327700221
"447",447,2017,3,9.65578827134266,16.9982102105479
"448",448,2017,4,17.0757848334298,26.3056864351927
"449",449,2017,5,28.192236447256,38.8269574091474
"450",450,2017,6,25.4502816807078,41.1647673748948
"451",451,2017,7,25.2543133886755,40.262064627086
"452",452,2017,8,23.5595570861136,35.8675444655305
"453",453,2017,9,24.4921769681021,32.2874923699398
"454",454,2017,10,14.1418247315353,21.193943110246
"455",455,2017,11,4.60505240308147,8.51636275949967
"456",456,2017,12,0.731422171228965,1.76105526921382
"457",457,2018,1,1.27298687424067,2.40341220934789
"458",458,2018,2,3.39077922289168,6.42880527501181
"459",459,2018,3,11.8708215378801,18.496890950566
"460",460,2018,4,19.1068470215493,29.5443252276085
"461",461,2018,5,26.1097796952166,37.4679056841144
"462",462,2018,6,25.8794421354034,39.2153673454041
"463",463,2018,7,24.7117960478752,35.6526734748853
"464",464,2018,8,35.6896070779902,41.3686345259102
"465",465,2018,9,25.6022650019918,33.7083489254457
"466",466,2018,10,16.1757482796934,23.9992943132335
"467",467,2018,11,3.69922012279204,7.08418838943232
"468",468,2018,12,1.12405385698507,2.19502061716334
"469",469,2019,1,1.07693483482672,2.15027394280897
"470",470,2019,2,3.92270498340191,7.08809933256402
"471",471,2019,3,13.4364648877228,17.7484276598661
"472",472,2019,4,30.6322821002016,30.3611136121466
"473",473,2019,5,25.3915113693834,39.0738388714623
"474",474,2019,6,29.1628101282151,43.7252661102156
"475",475,2019,7,27.702507291258,41.1582388660527
"476",476,2019,8,31.9961541628086,39.168198915065
"477",477,2019,9,32.3170386378603,36.5987581643436
"478",478,2019,10,15.9259448302015,23.2051100506688
"479",479,2019,11,2.73101391518764,5.64333635124444
"480",480,2019,12,1.08094639158504,2.08946232488496
"481",481,2020,1,1.39450156550358,2.6650143174126
"482",482,2020,2,3.49284538535172,6.94049213506038
"483",483,2020,3,14.1762150095583,18.3645072418294
"484",484,2020,4,18.7574477065628,27.1302445324739
"485",485,2020,5,26.5920803899158,37.438963937273
"486",486,2020,6,27.2519153459198,41.630176618773
"487",487,2020,7,27.9588836231574,40.8628175128348
"488",488,2020,8,30.0029316333052,38.2785849024925
"489",489,2020,9,35.6886135651453,37.4628501429393
"490",490,2020,10,14.1288028703361,21.8789057464182
"491",491,2020,11,3.92754941423558,7.08118800847019
"492",492,2020,12,1.00578821996592,1.9485282435815
"493",493,2021,1,1.18571487263997,2.07506303548065
"494",494,2021,2,3.22157073460448,6.10627667069465
"495",495,2021,3,9.68820107751672,15.2224309129727
"496",496,2021,4,17.0136001030694,25.0385052186285
"497",497,2021,5,44.0737407836017,40.41558543265
"498",498,2021,6,38.186496662254,45.1495451559013
"499",499,2021,7,33.3236218819454,42.6602988445393
"500",500,2021,8,32.4858082725335,38.4837284978343
"501",501,2021,9,31.3980812344152,36.5059178114246
"502",502,2021,10,13.6917915727745,20.5598686395933
"503",503,2021,11,2.80862012242002,5.37641048145454
"504",504,2021,12,0.714853984299541,1.22456349383903
"505",505,2022,1,0.879255337763655,1.53555186040281
"506",506,2022,2,2.16500352078968,4.19867460020055
"507",507,2022,3,9.38570292577794,16.2564277953946
"508",508,2022,4,18.6519407842569,25.8989626841526
"509",509,2022,5,21.0993674633376,34.1511400760548
"510",510,2022,6,24.4908430200804,41.2417578639
"511",511,2022,7,24.8757284877072,39.3059044944619
"512",512,2022,8,26.5684124757978,36.3052137961262
"513",513,2022,9,25.1920139617548,32.6495630157834
"514",514,2022,10,15.3882359630259,20.672381025293
"515",515,2022,11,3.6695463059195,6.99447540027285
"516",516,2022,12,0.81319082838786,1.87096420141379
"517",517,2023,1,0.818122088005111,1.52412190351995
"518",518,2023,2,1.54516259138473,3.30619280392318
"519",519,2023,3,8.6039233056654,13.4703878372171
"520",520,2023,4,16.1516403251485,26.5639561539466
"521",521,2023,5,28.0728534500081,37.157640075732
"522",522,2023,6,26.9410002379086,38.6481204562028
"523",523,2023,7,29.512496538067,39.5825830325688
"524",524,2023,8,26.945274641245,35.386814094082
"525",525,2023,9,27.0114337227308,32.5608787807925
"526",526,2023,10,15.6172037759755,21.522321284801
"527",527,2023,11,4.33945081002109,6.98443285739645
"528",528,2023,12,0.642562493983358,1.456508196614
"529",529,2024,1,0.761842304059484,1.57935355386093
"530",530,2024,2,2.50299423419353,4.68646506519918
"531",531,2024,3,11.8731665458628,16.3640290719808
"532",532,2024,4,22.1056079060869,33.193958994519
"533",533,2024,5,36.058524891234,44.3078872892362
"534",534,2024,6,30.1583314554811,42.4906521855679
"535",535,2024,7,30.9549293451086,38.9618490291931
"536",536,2024,8,32.2043316760801,37.8894575373119
"537",537,2024,9,36.1697761051324,38.7016595689963
"538",538,2024,10,16.9948967267251,22.5995390968879
"539",539,2024,11,2.38833223800447,5.48038078727178
"540",540,2024,12,0.755690940963694,1.64024431931488
"541",541,2025,1,1.14195089196564,2.14025688871757
"542",542,2025,2,3.09923287749109,6.46587493708526
"543",543,2025,3,11.1215333753406,15.6463865234449
"544",544,2025,4,14.0871719868452,25.4234524307365
"545",545,2025,5,38.8455779479807,43.2322859298338
"546",546,2025,6,30.1160051189938,43.9541739083577
"547",547,2025,7,34.1419064055711,46.3379918070352
"548",548,2025,8,28.6311536235161,37.5999037091484
"549",549,2025,9,28.026108862399,33.7202524947305
"550",550,2025,10,15.0965031271765,21.784005794802
"551",551,2025,11,3.41773818381742,6.56960572680514
"552",552,2025,12,0.796410889849221,1.71543945369492
"553",553,2026,1,1.01641474474742,1.93098253596381
"554",554,2026,2,3.13018461319233,5.85473899813279
"555",555,2026,3,9.6234174999193,14.1880889130283
"556",556,2026,4,22.0439248064617,27.8234116728855
"557",557,2026,5,28.1651817440243,39.0448521256097
"558",558,2026,6,33.5878956114529,45.160183299279
"559",559,2026,7,33.6597679558575,42.5519823042106
"560",560,2026,8,29.2512640730074,37.6288549147667
"561",561,2026,9,34.0617109983706,37.0131623564557
"562",562,2026,10,17.1919384096888,21.6244993894627
"563",563,2026,11,2.62128102505061,5.17066765371105
"564",564,2026,12,0.752766002222894,1.58960401535056
"565",565,2027,1,0.853534565586099,1.44790825585041
"566",566,2027,2,4.01448513503052,7.34498645616243
"567",567,2027,3,12.2258454303774,17.0410295650375
"568",568,2027,4,21.6597768927284,30.9432043501828
"569",569,2027,5,46.1787659486411,44.1299575955481
"570",570,2027,6,35.372060014541,48.0495707515514
"571",571,2027,7,31.8005230879518,43.3755027475708
"572",572,2027,8,30.5776167789845,38.0278793583332
"573",573,2027,9,28.324145088381,33.5083060232484
"574",574,2027,10,18.2452410902667,22.5047718697548
"575",575,2027,11,2.32687313486387,4.65046947404856
"576",576,2027,12,1.03735107384193,2.1180140514677
"577",577,2028,1,0.853682717698782,1.50285327063687
"578",578,2028,2,3.00599321683941,5.78571428909432
"579",579,2028,3,8.86731530054848,13.6199686462709
"580",580,2028,4,25.7348717203537,28.6471770681804
"581",581,2028,5,27.8887882611434,39.2531370871203
"582",582,2028,6,37.7043163609651,46.0705569992828
"583",583,2028,7,32.6564498644964,40.7028017616522
"584",584,2028,8,37.6906090868358,42.4701265452203
"585",585,2028,9,28.7342518618082,34.2461125576404
"586",586,2028,10,11.0918500515064,19.6216881685567
"587",587,2028,11,3.48181705927517,6.25070112901542
"588",588,2028,12,1.23002807720622,2.25362909399349
"589",589,2029,1,1.45776849369383,2.48847594384462
"590",590,2029,2,3.01783087543649,5.95809288976332
"591",591,2029,3,6.54698616242117,11.4724620385487
"592",592,2029,4,21.259989891675,23.8398085651173
"593",593,2029,5,29.7238469798383,37.9145062760154
"594",594,2029,6,33.3398599903502,41.4773215096525
"595",595,2029,7,26.4674372467009,36.914077142833
"596",596,2029,8,26.2382053815598,35.5119804449667
"597",597,2029,9,26.1662108066453,33.576595869601
"598",598,2029,10,14.2875954062828,20.2646465419541
"599",599,2029,11,4.15461738099549,6.74671727127006
"600",600,2029,12,0.830694870792487,1.73418632749673
"601",601,2030,1,0.847705333352766,1.52234508349019
"602",602,2030,2,2.61781571936307,4.72908668158834
"603",603,2030,3,14.1904971479718,16.5344988687452
"604",604,2030,4,21.7304137037247,30.8519444661614
"605",605,2030,5,20.2546869998939,35.5710678951397
"606",606,2030,6,26.8586503898744,42.2031177825104
"607",607,2030,7,24.9293259814988,37.5348867517102
"608",608,2030,8,29.2806357814079,37.8625227012247
"609",609,2030,9,26.0969990387339,33.5087059651575
"610",610,2030,10,15.274020434086,21.8063542268331
"611",611,2030,11,2.98327782898467,6.05710378715987
"612",612,2030,12,0.823766976137366,1.69633460518154
"613",613,2031,1,0.802372079774945,1.45045510520178
"614",614,2031,2,3.26070333768707,6.21177485732272
"615",615,2031,3,10.6984748974796,17.763453456161
"616",616,2031,4,20.3969307737222,27.3030827224537
"617",617,2031,5,30.3981294903041,38.7829839993957
"618",618,2031,6,45.044836188438,45.9676137690372
"619",619,2031,7,24.168312293763,34.1393297528395
"620",620,2031,8,28.3805265476421,36.0977429415201
"621",621,2031,9,27.6990686244322,33.3107193367705
"622",622,2031,10,17.953216261505,22.282041330431
"623",623,2031,11,4.48626251335327,6.94267828591477
"624",624,2031,12,1.11060781673777,2.16607605569664
"625",625,2032,1,0.811234493219456,1.5158517284777
"626",626,2032,2,2.43839133639499,4.67548703697207
"627",627,2032,3,14.2254366416792,15.1660748817449
"628",628,2032,4,25.0600748669311,30.4587539411147
"629",629,2032,5,40.998980781486,43.9629027551337
"630",630,2032,6,31.7655590018308,41.6290510947486
"631",631,2032,7,31.9015632119307,39.3111976892544
"632",632,2032,8,33.9013039303639,38.2879786579095
"633",633,2032,9,24.1308762564849,29.6823894459918
"634",634,2032,10,18.6418031273488,22.1979752414577
"635",635,2032,11,3.19293095806577,5.59845974917673
"636",636,2032,12,0.85569284485177,1.78953563501913
"637",637,2033,1,1.1699525929906,2.14038572173016
"638",638,2033,2,2.71955570300851,5.51114796200726
"639",639,2033,3,9.53018218192227,14.3579640505614
"640",640,2033,4,17.2116744882393,24.8173557924995
"641",641,2033,5,35.9712899447157,39.3238827811397
"642",642,2033,6,32.9528166120484,41.7090219945812
"643",643,2033,7,33.0464956318861,44.028538608784
"644",644,2033,8,32.0572196137033,40.880679416204
"645",645,2033,9,24.9231276961352,32.6628796957833
"646",646,2033,10,14.0527648181458,21.2609807513163
"647",647,2033,11,2.77138685878663,5.74344889295047
"648",648,2033,12,0.535525068846105,1.03119951783169
"649",649,2034,1,0.992979495958919,1.71457394198665
"650",650,2034,2,2.83671504782146,5.629369298335
"651",651,2034,3,10.4971242186183,14.8510524658466
"652",652,2034,4,14.2748491104078,24.5661110168509
"653",653,2034,5,30.9571591382332,36.4969363244615
"654",654,2034,6,30.0417732927912,43.3438785429798
"655",655,2034,7,25.07429568953,37.2377732323492
"656",656,2034,8,25.3442306572135,34.0000480852407
"657",657,2034,9,22.670592376191,30.6121818475511
"658",658,2034,10,11.1070259701849,18.4769679941577
"659",659,2034,11,3.24287098839078,6.18385843973476
"660",660,2034,12,0.96841458903067,1.79862585021852
"661",661,2035,1,1.13402183204737,2.01039304535229
"662",662,2035,2,1.87156383084581,3.60725822348623
"663",663,2035,3,11.467204743422,17.0119562422457
"664",664,2035,4,18.5368198965525,32.6112431806332
"665",665,2035,5,35.7596131983454,41.5610551280648
"666",666,2035,6,27.6980288389134,39.766116190102
"667",667,2035,7,27.8033678107034,39.9328010456108
"668",668,2035,8,29.0448883445,38.2566394357101
"669",669,2035,9,29.753871240484,34.3384220311065
"670",670,2035,10,15.619369163593,21.3466131345184
"671",671,2035,11,3.75087500085006,7.19810609879353
"672",672,2035,12,1.11947569121521,2.24217965864869
"673",673,2036,1,0.798122776515563,1.40938734616341
"674",674,2036,2,3.88595813861269,7.70262689111798
"675",675,2036,3,8.52327587915778,14.3559315623768
"676",676,2036,4,28.5835945413673,33.6938722551179
"677",677,2036,5,26.4782138153279,38.8207150781815
"678",678,2036,6,34.2316955759772,43.0523226144854
"679",679,2036,7,29.5562123892852,39.875728784424
"680",680,2036,8,28.6750114805783,37.5690588745094
"681",681,2036,9,28.0119094494937,34.0278989054305
"682",682,2036,10,15.3048520140249,22.3012253956392
"683",683,2036,11,3.73345013269955,6.65209842046614
"684",684,2036,12,1.26455860719925,2.4169634238116
"685",685,2037,1,0.940977613265546,1.89408511860366
"686",686,2037,2,3.17227402940343,6.59618654264053
"687",687,2037,3,10.4890255007828,15.3668194300523
"688",688,2037,4,17.0223002725037,28.6671901677647
"689",689,2037,5,26.3531268400199,39.2054186726427
"690",690,2037,6,24.5775439337428,42.3796934082257
"691",691,2037,7,26.6831443847594,41.5048132764222
"692",692,2037,8,33.2392430757479,42.6438034865873
"693",693,2037,9,30.2968492793776,35.8906667669297
"694",694,2037,10,13.9949209379382,21.0669730757843
"695",695,2037,11,4.65640142062661,8.06892472691794
"696",696,2037,12,1.01329455134784,2.2875751740795
"697",697,2038,1,0.823358471702237,1.68516474813348
"698",698,2038,2,2.86798762347339,5.76509786707499
"699",699,2038,3,14.0064191696476,17.2159241988237
"700",700,2038,4,14.6867196685897,27.0525344814279
"701",701,2038,5,34.4762488689118,41.4326321359858
"702",702,2038,6,35.2268673484199,43.6969279746402
"703",703,2038,7,29.4551377297776,38.2869922100229
"704",704,2038,8,28.3858924661981,36.8153741746349
"705",705,2038,9,28.9897772229527,34.3242034892957
"706",706,2038,10,14.6267523857434,21.589010056567
"707",707,2038,11,3.83463175302409,7.29608053195856
"708",708,2038,12,0.975494646099748,2.05829312307738
"709",709,2039,1,1.01047788965864,2.1699000774815
"710",710,2039,2,3.18856504956263,6.23087108985913
"711",711,2039,3,9.61177291452353,17.0783834058237
"712",712,2039,4,25.7809013273718,32.8558334878641
"713",713,2039,5,35.0912132997554,42.5737936073022
"714",714,2039,6,37.3310570462711,48.6366173762553
"715",715,2039,7,28.1973429949764,42.799692566065
"716",716,2039,8,30.848501906068,40.2687601970751
"717",717,2039,9,32.280453452525,35.9598398511593
"718",718,2039,10,13.561610988908,20.3722230161969
"719",719,2039,11,3.00051422227424,5.67935388468453
"720",720,2039,12,0.876869623386361,1.99734733740367
"721",721,2040,1,0.568111334949004,1.05551757334088
"722",722,2040,2,2.94897354746872,5.91849199649414
"723",723,2040,3,10.1769968344641,16.5646155914019
"724",724,2040,4,19.4228884322546,28.9121728957303
"725",725,2040,5,32.5207787689556,42.6591065482846
"726",726,2040,6,38.5723240153063,46.0427990965843
"727",727,2040,7,33.0410363247335,42.7239987742978
"728",728,2040,8,31.5354276400322,38.4387880844715
"729",729,2040,9,33.389817825974,36.7369616999252
"730",730,2040,10,15.3797590962069,22.6924825504906
"731",731,2040,11,3.64659508961132,8.05248858461194
"732",732,2040,12,0.809770423381012,1.89810410944693
"733",733,2041,1,0.786471074594666,1.61552173676007
"734",734,2041,2,2.7163332170341,5.48001355911124
"735",735,2041,3,8.42293204741042,12.8263598884207
"736",736,2041,4,20.2904020694131,28.1962730420209
"737",737,2041,5,21.7638116421249,37.1305661074056
"738",738,2041,6,33.5086130771218,43.3807596981063
"739",739,2041,7,28.236928093665,41.0515768942647
"740",740,2041,8,29.4933086946096,38.4306832925853
"741",741,2041,9,26.7203479390032,32.824231724884
"742",742,2041,10,17.1534900867063,23.6939020203841
"743",743,2041,11,2.46142639443067,5.91024637941688
"744",744,2041,12,0.858607881608179,1.89823134526689
"745",745,2042,1,0.976555140987164,1.77470029176149
"746",746,2042,2,3.80291964742552,8.22640470436752
"747",747,2042,3,6.3052790798993,11.2547361996574
"748",748,2042,4,28.4354469689191,28.2940345605742
"749",749,2042,5,28.5783553145668,36.6536483922336
"750",750,2042,6,29.9561549879372,43.7631780258802
"751",751,2042,7,31.7790952502669,44.3012911449978
"752",752,2042,8,29.2108944225334,38.4812693234379
"753",753,2042,9,26.7596542206896,33.8553349450805
"754",754,2042,10,9.30472876354565,18.8132165580902
"755",755,2042,11,3.6936205902902,6.71389312732002
"756",756,2042,12,0.644799509938976,1.49413612826414
"757",757,2043,1,0.996438341488434,1.85728556222258
"758",758,2043,2,2.36152597162804,4.81345903247012
"759",759,2043,3,7.22196477959795,12.7006311866603
"760",760,2043,4,17.8254861769836,24.9327912542694
"761",761,2043,5,37.4842928016867,40.2465102882758
"762",762,2043,6,33.3496415021763,43.1510564239691
"763",763,2043,7,23.3955088307343,37.6740521770646
"764",764,2043,8,27.2875107728063,36.0713493617462
"765",765,2043,9,25.467923954097,32.9848333644004
"766",766,2043,10,13.1398326856638,20.2769063263273
"767",767,2043,11,2.90391414072797,5.75175886554061
"768",768,2043,12,0.86227682976562,1.70420447341125
"769",769,2044,1,1.27615442213195,2.18848616728803
"770",770,2044,2,3.0084421058044,5.82544285069047
"771",771,2044,3,11.5693625106085,16.771908906861
"772",772,2044,4,15.5891990170686,26.8263990936947
"773",773,2044,5,29.9404857509314,37.6222958847409
"774",774,2044,6,31.0661122483017,42.0226676023482
"775",775,2044,7,37.1280043018164,43.7877497723337
"776",776,2044,8,28.7049415423276,37.0684589006717
"777",777,2044,9,24.3104482368027,30.6833170154343
"778",778,2044,10,18.025526303839,22.6170011350341
"779",779,2044,11,3.46072313588719,6.14336825381232
"780",780,2044,12,0.934424213348442,2.02122390593579
"781",781,2045,1,1.27803222414287,2.28002462302871
"782",782,2045,2,2.60149628853518,5.00460617424217
"783",783,2045,3,9.08323159544843,14.8626834247782
"784",784,2045,4,19.740979238434,26.9258005669822
"785",785,2045,5,32.7959479441189,37.9878133491405
"786",786,2045,6,39.8841450937265,44.8985736584004
"787",787,2045,7,31.8108969932688,42.6293950190066
"788",788,2045,8,25.4988009038541,34.4113217471401
"789",789,2045,9,28.6844018536812,34.2013065912307
"790",790,2045,10,14.7668858207718,21.1029324033168
"791",791,2045,11,4.562124949995,8.11339048251455
"792",792,2045,12,0.630451865594697,1.39798526492567
"793",793,2046,1,1.35295523620074,2.40787979092769
"794",794,2046,2,2.41166073623067,5.09495601688828
"795",795,2046,3,7.90580496466741,13.4150246694992
"796",796,2046,4,21.2373015963682,25.7259038115247
"797",797,2046,5,28.6452990188584,37.7139953174524
"798",798,2046,6,35.5460719464279,45.6561482882405
"799",799,2046,7,28.825909266946,38.3260409293826
"800",800,2046,8,30.9472933668162,38.9577507293226
"801",801,2046,9,28.5203891849198,33.4026089664718
"802",802,2046,10,18.5511766741199,23.1566527189156
"803",803,2046,11,3.49078013030789,6.73619372226354
"804",804,2046,12,0.774295941274471,1.85687462130699
"805",805,2047,1,0.850537693733662,1.67408258098821
"806",806,2047,2,3.04724486687595,5.88887798930299
"807",807,2047,3,9.1043704896559,13.6415322856729
"808",808,2047,4,27.8335888650731,30.122652957647
"809",809,2047,5,31.7435571670587,41.1416413749562
"810",810,2047,6,30.5263588134293,43.6158455860971
"811",811,2047,7,28.7349166810128,41.4175231374179
"812",812,2047,8,26.2083084276636,36.0685293135297
"813",813,2047,9,23.7430214774103,31.404640378604
"814",814,2047,10,22.3993274400915,25.6778554492531
"815",815,2047,11,3.16887111305814,6.50447094306758
"816",816,2047,12,0.613131089624097,1.49434370447967
"817",817,2048,1,0.775824407537697,1.53344254589966
"818",818,2048,2,2.41911943380252,5.12904633846127
"819",819,2048,3,7.72850481915067,14.6124495123122
"820",820,2048,4,26.9716479121163,29.7348635745252
"821",821,2048,5,34.9032706633809,39.9219335903091
"822",822,2048,6,27.3904901412578,40.884972687043
"823",823,2048,7,26.768076224786,38.7806245850246
"824",824,2048,8,26.8099860337148,36.8366881089506
"825",825,2048,9,27.4629578868415,33.5744643238917
"826",826,2048,10,12.4115114219897,19.2961213555427
"827",827,2048,11,5.67070758967259,8.51483108284133
"828",828,2048,12,0.718211738426406,1.68489050307105
"829",829,2049,1,0.91490890347063,1.80945615469117
"830",830,2049,2,1.61044710018422,3.23223079424449
"831",831,2049,3,8.75350703002331,12.850392876813
"832",832,2049,4,17.4258565429996,27.6037301176993
"833",833,2049,5,28.4142582548916,40.1935384152682
"834",834,2049,6,24.5403169200938,42.5668318379251
"835",835,2049,7,30.3261486838591,44.2306846639016
"836",836,2049,8,29.5796130621922,39.932330526086
"837",837,2049,9,27.2533818393961,34.1937703026727
"838",838,2049,10,19.3879988284495,23.8557343537446
"839",839,2049,11,2.54372219590538,5.5493017392832
"840",840,2049,12,1.00847150465079,2.08156634322433
"841",841,2050,1,1.19587193010574,2.42579747277757
"842",842,2050,2,3.07222062903187,6.00159003958055
"843",843,2050,3,9.58832342031358,15.2081967986099
"844",844,2050,4,14.3687525914159,27.0236097599317
"845",845,2050,5,31.0668540290349,39.3183251521946
"846",846,2050,6,26.8958024508664,41.8642640597213
"847",847,2050,7,24.9624585555372,39.6050637099713
"848",848,2050,8,31.4483019504698,42.3577990381676
"849",849,2050,9,26.776522002669,34.1517813609965
"850",850,2050,10,15.9209092256299,23.1552684282912
"851",851,2050,11,2.93106573162798,6.6428246916691
"852",852,2050,12,0.253086933890701,0.751791559869333
"853",853,2051,1,0.688167498317002,1.48073313299468
"854",854,2051,2,2.80501851061023,6.11604279601994
"855",855,2051,3,7.24780927644898,13.117809506781
"856",856,2051,4,19.8853383360556,24.7625739054433
"857",857,2051,5,45.3004544587662,43.3002292386982
"858",858,2051,6,31.4794572689586,42.9399954579193
"859",859,2051,7,24.5860361105828,38.1706283737628
"860",860,2051,8,25.3549961088933,34.5693094713305
"861",861,2051,9,26.6356271192138,32.5005808856433
"862",862,2051,10,14.1407419573453,19.5793907882485
"863",863,2051,11,3.62214616988127,6.10036398573762
"864",864,2051,12,0.78173186382843,1.62156084361102
"865",865,2052,1,0.916240748640102,1.83922370093618
"866",866,2052,2,3.39472816222102,6.87902229207882
"867",867,2052,3,7.00275985621371,12.2104245298072
"868",868,2052,4,21.0039643186071,27.0562967231847
"869",869,2052,5,34.3299347411154,39.3688247844739
"870",870,2052,6,33.4949496678078,47.7093847764953
"871",871,2052,7,22.6093696241148,38.909117252643
"872",872,2052,8,26.3764108398053,36.1228597015543
"873",873,2052,9,26.1080204456003,33.7713534162101
"874",874,2052,10,15.4967219927432,21.4313167543467
"875",875,2052,11,3.68988957896722,6.98527249170211
"876",876,2052,12,0.601006273169489,1.4656333003541
"877",877,2053,1,0.785680026933409,1.51698705218067
"878",878,2053,2,2.82026172140103,5.86326931420884
"879",879,2053,3,12.2214099746838,14.7969530414891
"880",880,2053,4,19.2192928541376,26.6878927592731
"881",881,2053,5,26.6513719955513,39.2257429153558
"882",882,2053,6,29.0887060823046,40.5911766453367
"883",883,2053,7,27.3889881452208,37.8450293753311
"884",884,2053,8,28.0746437105276,37.1285733513929
"885",885,2053,9,27.5369616496354,33.1434044522649
"886",886,2053,10,18.2145475380074,22.8439396032089
"887",887,2053,11,3.08002966313106,6.19981135412856
"888",888,2053,12,0.602850492065029,1.5154272097185
"889",889,2054,1,1.13718701700289,2.20803571991585
"890",890,2054,2,2.37233334271252,4.75125303763571
"891",891,2054,3,11.4267619302552,14.4553218967366
"892",892,2054,4,13.9984080853793,23.8986491624499
"893",893,2054,5,38.4710668748687,45.1155783261401
"894",894,2054,6,32.3606810040974,45.7203340798124
"895",895,2054,7,25.1118972705752,39.9544295564761
"896",896,2054,8,25.7718638071651,36.9191325239035
"897",897,2054,9,25.64191914932,33.0271300136218
"898",898,2054,10,9.61428423748961,18.432083709218
"899",899,2054,11,4.08822769617917,7.08818748261871
"900",900,2054,12,0.720720838379946,1.47129514441182
"901",901,2055,1,0.910297354338188,1.8775071467635
"902",902,2055,2,2.88500663959428,6.07137962059756
"903",903,2055,3,8.47177547811069,14.4767787097725
"904",904,2055,4,21.0229836765056,29.156109931902
"905",905,2055,5,31.1892243286296,38.2158906001968
"906",906,2055,6,28.0565545886168,38.6210835418177
"907",907,2055,7,25.8843429471019,38.3779566289115
"908",908,2055,8,25.7392795082266,35.8850568540285
"909",909,2055,9,29.435795817141,36.1780581691679
"910",910,2055,10,10.9175545047238,19.7418896607993
"911",911,2055,11,2.42578547716368,5.22446000201937
"912",912,2055,12,0.832321229779728,1.92645484056474
"913",913,2056,1,0.771613975479435,1.5213639912095
"914",914,2056,2,4.74157397483212,8.95746088488929
"915",915,2056,3,8.32827537950272,16.0265930515218
"916",916,2056,4,17.8401157382299,27.1776135793027
"917",917,2056,5,27.9543674203136,38.3382417373647
"918",918,2056,6,24.1602886042264,40.3308033425788
"919",919,2056,7,24.1299821987233,38.5360877811136
"920",920,2056,8,23.5532460636978,34.8918987894215
"921",921,2056,9,22.7661527029403,31.2382781281887
"922",922,2056,10,13.963737404694,21.553967097556
"923",923,2056,11,2.66435368052004,5.93843208488901
"924",924,2056,12,0.836034129311108,1.83641460941836
"925",925,2057,1,0.87675030276882,1.72422328632416
"926",926,2057,2,4.11090720744273,8.1083461696234
"927",927,2057,3,8.26608200609409,14.330828528622
"928",928,2057,4,15.9646093239425,26.9694533481531
"929",929,2057,5,21.9594419856239,38.9440359064892
"930",930,2057,6,24.3306067431724,43.014003160729
"931",931,2057,7,21.0951925576127,38.635178442673
"932",932,2057,8,26.9798150122653,38.2185029062256
"933",933,2057,9,24.670695614523,32.8138511370365
"934",934,2057,10,15.6423169790345,21.9019662575308
"935",935,2057,11,1.32440977461075,3.98577036995134
"936",936,2057,12,0.924415993807618,1.89500539130514
"937",937,2058,1,1.32553241293609,2.44326778865807
"938",938,2058,2,2.32866478591519,5.08589953661453
"939",939,2058,3,7.40168543024319,11.7256523557003
"940",940,2058,4,17.479540549648,27.7849911746513
"941",941,2058,5,24.901075239379,37.9735542513402
"942",942,2058,6,26.5602187031137,41.8552770580892
"943",943,2058,7,24.9972217706704,40.3642716016547
"944",944,2058,8,23.7915945528041,34.9514691502659
"945",945,2058,9,19.5383602631403,28.8537863606777
"946",946,2058,10,13.2846109367211,20.5914064974027
"947",947,2058,11,3.3040051494123,6.109329265142
"948",948,2058,12,0.866424465293681,1.81055299562936
"949",949,2059,1,1.24678720668722,2.40147695281666
"950",950,2059,2,2.25528420821954,4.70498065413475
"951",951,2059,3,7.89975446272133,14.1317085348743
"952",952,2059,4,22.207675239675,27.0265932001033
"953",953,2059,5,26.6720239638739,33.7740907633416
"954",954,2059,6,46.7269796560311,47.2845730416128
"955",955,2059,7,37.2803637950235,46.6544481255593
"956",956,2059,8,29.4974312512556,38.7811388031672
"957",957,2059,9,23.9537724480335,31.8764402539009
"958",958,2059,10,12.1708248029718,19.5300336028902
"959",959,2059,11,3.79756158745258,6.67378589504642
"960",960,2059,12,0.830973485047605,1.68816558505301
"961",961,2060,1,0.703076403601595,1.16451850302522
"962",962,2060,2,2.62814414792544,5.50528996439591
"963",963,2060,3,7.09844561431113,12.3714137878792
"964",964,2060,4,17.9892652081382,27.5834181325485
"965",965,2060,5,30.5968649793922,41.4829284564981
"966",966,2060,6,31.8976214050048,45.9508082778326
"967",967,2060,7,22.2809682339728,36.122511762409
"968",968,2060,8,26.8352155729384,37.1120678449712
"969",969,2060,9,30.6094184768757,37.0728793486451
"970",970,2060,10,10.6452310905795,17.8583948274044
"971",971,2060,11,3.18011640367158,6.23349032412412
"972",972,2060,12,0.860312114684827,1.94451331679832
"973",973,2061,1,0.422051364255539,0.769716532544259
"974",974,2061,2,1.95719249841895,4.36455231576873
"975",975,2061,3,7.718996846232,14.3229444093854
"976",976,2061,4,18.9373410026276,25.9760692840784
"977",977,2061,5,23.2513669143633,38.33340364312
"978",978,2061,6,32.9921866332913,46.4308622620588
"979",979,2061,7,22.9330627483754,38.833502642328
"980",980,2061,8,22.8943221782988,34.4556474282326
"981",981,2061,9,21.3319249390213,30.696169897757
"982",982,2061,10,12.2862578227645,20.7411732820513
"983",983,2061,11,3.75446697950093,6.55128286175607
"984",984,2061,12,1.03687138410684,2.16698125840978
"985",985,2062,1,1.12492227011472,2.29600689208957
"986",986,2062,2,2.79127738863473,5.64725081887388
"987",987,2062,3,8.94488658908028,16.7396393857789
"988",988,2062,4,19.0349841544208,30.2829583739563
"989",989,2062,5,26.1579401528355,39.7587736381709
"990",990,2062,6,32.094813936083,45.0363789242125
"991",991,2062,7,25.2217622176902,39.7226771801716
"992",992,2062,8,28.0422251622016,37.6098371886412
"993",993,2062,9,23.1546589634581,29.6836163202029
"994",994,2062,10,14.6249899892031,20.3631832794693
"995",995,2062,11,4.73340903651152,7.67070648104773
"996",996,2062,12,0.892985079279388,1.67668025796752
"997",997,2063,1,1.24454848692552,2.38485324910723
"998",998,2063,2,5.09877616753223,9.05665172321678
"999",999,2063,3,12.0126823193146,17.3920025248855
"1000",1000,2063,4,22.3672173498193,29.9540322059612
"1001",1001,2063,5,34.6148035564839,41.6516932031036
"1002",1002,2063,6,30.1062529172935,42.4115411750871
"1003",1003,2063,7,25.8095343012348,40.5513448328962
"1004",1004,2063,8,29.0030764669299,37.1497965569067
"1005",1005,2063,9,24.0205425919589,31.4375639617706
"1006",1006,2063,10,14.0017951919289,21.322198660403
"1007",1007,2063,11,4.98045020464897,8.09501805436926
"1008",1008,2063,12,1.02646973155401,2.26611169337081
"1009",1009,2064,1,0.568409237745513,1.17405673352996
"1010",1010,2064,2,4.11726574861486,7.99627983770259
"1011",1011,2064,3,11.1708884055305,17.3555676758978
"1012",1012,2064,4,24.6365332030926,33.0090096836582
"1013",1013,2064,5,23.7215505882691,40.0885597684756
"1014",1014,2064,6,18.9002892850958,38.9884266080618
"1015",1015,2064,7,20.3577195490085,37.1356908934926
"1016",1016,2064,8,23.0249299434489,33.1382483425937
"1017",1017,2064,9,22.2107125860849,30.7548006319573
"1018",1018,2064,10,9.25058472612377,17.9717434601202
"1019",1019,2064,11,3.08337844823559,5.84409017150294
"1020",1020,2064,12,0.729879609234255,1.69472088217826
"1021",1021,2065,1,0.735813154596213,1.25569935829519
"1022",1022,2065,2,2.52753364740068,5.12185354284952
"1023",1023,2065,3,8.91671017779447,14.9130384210656
"1024",1024,2065,4,19.464271230269,27.4348053067979
"1025",1025,2065,5,32.7616156026607,37.7340898337638
"1026",1026,2065,6,41.210336726939,47.9103891436978
"1027",1027,2065,7,27.1866959206598,40.717338867351
"1028",1028,2065,8,26.0625678267581,34.7515180453889
"1029",1029,2065,9,29.6480334315112,34.8894366777436
"1030",1030,2065,10,17.1797659506887,22.7687169316335
"1031",1031,2065,11,2.49799913750906,5.39515017331019
"1032",1032,2065,12,0.747481939417966,1.49044621910369
"1033",1033,2066,1,0.522335545158974,0.85874103630393
"1034",1034,2066,2,5.07230529655085,8.84542766366895
"1035",1035,2066,3,9.44759292940251,16.3603893474344
"1036",1036,2066,4,31.0697301835978,28.3116411303107
"1037",1037,2066,5,29.1049515799574,38.7327605305465
"1038",1038,2066,6,38.6153635261101,47.9061764976855
"1039",1039,2066,7,35.8141447683534,44.1950935666607
"1040",1040,2066,8,30.6024688969182,38.2582964337372
"1041",1041,2066,9,30.7584169886926,34.9813005285661
"1042",1042,2066,10,14.5428710966073,19.6983325039993
"1043",1043,2066,11,3.23611474474672,5.66493012181696
"1044",1044,2066,12,1.493472796771,2.64510327631749
"1045",1045,2067,1,1.25453161900236,2.33953900739159
"1046",1046,2067,2,3.06794662016952,5.67825455114921
"1047",1047,2067,3,11.5703002493585,18.8095809682817
"1048",1048,2067,4,21.4376121598534,28.4424427566361
"1049",1049,2067,5,30.9819859428336,39.3142142014655
"1050",1050,2067,6,41.0331592277076,45.4611343722134
"1051",1051,2067,7,30.1524932801139,38.8032124373733
"1052",1052,2067,8,31.4555951937119,38.2632629134776
"1053",1053,2067,9,34.2162416699848,37.4265692083094
"1054",1054,2067,10,13.7717955211548,20.5404062044306
"1055",1055,2067,11,3.54187106276393,6.33745991909901
"1056",1056,2067,12,0.811624305823378,1.60492629142443
"1057",1057,2068,1,1.35568269031073,2.63593258301171
"1058",1058,2068,2,4.21960186700851,7.78715007202563
"1059",1059,2068,3,13.4015660206657,15.5314446605289
"1060",1060,2068,4,17.6627220704036,27.1107716311013
"1061",1061,2068,5,28.4083634797705,37.5584112460028
"1062",1062,2068,6,31.1920290464055,43.3333582345026
"1063",1063,2068,7,29.6367466746835,39.6342018495212
"1064",1064,2068,8,30.1241075211903,37.6745385718977
"1065",1065,2068,9,27.2434849714586,32.8779502334707
"1066",1066,2068,10,10.1980839042194,17.188964727181
"1067",1067,2068,11,4.03708011802669,7.37314696234463
"1068",1068,2068,12,1.11556899475167,2.19374283000924
"1069",1069,2069,1,0.782262121805065,1.24756861505387
"1070",1070,2069,2,2.93681435609666,5.62083274896901
"1071",1071,2069,3,8.35724579961292,14.5286904207381
"1072",1072,2069,4,22.0108156825091,26.9406822355868
"1073",1073,2069,5,21.6456475809476,34.5815464540706
"1074",1074,2069,6,22.6150772956021,39.8941186950832
"1075",1075,2069,7,26.6146728491446,42.7106222581022
"1076",1076,2069,8,23.0999483397557,32.3430568895126
"1077",1077,2069,9,24.7725690985031,32.3326974022673
"1078",1078,2069,10,19.5614509786467,23.443195342491
"1079",1079,2069,11,2.41751694351202,5.52245266784811
"1080",1080,2069,12,0.840833844529524,1.85129013130289
"1081",1081,2070,1,0.945753051747472,1.76468118372833
"1082",1082,2070,2,3.1994974101305,6.25667479500361
"1083",1083,2070,3,9.26206024448861,16.4774267474846
"1084",1084,2070,4,22.5536664226526,28.8021964619757
"1085",1085,2070,5,40.3981849310318,41.1874347992017
"1086",1086,2070,6,32.0072629092864,43.0224927449489
"1087",1087,2070,7,25.0498437561949,40.1323181487131
"1088",1088,2070,8,22.8204947444319,32.4465864395312
"1089",1089,2070,9,21.1667836914105,30.9295886058782
"1090",1090,2070,10,14.5370958030297,20.6491720803201
"1091",1091,2070,11,4.10634805665643,6.57420020951914
"1092",1092,2070,12,0.836439809381188,1.58575397042412
"1093",1093,2071,1,1.42101985764826,2.40283573870554
"1094",1094,2071,2,4.53336129340045,8.16213645218866
"1095",1095,2071,3,9.91172370824633,16.9068992092549
"1096",1096,2071,4,22.6430368738767,29.0224233290393
"1097",1097,2071,5,43.8533263854514,38.0300336854793
"1098",1098,2071,6,51.2626425754113,48.1756663339746
"1099",1099,2071,7,39.4226814077011,46.5201078038455
"1100",1100,2071,8,29.8611890927423,37.5518553803375
"1101",1101,2071,9,26.1759889113598,32.2213443132992
"1102",1102,2071,10,13.285462617154,20.0242022975059
"1103",1103,2071,11,3.88440271902063,7.21549363271852
"1104",1104,2071,12,1.24914923794008,2.19992639009853
"1105",1105,2072,1,0.956202535255742,1.56177394731215
"1106",1106,2072,2,3.17530207513205,5.63065522076744
"1107",1107,2072,3,10.2413114710403,14.3812985149254
"1108",1108,2072,4,17.9765901434869,27.9280679291526
"1109",1109,2072,5,30.5368311287916,39.3188953323859
"1110",1110,2072,6,43.2238841503981,47.2244996291309
"1111",1111,2072,7,29.3478381575019,39.336889023213
"1112",1112,2072,8,31.8893445585665,39.1425033602607
"1113",1113,2072,9,26.7512445707893,32.4909287856404
"1114",1114,2072,10,12.9329460318676,19.328863819351
"1115",1115,2072,11,4.06315047538069,7.10773030720439
"1116",1116,2072,12,0.93487955284329,1.97792542529556
"1117",1117,2073,1,1.28756564560588,2.18130652806367
"1118",1118,2073,2,1.7070247265307,3.58381857942956
"1119",1119,2073,3,8.21011441598533,13.6606923253302
"1120",1120,2073,4,16.3550969641358,25.7580087100651
"1121",1121,2073,5,32.5720397552039,41.7607483426683
"1122",1122,2073,6,25.5391430757393,40.637940465744
"1123",1123,2073,7,20.2820751043885,39.2774991268303
"1124",1124,2073,8,23.9956363296252,34.8972216679791
"1125",1125,2073,9,27.153443669138,35.0384712716498
"1126",1126,2073,10,18.5079319469862,23.3428676580335
"1127",1127,2073,11,3.60267927731991,6.63225450355065
"1128",1128,2073,12,0.602262644225217,1.46958017025252
"1129",1129,2074,1,1.29413846659824,2.55050118460152
"1130",1130,2074,2,3.4004550466121,6.81132596336394
"1131",1131,2074,3,8.4414247134527,13.2164716309774
"1132",1132,2074,4,22.0154267038673,27.9691887159197
"1133",1133,2074,5,31.7746253137228,37.8121982702922
"1134",1134,2074,6,35.900231803136,42.6439887292047
"1135",1135,2074,7,31.2451451631522,41.9614344822433
"1136",1136,2074,8,28.2953638540979,36.7765651224844
"1137",1137,2074,9,32.4291783124481,36.7325161868254
"1138",1138,2074,10,13.2260546721326,19.6140815996374
"1139",1139,2074,11,3.98142695750875,6.44020036540398
"1140",1140,2074,12,0.839999824069011,1.76648237458246
"1141",1141,2075,1,0.843693715495823,1.62255929650704
"1142",1142,2075,2,3.18193800836862,6.25035872524084
"1143",1143,2075,3,10.3090150240424,16.6107415393773
"1144",1144,2075,4,17.1326821614411,26.8722199302956
"1145",1145,2075,5,36.5816602636296,41.4832518955302
"1146",1146,2075,6,28.2354738995961,39.5199166464583
"1147",1147,2075,7,31.9065813909795,41.9480833912591
"1148",1148,2075,8,33.5520453159987,40.8465549425834
"1149",1149,2075,9,23.8558109283394,30.0400804754439
"1150",1150,2075,10,18.6267541973552,22.4186423398169
"1151",1151,2075,11,4.35605068185781,7.50695708521137
"1152",1152,2075,12,0.970478062175222,2.12114650577528
"1153",1153,2076,1,1.02056058558907,2.22461994847542
"1154",1154,2076,2,2.85817738476709,5.17059830929626
"1155",1155,2076,3,9.58793520239484,16.9199410445737
"1156",1156,2076,4,22.7734466762931,30.7892762012278
"1157",1157,2076,5,30.5001069527339,40.6976931233883
"1158",1158,2076,6,21.6971549927201,39.3850285921058
"1159",1159,2076,7,21.7485862453639,36.0963988385088
"1160",1160,2076,8,27.1073083032696,36.3339777972879
"1161",1161,2076,9,28.8545327644406,34.3247078379246
"1162",1162,2076,10,15.2294678815946,22.3261616761129
"1163",1163,2076,11,3.98117081294861,7.67006592460204
"1164",1164,2076,12,1.26659067093776,2.92161509667981
"1165",1165,2077,1,0.690833675855452,1.37279141846301
"1166",1166,2077,2,2.46910460974742,5.2862281688519
"1167",1167,2077,3,6.61570159384038,12.1899110211798
"1168",1168,2077,4,23.5223851349687,23.2807250995545
"1169",1169,2077,5,21.1507146840946,35.8209176347073
"1170",1170,2077,6,31.4550995816348,43.9378171225039
"1171",1171,2077,7,28.3452897093,42.6761316868467
"1172",1172,2077,8,24.4991048166559,35.0294767272932
"1173",1173,2077,9,27.0816101284959,34.8218055026628
"1174",1174,2077,10,10.7487361773389,20.028063178753
"1175",1175,2077,11,2.98858744694736,5.76281143883644
"1176",1176,2077,12,0.40454268246115,1.03091213607356
"1177",1177,2078,1,1.1786701695903,2.19368773703617
"1178",1178,2078,2,3.58180012503798,7.28723644958087
"1179",1179,2078,3,7.23530397425965,12.7831896826199
"1180",1180,2078,4,17.6357721446881,23.8750330836155
"1181",1181,2078,5,31.6523390728655,38.9601521215003
"1182",1182,2078,6,23.4784854170259,40.9212686423272
"1183",1183,2078,7,23.0297944070897,41.4949950653698
"1184",1184,2078,8,21.4539000398055,33.3311700971523
"1185",1185,2078,9,26.3226822816976,33.8085128468711
"1186",1186,2078,10,14.8319270771359,20.2861527942563
"1187",1187,2078,11,3.50162812668683,6.16902795085564
"1188",1188,2078,12,1.22014261078958,2.43018291489279
"1189",1189,2079,1,0.774150369792741,1.43953204671911
"1190",1190,2079,2,3.39442943175615,6.93566062715353
"1191",1191,2079,3,9.60563050730242,18.1429612754694
"1192",1192,2079,4,18.5925422890922,29.4920344706161
"1193",1193,2079,5,23.5010452261082,37.1073238439862
"1194",1194,2079,6,29.3710819268145,40.4184203012043
"1195",1195,2079,7,30.9443502463645,42.4919187614672
"1196",1196,2079,8,29.8875649088934,39.6309179523223
"1197",1197,2079,9,28.6560086462942,34.1689966079276
"1198",1198,2079,10,12.8945666787915,19.9889460700139
"1199",1199,2079,11,5.25611298947476,8.82658563190442
"1200",1200,2079,12,0.804174241027221,1.92371115218329
"1201",1201,2080,1,0.662838240702387,1.43814233185847
"1202",1202,2080,2,2.72657698737382,5.3207018683095
"1203",1203,2080,3,9.96423780878847,16.2487065219309
"1204",1204,2080,4,11.609619965794,27.6822551915539
"1205",1205,2080,5,31.7250128295426,39.7107978985409
"1206",1206,2080,6,33.2223988748265,45.4412470203762
"1207",1207,2080,7,24.3490203105049,39.6607365131362
"1208",1208,2080,8,25.4167814269492,36.942261990369
"1209",1209,2080,9,29.3312584800515,35.2992590185074
"1210",1210,2080,10,14.3396019177529,20.6551327043623
"1211",1211,2080,11,2.82342214804117,5.93226548648824
"1212",1212,2080,12,0.631668451073984,1.51195273826494
"1213",1213,2081,1,0.676236065272077,1.2335451726865
"1214",1214,2081,2,2.01934760144463,4.76682547782696
"1215",1215,2081,3,7.47527202305382,13.4427076904754
"1216",1216,2081,4,31.0714297847188,28.8588622515418
"1217",1217,2081,5,23.3004706595693,33.9099669438673
"1218",1218,2081,6,31.8037256064999,44.0068485309996
"1219",1219,2081,7,28.328371826839,43.0523438964128
"1220",1220,2081,8,27.505036479277,37.3618664702523
"1221",1221,2081,9,25.3759480164476,32.3444040207758
"1222",1222,2081,10,12.9626117277165,19.6270467919902
"1223",1223,2081,11,3.72200916662167,6.5033586627449
"1224",1224,2081,12,0.833165570478726,1.54728375157002
"1225",1225,2082,1,1.10593359531819,2.27861404076643
"1226",1226,2082,2,2.95257824722496,5.71736355072849
"1227",1227,2082,3,7.92268978270182,13.5769639160503
"1228",1228,2082,4,29.016188404065,33.7716643777188
"1229",1229,2082,5,26.113366690895,40.1449186468273
"1230",1230,2082,6,30.3858992545291,44.9198850270895
"1231",1231,2082,7,30.1215850017707,41.0285076379556
"1232",1232,2082,8,32.290948737603,39.0226893592819
"1233",1233,2082,9,37.2081453944611,38.8168802077898
"1234",1234,2082,10,20.2828720151375,24.1679483650459
"1235",1235,2082,11,3.19298126335706,6.14363477252577
"1236",1236,2082,12,0.754676415055001,1.68282113511948
"1237",1237,2083,1,0.800981829534828,1.75713556118232
"1238",1238,2083,2,2.10068817098648,4.32520021730446
"1239",1239,2083,3,9.57913023033316,14.6335141468744
"1240",1240,2083,4,26.2682519585449,31.1048700032336
"1241",1241,2083,5,36.2690329287631,43.9091702391459
"1242",1242,2083,6,37.8726743173985,44.1925953662454
"1243",1243,2083,7,35.9996537074695,43.4582718012842
"1244",1244,2083,8,27.0947935786005,35.1017975369126
"1245",1245,2083,9,37.1435182989282,38.713645093893
"1246",1246,2083,10,18.7250317912796,23.1545634821591
"1247",1247,2083,11,3.91695716125543,7.76885635873347
"1248",1248,2083,12,1.01478407104324,2.30159480331735
"1249",1249,2084,1,0.868929130824989,1.88696491678049
"1250",1250,2084,2,3.39220257921317,7.29886162032221
"1251",1251,2084,3,8.58956068096013,15.308390861152
"1252",1252,2084,4,24.0263666539343,30.9628902218034
"1253",1253,2084,5,28.2689554173325,41.3997332507204
"1254",1254,2084,6,36.2709467304224,49.6225732952262
"1255",1255,2084,7,29.1034526710133,45.3484247529138
"1256",1256,2084,8,25.4901817163779,34.6031195589548
"1257",1257,2084,9,25.2440931356863,32.5070223010253
"1258",1258,2084,10,14.0001415619811,20.8637970649471
"1259",1259,2084,11,4.78231088240778,7.8792301133563
"1260",1260,2084,12,0.59053067083045,1.47948416906295
"1261",1261,2085,1,1.22755184717159,2.43659546425955
"1262",1262,2085,2,3.86323942453397,7.71623745740408
"1263",1263,2085,3,10.674015749763,13.9261437168077
"1264",1264,2085,4,19.7748824009507,28.2661679786471
"1265",1265,2085,5,34.1458492526094,40.8606273190435
"1266",1266,2085,6,38.6807135222085,47.2119106511614
"1267",1267,2085,7,25.3573449617366,40.7821536436459
"1268",1268,2085,8,23.7753002387275,32.7895489983623
"1269",1269,2085,9,29.1312362434329,34.8529092158939
"1270",1270,2085,10,15.6869889374647,22.4575884200212
"1271",1271,2085,11,4.84841158476162,8.55451760721797
"1272",1272,2085,12,0.864829939957385,1.87659117695917
"1273",1273,2086,1,0.986993656974547,1.74716627697395
"1274",1274,2086,2,2.26775914366475,4.66939135930052
"1275",1275,2086,3,7.38645227299263,13.6657535754632
"1276",1276,2086,4,21.0778534017361,28.6177057733857
"1277",1277,2086,5,28.8083144685176,42.058415384833
"1278",1278,2086,6,23.0048461853195,42.0325378912558
"1279",1279,2086,7,24.6641073561962,41.0461690617578
"1280",1280,2086,8,30.1925585189462,40.6730784194937
"1281",1281,2086,9,34.6020191671916,38.0458168538279
"1282",1282,2086,10,16.1870930162088,22.1977915683898
"1283",1283,2086,11,3.35791685589909,6.53307190921148
"1284",1284,2086,12,1.34766729906345,2.66797000642894
"1285",1285,2087,1,1.38163490337024,2.60576221761668
"1286",1286,2087,2,3.69611551756509,7.97637360731021
"1287",1287,2087,3,7.81865644948958,13.3671966269703
"1288",1288,2087,4,35.914256477112,31.4024022124138
"1289",1289,2087,5,30.4212945004698,40.4816396741075
"1290",1290,2087,6,29.1653242561168,41.2532239023095
"1291",1291,2087,7,35.1379045776699,45.0774176742487
"1292",1292,2087,8,32.469319084323,40.3028875172714
"1293",1293,2087,9,27.0061988168689,33.0378532218149
"1294",1294,2087,10,15.3516610393759,21.3288021555981
"1295",1295,2087,11,4.04823492008854,7.28165898307512
"1296",1296,2087,12,0.725920379407309,1.65126823174583
"1297",1297,2088,1,0.848457348599425,1.50270899647706
"1298",1298,2088,2,1.26932271131454,2.64118920146038
"1299",1299,2088,3,9.25511932983088,16.5116829002296
"1300",1300,2088,4,16.083518347379,28.7169295922309
"1301",1301,2088,5,31.087836866499,42.4978470213034
"1302",1302,2088,6,45.0515026005341,49.4695644239085
"1303",1303,2088,7,30.8390302312138,44.5498717849449
"1304",1304,2088,8,23.9480690701012,34.3230933132376
"1305",1305,2088,9,25.0821738595768,32.9722880475609
"1306",1306,2088,10,12.3306074868485,19.7443885545177
"1307",1307,2088,11,3.75916918487163,6.83833319452639
"1308",1308,2088,12,1.0527802440427,2.06155295334993
"1309",1309,2089,1,0.616156639447473,1.21168105842487
"1310",1310,2089,2,3.59489513844392,7.06457789561443
"1311",1311,2089,3,9.01843353281204,14.6224063090497
"1312",1312,2089,4,23.4858759337886,32.1745845941552
"1313",1313,2089,5,27.483260043682,40.531017727116
"1314",1314,2089,6,24.6434860778151,40.0002278690314
"1315",1315,2089,7,28.6424918134353,40.6090786200391
"1316",1316,2089,8,27.349595482362,37.2866512910802
"1317",1317,2089,9,28.4520331657841,35.1782632296599
"1318",1318,2089,10,12.8110428357258,20.4962250716762
"1319",1319,2089,11,4.40304039164247,7.3781908753569
"1320",1320,2089,12,1.07745616871592,2.41314107411472
"1321",1321,2090,1,0.560480565369147,1.21734522625796
"1322",1322,2090,2,2.39018990908338,5.12972753806731
"1323",1323,2090,3,9.03097612389353,15.8496129913707
"1324",1324,2090,4,22.0697854061347,32.8747504233354
"1325",1325,2090,5,28.7008130273205,41.9967120689969
"1326",1326,2090,6,24.766769776764,40.4045756641624
"1327",1327,2090,7,27.6982969665858,40.5480498147724
"1328",1328,2090,8,31.1876144226452,40.435777100755
"1329",1329,2090,9,25.4984959553966,32.9196382346504
"1330",1330,2090,10,22.722958155411,25.7791676037594
"1331",1331,2090,11,3.119421490671,6.267958778854
"1332",1332,2090,12,0.859604366091168,2.04331198917469
"1333",1333,2091,1,1.30159889837872,2.77077776053138
"1334",1334,2091,2,2.19502551969849,4.66050859615947
"1335",1335,2091,3,9.68166598366174,17.5773359250955
"1336",1336,2091,4,14.5657763132453,26.8828433638948
"1337",1337,2091,5,41.5246056033399,41.283361752714
"1338",1338,2091,6,30.0198462170306,41.7722664355827
"1339",1339,2091,7,28.4575796230444,45.1648639166336
"1340",1340,2091,8,24.5551497274767,35.4558692488423
"1341",1341,2091,9,24.3215892306788,31.9348796178464
"1342",1342,2091,10,14.368103008854,20.9630036411064
"1343",1343,2091,11,3.5378939917742,6.31126215032709
"1344",1344,2091,12,0.926931432490311,2.25440443809416
"1345",1345,2092,1,1.18769413103184,2.61781383164676
"1346",1346,2092,2,4.45068239465398,7.869588922308
"1347",1347,2092,3,13.2345985503698,18.4506564362773
"1348",1348,2092,4,23.4095078762089,34.8157186608342
"1349",1349,2092,5,25.8808998786742,38.9752047539528
"1350",1350,2092,6,25.2865814822651,40.48396465777
"1351",1351,2092,7,19.7092247380182,39.0263100765825
"1352",1352,2092,8,22.7802289655412,34.2939843409588
"1353",1353,2092,9,29.2202844172743,36.8488376677969
"1354",1354,2092,10,14.0721477619174,20.7360019650778
"1355",1355,2092,11,2.99214203466488,5.61437356084377
"1356",1356,2092,12,1.74661021294575,3.5263241727581
"1357",1357,2093,1,0.766618839368552,1.66866976403032
"1358",1358,2093,2,3.70206202919177,7.78613639530033
"1359",1359,2093,3,8.78068019327292,14.687770517087
"1360",1360,2093,4,21.2357260165573,34.0251097569727
"1361",1361,2093,5,24.465348144974,36.0898161606918
"1362",1362,2093,6,31.5058107793509,42.5867328658499
"1363",1363,2093,7,35.0821886682073,45.5253614787351
"1364",1364,2093,8,29.6260741300158,37.419890289187
"1365",1365,2093,9,28.1792409020007,33.8081012737048
"1366",1366,2093,10,22.2250288829345,24.4661741335993
"1367",1367,2093,11,2.36189883072034,5.22941188172473
"1368",1368,2093,12,1.01034299024771,2.28457012324055
"1369",1369,2094,1,1.64841237671672,3.12855829586307
"1370",1370,2094,2,4.83595435022091,8.70517723850279
"1371",1371,2094,3,9.2470285501909,14.6746792859489
"1372",1372,2094,4,21.1516685465323,27.2989404813966
"1373",1373,2094,5,34.5409760588635,41.5519883858551
"1374",1374,2094,6,25.3961656169045,39.615815881824
"1375",1375,2094,7,23.6244332022374,35.7083961480875
"1376",1376,2094,8,31.9070324560505,39.5710090311149
"1377",1377,2094,9,27.7834857212044,33.4511166427087
"1378",1378,2094,10,13.1017526674297,20.5723609367185
"1379",1379,2094,11,2.74999492398393,5.45945856042396
"1380",1380,2094,12,0.662099054448685,1.50441695146246
"1381",1381,2095,1,1.09057443240754,1.92485133138783
"1382",1382,2095,2,2.82659604780757,5.94258123720825
"1383",1383,2095,3,7.71684425368927,13.9626314823379
"1384",1384,2095,4,18.4216305623649,28.2962446893025
"1385",1385,2095,5,30.2972452186481,41.8835258609406
"1386",1386,2095,6,28.5116053936217,45.5216353797765
"1387",1387,2095,7,27.0338562658281,41.73972482486
"1388",1388,2095,8,29.6410302781947,39.486436466918
"1389",1389,2095,9,36.2308122240448,40.0155105038685
"1390",1390,2095,10,13.7341372015288,21.5135264260015
"1391",1391,2095,11,3.09571689894532,7.15422307649915
"1392",1392,2095,12,0.787532103122335,1.90051592372379
"1393",1393,2096,1,0.768342488401902,1.62320687305344
"1394",1394,2096,2,2.87255361317676,5.82702782017353
"1395",1395,2096,3,10.2812371361606,16.6575679653284
"1396",1396,2096,4,17.0903465084466,26.1495688690416
"1397",1397,2096,5,30.6576895691689,40.5333781437048
"1398",1398,2096,6,31.1199703730356,41.4713581805928
"1399",1399,2096,7,35.7975057732451,45.5494071522696
"1400",1400,2096,8,30.5048263641116,39.68044469329
"1401",1401,2096,9,26.2338145640809,34.1059608206759
"1402",1402,2096,10,13.6239343290519,20.725662857383
"1403",1403,2096,11,3.72558929767111,6.50575726885945
"1404",1404,2096,12,0.751738000053688,1.53041233662298
"1405",1405,2097,1,1.46014074423465,2.67620884683889
"1406",1406,2097,2,2.65683956652984,5.30435639181327
"1407",1407,2097,3,8.48753036420252,14.84229491994
"1408",1408,2097,4,22.6373078759937,28.5585019717268
"1409",1409,2097,5,27.6373689952681,36.8947061040256
"1410",1410,2097,6,33.6736420489674,47.0430871392931
"1411",1411,2097,7,27.55956670696,41.7477196021887
"1412",1412,2097,8,31.8207221188866,41.6751072334251
"1413",1413,2097,9,28.8801775658887,35.0677112294309
"1414",1414,2097,10,16.8130147447972,23.2729273795295
"1415",1415,2097,11,2.9482749723598,6.0236394567518
"1416",1416,2097,12,0.611150640304941,1.41143373232131
"1417",1417,2098,1,1.4003371485046,2.61256424529517
"1418",1418,2098,2,2.52913965947328,5.50805543015102
"1419",1419,2098,3,8.50729026955276,14.7710049947592
"1420",1420,2098,4,22.8743625723544,28.4831158300307
"1421",1421,2098,5,30.2904052192285,41.4579825641697
"1422",1422,2098,6,26.136198547582,43.6915612417819
"1423",1423,2098,7,22.9645630938537,39.7067632281158
"1424",1424,2098,8,32.3706336508592,42.6916936884162
"1425",1425,2098,9,35.3567659915214,39.1329255901517
"1426",1426,2098,10,17.2304098838824,24.0521864572977
"1427",1427,2098,11,3.07371995480803,6.95497512723074
"1428",1428,2098,12,0.688886295645874,1.78841143557547
"1429",1429,2099,1,0.74876555937634,1.52913568846844
"1430",1430,2099,2,2.78607300732799,6.1960397064441
"1431",1431,2099,3,7.15045431098973,14.3085894323748
"1432",1432,2099,4,21.1980173863694,27.691274924299
"1433",1433,2099,5,33.6050612804283,35.8510315281083
"1434",1434,2099,6,40.3690818285824,45.8995895546274
"1435",1435,2099,7,29.7878453455966,41.9093226304505
"1436",1436,2099,8,27.1411620089196,35.9388814983775
"1437",1437,2099,9,23.1324583345015,30.7034175299129
"1438",1438,2099,10,11.5025220104901,19.456980297063
"1439",1439,2099,11,2.2369229334318,5.44848671051966
"1440",1440,2099,12,0.672464481419163,1.39395382681925
